{
"type": "FeatureCollection",
"name": "cuenca_neuquen",
"crs": { "type": "name", "properties": { "name": "urn:ogc:def:crs:OGC:1.3:CRS84" } },
"features": [
{ "type": "Feature", "properties": { "gid": 41369, "entidad": 3.0, "objeto": "Espejo de agua perenne", "fna": "Lago Nahuel Huapi", "gna": "Lago", "nam": "Nahuel Huapi", "sag": "IGN" }, "geometry": { "type": "Polygon", "coordinates": [ [ [ -71.461185326999953, -41.0 ], [ -71.461774218999949, -41.0 ], [ -71.480997883999976, -41.0 ], [ -71.48462656199996, -41.0 ], [ -71.488497945999939, -41.0 ], [ -71.494176034999953, -41.0 ], [ -71.494213983999941, -40.99989908699996 ], [ -71.494247374999986, -40.999784019999936 ], [ -71.494243782999945, -40.999688810999942 ], [ -71.494290100999933, -40.999582992999933 ], [ -71.494348266999964, -40.999457861999929 ], [ -71.494382734999988, -40.999371356999973 ], [ -71.494390991999978, -40.999256834999983 ], [ -71.494523480999987, -40.999101507999967 ], [ -71.494571952999934, -40.99905281499997 ], [ -71.494694747999972, -40.998973925999962 ], [ -71.494765119999954, -40.998839000999965 ], [ -71.494847339999978, -40.998684761999982 ], [ -71.494954693999944, -40.998529978999954 ], [ -71.495013934999974, -40.998433408999972 ], [ -71.495048401999952, -40.998346904999948 ], [ -71.495044450999956, -40.998242174999973 ], [ -71.495039780999946, -40.998118403999968 ], [ -71.495097943999951, -40.997993271999974 ], [ -71.495156106999957, -40.99786813999998 ], [ -71.495114454999964, -40.997764225999958 ], [ -71.495135277999964, -40.997649431999946 ], [ -71.495245861999933, -40.997580335999942 ], [ -71.495364701999961, -40.997396716999958 ], [ -71.495409937999966, -40.997262335999949 ], [ -71.495405626999968, -40.997148085999982 ], [ -71.495449784999948, -40.996985141999971 ], [ -71.495558930999948, -40.996877962999974 ], [ -71.495665560999953, -40.996704136999938 ], [ -71.495809170999962, -40.996510452999985 ], [ -71.495924413999944, -40.99623162499995 ], [ -71.496005550999939, -40.996048822999967 ], [ -71.496112537999977, -40.995884517999968 ], [ -71.496206958999949, -40.995720484999936 ], [ -71.496289171999933, -40.995566244999964 ], [ -71.496371024999974, -40.995402483999953 ], [ -71.49639220399996, -40.995297209999933 ], [ -71.496423433999951, -40.995125016999964 ], [ -71.496516414999974, -40.994922899999949 ], [ -71.49667581999995, -40.99481463099994 ], [ -71.496812607999971, -40.99477355199997 ], [ -71.496956929999953, -40.994598907999944 ], [ -71.497088685999984, -40.99442453599994 ], [ -71.497343941999986, -40.994190314999969 ], [ -71.497574064999981, -40.993956638999975 ], [ -71.497694329999945, -40.993811101999938 ], [ -71.497863059999986, -40.993616869999983 ], [ -71.497996968999985, -40.993499622999934 ], [ -71.498144521999961, -40.993410665999932 ], [ -71.498289196999963, -40.993245540999965 ], [ -71.498372840999934, -40.993129382999939 ], [ -71.498458282999934, -40.993060829999934 ], [ -71.498643530999971, -40.992971053999952 ], [ -71.498827699999936, -40.992852715999959 ], [ -71.498949038999967, -40.992735739999944 ], [ -71.499058532999982, -40.99263807799997 ], [ -71.499141814999973, -40.992512398999963 ], [ -71.499186680999969, -40.992368495999983 ], [ -71.499181643999975, -40.99223520399994 ], [ -71.499151476999941, -40.99210245699993 ], [ -71.499018986999943, -40.991924286999961 ], [ -71.49891486599995, -40.99183125899998 ], [ -71.49885095999997, -40.991804058999946 ], [ -71.498936039999933, -40.99172598399997 ], [ -71.499019680999936, -40.991609825999944 ], [ -71.498954695999942, -40.991554063999956 ], [ -71.498827242999937, -40.991509184999984 ], [ -71.498724921999951, -40.991463760999977 ], [ -71.498709118999955, -40.991378345999976 ], [ -71.498705881999967, -40.991292657999963 ], [ -71.498751107999965, -40.991158275999965 ], [ -71.498797772999978, -40.991061976999958 ], [ -71.498919468999986, -40.990954521999981 ], [ -71.499016753999967, -40.990866653999944 ], [ -71.499113318999946, -40.990759743999945 ], [ -71.499209163999979, -40.990633791999983 ], [ -71.499279158999968, -40.990489343999968 ], [ -71.499310738999952, -40.990326671999981 ], [ -71.499464731999979, -40.990075585999932 ], [ -71.499559136999949, -40.989911549999931 ], [ -71.499691595999934, -40.989756217999968 ], [ -71.499717541999985, -40.989706455999965 ], [ -71.499761948999947, -40.989621289999945 ], [ -71.499805794999986, -40.989560393999966 ], [ -71.499813128999961, -40.989534723999952 ], [ -71.499851200999956, -40.989420509999945 ], [ -71.499870236999982, -40.989277742999946 ], [ -71.499860718999969, -40.989144492999969 ], [ -71.499868527999979, -40.989113957999962 ], [ -71.499779134999983, -40.989077782999971 ], [ -71.499698347999981, -40.988936605999982 ], [ -71.499807114999953, -40.988819901999932 ], [ -71.499891110999954, -40.988713263999955 ], [ -71.499941369999988, -40.988712173999943 ], [ -71.499975726999935, -40.98868912599994 ], [ -71.499983981999947, -40.988683587999958 ], [ -71.5, -40.988672841999971 ], [ -71.5, -40.988672480999981 ], [ -71.5, -40.988660076999963 ], [ -71.5, -40.988595410999949 ], [ -71.5, -40.988576375999969 ], [ -71.5, -40.988560068999959 ], [ -71.5, -40.98842515299998 ], [ -71.5, -40.987994681999965 ], [ -71.5, -40.987972943999978 ], [ -71.5, -40.987940583999944 ], [ -71.5, -40.987920918999976 ], [ -71.5, -40.987454544999935 ], [ -71.5, -40.987351428999943 ], [ -71.5, -40.987259105999954 ], [ -71.5, -40.986913454999979 ], [ -71.5, -40.986711438999976 ], [ -71.5, -40.986560495999981 ], [ -71.5, -40.986199769999985 ], [ -71.5, -40.985867596999981 ], [ -71.5, -40.985287008999933 ], [ -71.5, -40.98517469799998 ], [ -71.5, -40.98423433499994 ], [ -71.5, -40.984067868999944 ], [ -71.5, -40.984053591999952 ], [ -71.5, -40.983819356999959 ], [ -71.5, -40.982948473999954 ], [ -71.5, -40.982566808999934 ], [ -71.5, -40.982033972999943 ], [ -71.5, -40.981962425999939 ], [ -71.5, -40.981960521999952 ], [ -71.5, -40.981633906999946 ], [ -71.5, -40.981248434999941 ], [ -71.5, -40.980727009999953 ], [ -71.5, -40.980711780999968 ], [ -71.5, -40.979998894999937 ], [ -71.5, -40.979206057999932 ], [ -71.5, -40.978542760999972 ], [ -71.5, -40.978499929999941 ], [ -71.5, -40.978349451999975 ], [ -71.5, -40.978069790999939 ], [ -71.5, -40.978060272999983 ], [ -71.5, -40.977656790999959 ], [ -71.5, -40.97573760299997 ], [ -71.5, -40.975516312999957 ], [ -71.5, -40.973710618999974 ], [ -71.5, -40.973210931999972 ], [ -71.5, -40.972931181999968 ], [ -71.5, -40.972760669999957 ], [ -71.5, -40.972739254999965 ], [ -71.5, -40.969876989999932 ], [ -71.5, -40.968475784999953 ], [ -71.5, -40.966229049999981 ], [ -71.5, -40.966200495999942 ], [ -71.5, -40.960477082999944 ], [ -71.5, -40.95962047699993 ], [ -71.5, -40.959547522999969 ], [ -71.5, -40.958043780999958 ], [ -71.5, -40.953822539999976 ], [ -71.5, -40.95308728699996 ], [ -71.5, -40.951843371999985 ], [ -71.5, -40.948598812999933 ], [ -71.5, -40.947126736999962 ], [ -71.5, -40.947076767999931 ], [ -71.5, -40.946079108999982 ], [ -71.5, -40.94307503899995 ], [ -71.5, -40.940602254999931 ], [ -71.5, -40.940538008999965 ], [ -71.5, -40.934648842999934 ], [ -71.5, -40.934039700999961 ], [ -71.5, -40.933925486999954 ], [ -71.5, -40.931284828999935 ], [ -71.5, -40.925074435999932 ], [ -71.5, -40.921749119999959 ], [ -71.5, -40.921400003999963 ], [ -71.5, -40.921266754999976 ], [ -71.5, -40.921035280999945 ], [ -71.5, -40.916666669999984 ], [ -71.5, -40.914938258999939 ], [ -71.5, -40.909718474999977 ], [ -71.5, -40.909045842999944 ], [ -71.5, -40.908836449999967 ], [ -71.5, -40.90799569099994 ], [ -71.5, -40.906910710999966 ], [ -71.5, -40.905991157999949 ], [ -71.5, -40.905149909999977 ], [ -71.5, -40.90439794599996 ], [ -71.5, -40.903246340999942 ], [ -71.5, -40.902231609999944 ], [ -71.5, -40.898042459999942 ], [ -71.5, -40.897511839999936 ], [ -71.5, -40.896312591999958 ], [ -71.5, -40.896211573999949 ], [ -71.5, -40.894597755999939 ], [ -71.5, -40.894483541999932 ], [ -71.5, -40.891537013999937 ], [ -71.5, -40.890948096999978 ], [ -71.5, -40.890725369999984 ], [ -71.5, -40.890170895999972 ], [ -71.5, -40.89016423399994 ], [ -71.5, -40.889996248999978 ], [ -71.5, -40.889986351999937 ], [ -71.499819739999964, -40.889989163999985 ], [ -71.499750837999954, -40.889990238999985 ], [ -71.499364505999949, -40.890112723999948 ], [ -71.499070033999942, -40.890278859999967 ], [ -71.498623602999942, -40.890402644999938 ], [ -71.498153987999956, -40.890709503999972 ], [ -71.497686940999984, -40.891084768999974 ], [ -71.497397608999961, -40.89138771699993 ], [ -71.497104841999942, -40.891599452999969 ], [ -71.496903935999967, -40.89185484199993 ], [ -71.496733934999952, -40.892132381999943 ], [ -71.496593124999947, -40.892386467999984 ], [ -71.496296920999953, -40.892506990999948 ], [ -71.496035909999989, -40.892763679999973 ], [ -71.495775754999954, -40.893043170999931 ], [ -71.495721657999979, -40.893204091999962 ], [ -71.495674419999943, -40.893547436999938 ], [ -71.495441737999954, -40.893757867999966 ], [ -71.495242533999942, -40.894058859999973 ], [ -71.49513176399995, -40.894312293999974 ], [ -71.494840690999979, -40.894569629999978 ], [ -71.494641481999963, -40.894870620999939 ], [ -71.494563329999949, -40.89519181299994 ], [ -71.49440016799997, -40.89565177299994 ], [ -71.493956788999981, -40.896475246999955 ], [ -71.493524870999977, -40.89698666399994 ], [ -71.493179674999965, -40.89740491799995 ], [ -71.492923773999962, -40.897798417999979 ], [ -71.492697920999944, -40.898191266999959 ], [ -71.492180107999957, -40.898818643999959 ], [ -71.491806554999982, -40.899283149999974 ], [ -71.491577265999979, -40.899584784999945 ], [ -71.49132134599995, -40.89997828199995 ], [ -71.490888530999939, -40.900466886999936 ], [ -71.490406727999982, -40.901253227999973 ], [ -71.490001383999981, -40.901672771999984 ], [ -71.489773789999958, -40.902020009999944 ], [ -71.489543626999989, -40.902298838999968 ], [ -71.489312606999988, -40.902554864999956 ], [ -71.489172602999986, -40.902831745999947 ], [ -71.48903003099997, -40.903040217999944 ], [ -71.488793873999953, -40.903159424999956 ], [ -71.488435788999936, -40.903235620999965 ], [ -71.487990104999938, -40.903382171999965 ], [ -71.487512654999989, -40.90348376299994 ], [ -71.487120236999942, -40.903446588999941 ], [ -71.486721837999937, -40.90324979199994 ], [ -71.486235841999985, -40.903123347999951 ], [ -71.485749846999965, -40.902996901999984 ], [ -71.485326524999948, -40.902937566999981 ], [ -71.484966727999961, -40.902968145999978 ], [ -71.48466960099995, -40.903065837999975 ], [ -71.484071929999971, -40.903170005999982 ], [ -71.483625381999957, -40.903293736999956 ], [ -71.483147924999969, -40.903395309999951 ], [ -71.482637851999982, -40.903429119999942 ], [ -71.482126924999989, -40.903440123999985 ], [ -71.481707014999984, -40.903471987999978 ], [ -71.48122699399994, -40.903505143999951 ], [ -71.480806229999985, -40.90351420199994 ], [ -71.480445574999976, -40.903521963999935 ], [ -71.480059126999947, -40.903644386999929 ], [ -71.479610862999948, -40.903722496999933 ], [ -71.479219299999954, -40.903708097999981 ], [ -71.478828587999942, -40.903716501999952 ], [ -71.478375211999946, -40.903657787999975 ], [ -71.477980241999944, -40.90355217299998 ], [ -71.477492555999959, -40.903380084999981 ], [ -71.477216104999968, -40.903226276999931 ], [ -71.476913004999972, -40.903164325999967 ], [ -71.476584958999979, -40.903239839999969 ], [ -71.476287816999957, -40.903337509999972 ], [ -71.475932267999951, -40.903482077999968 ], [ -71.475628678999954, -40.903739128999973 ], [ -71.475530573999947, -40.903817899999979 ], [ -71.475262632999943, -40.903892118999977 ], [ -71.475004417999969, -40.903968403999954 ], [ -71.47484611699997, -40.904015170999969 ], [ -71.474680441999965, -40.90407330499994 ], [ -71.474648050999974, -40.904084670999964 ], [ -71.474430449999943, -40.904161024999951 ], [ -71.473983025999985, -40.90426191499995 ], [ -71.473563954999975, -40.904316552999944 ], [ -71.473353568999983, -40.904321067999945 ], [ -71.472811726999964, -40.904309872999931 ], [ -71.472604739999952, -40.904405598999972 ], [ -71.472155610999948, -40.904460876999963 ], [ -71.471914319999939, -40.90444322999997 ], [ -71.471614616999943, -40.904472478999935 ], [ -71.471284858999979, -40.904502371999968 ], [ -71.470506817999933, -40.904610337999941 ], [ -71.469817242999966, -40.904670758999941 ], [ -71.469187777999934, -40.904729888999952 ], [ -71.468739491999941, -40.904807956999946 ], [ -71.468260301999976, -40.904863862999946 ], [ -71.46772015099998, -40.904898250999963 ], [ -71.467062320999958, -40.905003618999956 ], [ -71.466371041999935, -40.905018413999983 ], [ -71.466009526999983, -40.905003327999964 ], [ -71.465527789999953, -40.904990812999984 ], [ -71.465287344999979, -40.904995955999937 ], [ -71.465112094999938, -40.905136632999984 ], [ -71.464876732999983, -40.90527859599996 ], [ -71.464461034999943, -40.905424413999981 ], [ -71.464073696999947, -40.905523981999977 ], [ -71.463728538999987, -40.905701859999965 ], [ -71.463505645999987, -40.905816727999934 ], [ -71.463158598999939, -40.906136949999961 ], [ -71.462918976999958, -40.906475202999957 ], [ -71.462802401999966, -40.906531715999961 ], [ -71.46242682999997, -40.906724313999973 ], [ -71.462068431999967, -40.906791502999965 ], [ -71.461531645999969, -40.906917075999957 ], [ -71.460963107999987, -40.90699768199994 ], [ -71.460245977999989, -40.907127098999979 ], [ -71.459712565999951, -40.907343877999949 ], [ -71.459389549999969, -40.907556163999971 ], [ -71.459040699999946, -40.907883108999954 ], [ -71.458841288999963, -40.908184042999949 ], [ -71.458548322999945, -40.908395685999949 ], [ -71.458254509999961, -40.908584524999981 ], [ -71.457751981999934, -40.908823457999972 ], [ -71.457575860999953, -40.908941320999929 ], [ -71.457434020999983, -40.909172559999945 ], [ -71.457383196999956, -40.909424679999972 ], [ -71.457240510999952, -40.909633115999952 ], [ -71.456979279999985, -40.909889721999946 ], [ -71.456618583999955, -40.909897410999974 ], [ -71.456315470999982, -40.909835405999956 ], [ -71.455954773999963, -40.909843092999949 ], [ -71.455447163999963, -40.909945194999978 ], [ -71.455122432999985, -40.910111862999941 ], [ -71.454768485999978, -40.910301973999935 ], [ -71.454413692999935, -40.910469280999962 ], [ -71.45424262399996, -40.910723959999984 ], [ -71.454074927999955, -40.911069853999948 ], [ -71.453994031999969, -40.911322612999982 ], [ -71.453972409999949, -40.911551287999941 ], [ -71.453981689999978, -40.91180212699993 ], [ -71.454019341999981, -40.912006718999976 ], [ -71.454059524999934, -40.912279721999937 ], [ -71.453949411999986, -40.912555923999946 ], [ -71.453912745999958, -40.912726420999945 ], [ -71.453779275999977, -40.912887289999958 ], [ -71.453437216999987, -40.913299567999957 ], [ -71.453140054999949, -40.913688545999946 ], [ -71.453023048999967, -40.913974648999954 ], [ -71.452717593999978, -40.914219744999968 ], [ -71.45271665599995, -40.914220501999978 ], [ -71.452230671999985, -40.914612758999965 ], [ -71.451375851999956, -40.915247688999955 ], [ -71.450947686999939, -40.915544909999937 ], [ -71.450352484999939, -40.91597952199993 ], [ -71.450031922999983, -40.91626019499995 ], [ -71.449678770999981, -40.916473094999958 ], [ -71.449389107999934, -40.916775930999961 ], [ -71.448978354999952, -40.917058517999976 ], [ -71.447938829999941, -40.917422924999983 ], [ -71.447253301999979, -40.91759723399997 ], [ -71.446629577999943, -40.91781586999997 ], [ -71.446040115999949, -40.918147882999961 ], [ -71.444526285999984, -40.918704896999941 ], [ -71.443961825999963, -40.918899439999961 ], [ -71.443545152999945, -40.91902238299997 ], [ -71.443157701999951, -40.919121882999946 ], [ -71.442896379999979, -40.919378458999972 ], [ -71.442731123999977, -40.919792748999953 ], [ -71.442711141999951, -40.920067030999974 ], [ -71.442571746999988, -40.92036666499996 ], [ -71.442310417999977, -40.920623238999951 ], [ -71.44180438099994, -40.920770890999961 ], [ -71.441413558999955, -40.920779170999936 ], [ -71.440837318999968, -40.920654446999947 ], [ -71.440416433999985, -40.920663359999935 ], [ -71.439907035999966, -40.920719788999975 ], [ -71.439464474999966, -40.920957371999975 ], [ -71.438904173999958, -40.921265910999978 ], [ -71.438459089999981, -40.921435078999934 ], [ -71.438253675999988, -40.921576353999967 ], [ -71.438052452999955, -40.921831647999966 ], [ -71.437877937999986, -40.921995089999939 ], [ -71.43770509999996, -40.922204139999963 ], [ -71.437564839999936, -40.922480964999977 ], [ -71.437425416999986, -40.92278059299997 ], [ -71.437166572999956, -40.923105567999983 ], [ -71.436998757999959, -40.923451439999951 ], [ -71.436487762999946, -40.924283817999935 ], [ -71.436289038999973, -40.924607519999938 ], [ -71.436025992999987, -40.924818473999949 ], [ -71.435791335999966, -40.924983184999974 ], [ -71.435495707999962, -40.925126361999958 ], [ -71.435111558999949, -40.925317050999979 ], [ -71.43475830999995, -40.92552990799993 ], [ -71.434256403999939, -40.92579154699996 ], [ -71.433403747999932, -40.926334448999967 ], [ -71.432847556999945, -40.926756977999958 ], [ -71.431958954999971, -40.927140877999932 ], [ -71.431128802999979, -40.927477893999935 ], [ -71.430413892999979, -40.927675544999943 ], [ -71.429640516999939, -40.927920066999945 ], [ -71.429485205999981, -40.927987781999946 ], [ -71.429255497999975, -40.928087933999961 ], [ -71.428903049999974, -40.928323577999947 ], [ -71.428641636999942, -40.92858012399995 ], [ -71.428526380999983, -40.928719481999963 ], [ -71.42844338499998, -40.928753171999972 ], [ -71.428170585999965, -40.928863907999983 ], [ -71.427877429999967, -40.929075477999959 ], [ -71.426929466999979, -40.929483409999932 ], [ -71.42639576299996, -40.929700041999979 ], [ -71.425922190999984, -40.929915404999974 ], [ -71.42532917799997, -40.930156101999955 ], [ -71.424614220999956, -40.930353717999935 ], [ -71.423984459999986, -40.930412608999973 ], [ -71.423231923999936, -40.930405612999948 ], [ -71.422447653999939, -40.930353636999939 ], [ -71.421781990999989, -40.930253519999951 ], [ -71.421210697999982, -40.930265522999946 ], [ -71.420758843999977, -40.930252193999934 ], [ -71.420332895999934, -40.930124210999963 ], [ -71.420053125999971, -40.929879049999954 ], [ -71.419775854999955, -40.929702299999974 ], [ -71.419531982999956, -40.929616133999957 ], [ -71.419231304999983, -40.929622445999939 ], [ -71.418816179999965, -40.929790909999952 ], [ -71.41846118999996, -40.929958110999962 ], [ -71.418190742999968, -40.930147430999966 ], [ -71.417758884999955, -40.930350068999985 ], [ -71.417264580999984, -40.930549513999949 ], [ -71.416835997999954, -40.930842115999951 ], [ -71.416812853999943, -40.930860665999944 ], [ -71.416646389999983, -40.930994092999981 ], [ -71.416224657999976, -40.931332124999983 ], [ -71.416140980999955, -40.931415906999973 ], [ -71.416044002999968, -40.931513005999932 ], [ -71.415981264999971, -40.931575822999946 ], [ -71.41587064099997, -40.931960794999952 ], [ -71.415829182999971, -40.932533392999972 ], [ -71.415694244999941, -40.932780219999984 ], [ -71.415592668999977, -40.93296602099997 ], [ -71.415221262999978, -40.93311786299995 ], [ -71.415128541999934, -40.933228576999966 ], [ -71.41497949799998, -40.933406542999933 ], [ -71.414874110999961, -40.933935460999976 ], [ -71.414667462999944, -40.934498557999973 ], [ -71.414524640999957, -40.934706868999967 ], [ -71.414387679999948, -40.934906631999979 ], [ -71.414156205999973, -40.935023205999983 ], [ -71.413775077999958, -40.935075879999943 ], [ -71.413545228999965, -40.935237108999956 ], [ -71.413287561999937, -40.935443610999982 ], [ -71.413029079999944, -40.935627784999951 ], [ -71.412593938999976, -40.935815655999932 ], [ -71.412216056999966, -40.935957636999944 ], [ -71.411753092999959, -40.936190776999979 ], [ -71.411255065999967, -40.936281234999967 ], [ -71.41100989499995, -40.936347258999945 ], [ -71.410838551999973, -40.936386576999951 ], [ -71.410603130999959, -40.936391501999935 ], [ -71.410384270999941, -40.936419901999955 ], [ -71.410162813999989, -40.936376888999973 ], [ -71.410051218999968, -40.936331578999955 ], [ -71.409768281999959, -40.936325584999963 ], [ -71.40962832799994, -40.936364243999947 ], [ -71.409392906999983, -40.936369166999953 ], [ -71.40917361399994, -40.936385661999964 ], [ -71.409017963999986, -40.936424648999946 ], [ -71.408816527999988, -40.93650032599993 ], [ -71.408645615999944, -40.936551541999961 ], [ -71.408364839999933, -40.936605054999973 ], [ -71.408209621999958, -40.936655941999959 ], [ -71.408003859999951, -40.936612597999954 ], [ -71.407657276999942, -40.936584105999941 ], [ -71.40743884699998, -40.93662440199995 ], [ -71.407238705999987, -40.936735782999961 ], [ -71.407052528999941, -40.936799226999938 ], [ -71.406802707999987, -40.936840176999965 ], [ -71.406614369999943, -40.936844110999971 ], [ -71.406347556999947, -40.936849681999945 ], [ -71.406112133999954, -40.936854597999968 ], [ -71.405704498999967, -40.936875018999956 ], [ -71.405548414999942, -40.936902098999951 ], [ -71.405374474999974, -40.936869996999974 ], [ -71.405168713999956, -40.936826646999975 ], [ -71.404931562999934, -40.936783951999985 ], [ -71.404507800999966, -40.936792794999974 ], [ -71.404147250999983, -40.936812227999951 ], [ -71.403896132999932, -40.936817466999969 ], [ -71.403675540999984, -40.936798245999967 ], [ -71.403343357999972, -40.936733707999963 ], [ -71.403088787999934, -40.936643727999979 ], [ -71.402835080999978, -40.93657755199996 ], [ -71.402489793999962, -40.936584750999941 ], [ -71.402226001999964, -40.936673626999948 ], [ -71.402056377999941, -40.936760539999966 ], [ -71.401858382999933, -40.93693142099994 ], [ -71.40166168099995, -40.937138007999977 ], [ -71.401400472999967, -40.937298294999948 ], [ -71.401110459999984, -40.937530647999949 ], [ -71.400725843999965, -40.937753058999931 ], [ -71.400184272999979, -40.937978738999959 ], [ -71.399952292999956, -40.938078858999972 ], [ -71.399722035999957, -40.938226585999985 ], [ -71.399510059999955, -40.938445398999932 ], [ -71.399328179999941, -40.938627850999978 ], [ -71.399178938999967, -40.938844165999967 ], [ -71.398953081999935, -40.939117008999972 ], [ -71.398785303999944, -40.939366297999982 ], [ -71.398587271999986, -40.939593870999943 ], [ -71.39840996099997, -40.939730868999959 ], [ -71.398147441999981, -40.939855442999942 ], [ -71.397932009999977, -40.939979035999954 ], [ -71.397652931999971, -40.940080130999945 ], [ -71.397120998999981, -40.940138840999964 ], [ -71.396870727999953, -40.940167868999936 ], [ -71.396558103999951, -40.940210103999959 ], [ -71.396181405999982, -40.940217936999943 ], [ -71.395805997999958, -40.940261475999932 ], [ -71.395570560999943, -40.940266369999961 ], [ -71.395318567999936, -40.940247785999929 ], [ -71.395021207999946, -40.940277787999946 ], [ -71.394691595999973, -40.94028463799998 ], [ -71.394411650999984, -40.940361920999976 ], [ -71.394114289999948, -40.940391920999957 ], [ -71.393768981999983, -40.940399094999975 ], [ -71.39336088899995, -40.94040757099998 ], [ -71.39301557999994, -40.940414741999973 ], [ -71.392700803999958, -40.940397455999971 ], [ -71.392355493999958, -40.940404624999985 ], [ -71.391964815999984, -40.940460377999955 ], [ -71.391354393999961, -40.940520690999961 ], [ -71.390899641999965, -40.940542037999933 ], [ -71.390386197999987, -40.940548872999955 ], [ -71.389812176999953, -40.940580602999944 ], [ -71.389458829999967, -40.940587929999936 ], [ -71.38874891599994, -40.940513266999972 ], [ -71.387918806999949, -40.94037405399996 ], [ -71.387415014999988, -40.940295111999944 ], [ -71.386908810999955, -40.940149181999971 ], [ -71.386523607999948, -40.940090123999937 ], [ -71.385696723999956, -40.94004020999995 ], [ -71.385223184999973, -40.939982975999953 ], [ -71.384722612999951, -40.93999333599993 ], [ -71.384427354999957, -40.939977099999965 ], [ -71.383898140999975, -40.940010393999955 ], [ -71.383489116999954, -40.940108234999968 ], [ -71.383197069999937, -40.940181309999957 ], [ -71.382759401999976, -40.940302085999974 ], [ -71.382278544999963, -40.940414784999973 ], [ -71.382104532999961, -40.940481330999944 ], [ -71.382010784999977, -40.940495179999971 ], [ -71.381807164999941, -40.940511298999979 ], [ -71.381540331999986, -40.940516813999977 ], [ -71.381352834999973, -40.940544510999985 ], [ -71.381198440999981, -40.940619166999966 ], [ -71.381029633999958, -40.940729854999972 ], [ -71.380908341999941, -40.940851470999974 ], [ -71.380787048999935, -40.940973087999964 ], [ -71.380633508999949, -40.941071547999968 ], [ -71.380540186999951, -40.941097297999931 ], [ -71.380383224999946, -40.941100539999979 ], [ -71.380086279999944, -40.941142406999973 ], [ -71.379886504999945, -40.941265642999952 ], [ -71.379748657999983, -40.941363777999982 ], [ -71.37964134899994, -40.941437460999964 ], [ -71.379471681999973, -40.941524340999933 ], [ -71.379238801999975, -40.94160061599996 ], [ -71.378990224999939, -40.941677213999981 ], [ -71.378787881999983, -40.94172903499998 ], [ -71.378585537999982, -40.94178085599998 ], [ -71.378429856999958, -40.941819801999941 ], [ -71.378151165999952, -40.941932752999946 ], [ -71.377997619999974, -40.942031209999982 ], [ -71.377863612999988, -40.942236463999961 ], [ -71.377790682999944, -40.94239281199998 ], [ -71.377733876999969, -40.94256073899993 ], [ -71.377660091999985, -40.942693282999983 ], [ -71.377525228999957, -40.942874730999961 ], [ -71.377437027999974, -40.943043305999936 ], [ -71.377334410999936, -40.943247910999958 ], [ -71.377171994999969, -40.943537126999956 ], [ -71.376959498999952, -40.943743997999945 ], [ -71.376807653999947, -40.94389006199998 ], [ -71.376576469999975, -40.94401394099998 ], [ -71.376423342999942, -40.944124297999963 ], [ -71.376286339999979, -40.944246233999934 ], [ -71.376183290999961, -40.944438935999983 ], [ -71.376123916999973, -40.944535448999943 ], [ -71.375970361999975, -40.944633902999954 ], [ -71.37577056799995, -40.944757132999939 ], [ -71.375634414999979, -40.944902871999943 ], [ -71.375513958999989, -40.945048287999953 ], [ -71.375393075999966, -40.945181801999979 ], [ -71.375255213999935, -40.945279931999949 ], [ -71.37511948599996, -40.945437572999936 ], [ -71.374952362999977, -40.945595860999958 ], [ -71.374784811999973, -40.945742246999941 ], [ -71.374615127999959, -40.945829120999974 ], [ -71.374508658999957, -40.945926602999975 ], [ -71.374402615999941, -40.946035986999959 ], [ -71.374281728999961, -40.946169499999939 ], [ -71.374176111999986, -40.946290785999963 ], [ -71.373975882999957, -40.946402110999941 ], [ -71.373790071999963, -40.946477404999939 ], [ -71.373589414999969, -40.946576825999955 ], [ -71.373512632999962, -40.946626051999942 ], [ -71.373390463999954, -40.946723856999938 ], [ -71.373250890999941, -40.946774374999961 ], [ -71.372938643999987, -40.946828449999941 ], [ -71.372721008999974, -40.946892485999967 ], [ -71.372549187999937, -40.946919845999957 ], [ -71.372298024999964, -40.946925016999955 ], [ -71.372094807999986, -40.946953021999946 ], [ -71.37198449899995, -40.946943381999972 ], [ -71.37180038799994, -40.94706628199998 ], [ -71.371693486999959, -40.947151858999973 ], [ -71.371570034999934, -40.947213954999938 ], [ -71.371397359999946, -40.947217508999984 ], [ -71.371178017999966, -40.94723393299995 ], [ -71.370944255999973, -40.947286386999963 ], [ -71.370726616999946, -40.947350419999964 ], [ -71.370539095999959, -40.94737809999998 ], [ -71.370335024999974, -40.947382296999933 ], [ -71.369770330999984, -40.947405821999951 ], [ -71.369424978999973, -40.947412923999934 ], [ -71.369030831999964, -40.947373382999956 ], [ -71.368745292999961, -40.947295874999952 ], [ -71.368333320999966, -40.947197142999983 ], [ -71.368093174999956, -40.94707105599997 ], [ -71.36790670399995, -40.946961420999969 ], [ -71.367528351999965, -40.946924175999982 ], [ -71.367325926999968, -40.946862683999939 ], [ -71.367084167999963, -40.946789242999955 ], [ -71.366940879999959, -40.946686328999931 ], [ -71.366761203999943, -40.946557280999968 ], [ -71.366372570999943, -40.946232127999963 ], [ -71.365937687999974, -40.945815330999949 ], [ -71.365788542999951, -40.945672388999981 ], [ -71.365580058999967, -40.945154457999934 ], [ -71.365011301999971, -40.945022073999951 ], [ -71.364877691999936, -40.944957397999985 ], [ -71.364627664999944, -40.944836368999972 ], [ -71.364272892999963, -40.944812076999938 ], [ -71.364121770999986, -40.944801729999938 ], [ -71.363677607999989, -40.944666782999946 ], [ -71.363414790999968, -40.944289518999938 ], [ -71.362518537999961, -40.94388022399994 ], [ -71.362141809999969, -40.943887946999951 ], [ -71.361578200999986, -40.943899497999951 ], [ -71.360893929999975, -40.944107095999982 ], [ -71.360404470999981, -40.944450256999971 ], [ -71.360096763999934, -40.944645634999972 ], [ -71.359650577999957, -40.944869492999942 ], [ -71.359600965999959, -40.944894383999952 ], [ -71.359438501999989, -40.945078346999935 ], [ -71.359301346999985, -40.945233652999946 ], [ -71.359050355999955, -40.945423365999943 ], [ -71.358781001999944, -40.945626958999981 ], [ -71.35872954599995, -40.94570853099998 ], [ -71.35866017099994, -40.945818508999935 ], [ -71.358355814999982, -40.946108351999953 ], [ -71.357919917999936, -40.946221585999979 ], [ -71.357546917999969, -40.946318480999935 ], [ -71.357237592999979, -40.946468866999965 ], [ -71.356934433999982, -40.946709161999934 ], [ -71.356692521999946, -40.947002225999938 ], [ -71.356379831999959, -40.947058139999967 ], [ -71.356013162999943, -40.947349250999935 ], [ -71.355882280999936, -40.947565390999955 ], [ -71.355836508999971, -40.947640978999971 ], [ -71.355460928999946, -40.947768581999981 ], [ -71.355399451999972, -40.947789468999929 ], [ -71.355158736999954, -40.948032984999941 ], [ -71.355048125999986, -40.948512437999966 ], [ -71.355059960999938, -40.948845330999973 ], [ -71.355261657999961, -40.949174342999981 ], [ -71.355216312999971, -40.94965246199996 ], [ -71.355243342999984, -40.95041271599996 ], [ -71.355315879999978, -40.950699349999979 ], [ -71.355329475999952, -40.951081725999984 ], [ -71.35534131199995, -40.951414617999944 ], [ -71.355292446999954, -40.951793768999948 ], [ -71.35510876799998, -40.951916516999972 ], [ -71.354924148999942, -40.952039891999959 ], [ -71.354401502999963, -40.95223628399998 ], [ -71.354023393999967, -40.952378078999971 ], [ -71.353732051999941, -40.952473410999971 ], [ -71.353498025999954, -40.952522880999936 ], [ -71.353149364999979, -40.952664071999948 ], [ -71.352919303999954, -40.952825185999984 ], [ -71.352717899999959, -40.952963368999974 ], [ -71.35246155599998, -40.953214399999979 ], [ -71.352341046999982, -40.95338494899994 ], [ -71.352204824999944, -40.953530661999935 ], [ -71.352098309999974, -40.953628124999966 ], [ -71.352024038999957, -40.953748751999967 ], [ -71.351920904999986, -40.953941433999944 ], [ -71.35183135699998, -40.954074282999954 ], [ -71.351714634999951, -40.954326797999954 ], [ -71.351571161999971, -40.954710879999936 ], [ -71.351468446999945, -40.954915463999953 ], [ -71.351411563999989, -40.955083379999962 ], [ -71.351354680999975, -40.955251294999982 ], [ -71.351315186999955, -40.955466500999933 ], [ -71.351289702999964, -40.955633775999956 ], [ -71.351216695999938, -40.955790108999963 ], [ -71.351127566999935, -40.955934859999957 ], [ -71.351022313999977, -40.956068029999983 ], [ -71.350885238999979, -40.956189936999976 ], [ -71.350765552999974, -40.956359132999978 ], [ -71.350690853999936, -40.95646785699995 ], [ -71.350454436999939, -40.956889566999962 ], [ -71.350413671999945, -40.957069063999938 ], [ -71.350422119999962, -40.957307112999956 ], [ -71.350427611999976, -40.957461844999955 ], [ -71.350434370999949, -40.957652283999948 ], [ -71.350441129999979, -40.957842723999931 ], [ -71.350399519999939, -40.957998415999953 ], [ -71.350359599999933, -40.958201717999941 ], [ -71.350348967999935, -40.958344867999983 ], [ -71.350321790999942, -40.958464532999983 ], [ -71.350326859999939, -40.958607361999952 ], [ -71.350318762999962, -40.958821926999974 ], [ -71.350292430999957, -40.958965396999929 ], [ -71.350236386999939, -40.959157116999961 ], [ -71.350178651999954, -40.959301226999969 ], [ -71.350041568999984, -40.959423132999973 ], [ -71.349949897999977, -40.95949646899993 ], [ -71.349780988999953, -40.959607112999947 ], [ -71.349628625999969, -40.95974124199995 ], [ -71.349506395999981, -40.959839022999972 ], [ -71.349384588999953, -40.959948705999977 ], [ -71.349231379999935, -40.960059028999979 ], [ -71.349093869999933, -40.960169031999953 ], [ -71.348973328999989, -40.960314421999954 ], [ -71.348838773999944, -40.960507741999947 ], [ -71.34870295199994, -40.960665353999957 ], [ -71.348536570999954, -40.960847410999975 ], [ -71.34817071599997, -40.961164553999936 ], [ -71.347796431999939, -40.961532084999931 ], [ -71.347700010999972, -40.961626765999938 ], [ -71.347443213999952, -40.96191786299994 ], [ -71.34724922099997, -40.962207679999949 ], [ -71.347090004999984, -40.962592076999954 ], [ -71.34697282999997, -40.962832684999967 ], [ -71.346885790999977, -40.963036945999932 ], [ -71.346833530999959, -40.963335786999949 ], [ -71.346706978999975, -40.963755250999952 ], [ -71.346680637999953, -40.963898720999964 ], [ -71.346685699999966, -40.964041549999934 ], [ -71.346630062999964, -40.964245170999959 ], [ -71.346587596999939, -40.964377057999968 ], [ -71.346563785999933, -40.96459194199997 ], [ -71.346639249999953, -40.964947736999932 ], [ -71.346758024999986, -40.965195449999953 ], [ -71.346975233999956, -40.96556026899998 ], [ -71.347091901999988, -40.965748469999937 ], [ -71.347178008999947, -40.965961114999971 ], [ -71.347231023999939, -40.966126788999929 ], [ -71.347298475999935, -40.96625643699997 ], [ -71.347444440999936, -40.966384484999935 ], [ -71.34797950899997, -40.966850025999975 ], [ -71.348355868999988, -40.967271153999945 ], [ -71.348728854999933, -40.967597060999935 ], [ -71.349148108999941, -40.967898201999958 ], [ -71.349534270999982, -40.968152371999963 ], [ -71.350144503999957, -40.968521080999949 ], [ -71.350562501999946, -40.968786508999983 ], [ -71.351123945999973, -40.969108563999953 ], [ -71.351539837999951, -40.969314475999965 ], [ -71.351794470999948, -40.96940456699997 ], [ -71.352048682999964, -40.969482755999934 ], [ -71.352268527999968, -40.969478267999932 ], [ -71.352519355999959, -40.969461235999972 ], [ -71.352861865999955, -40.969370865999963 ], [ -71.35320521999995, -40.96930429899993 ], [ -71.353503156999977, -40.969286302999933 ], [ -71.353833768999948, -40.969303371999956 ], [ -71.354180084999939, -40.969320118999974 ], [ -71.354337963999967, -40.96934071499993 ], [ -71.354604916999961, -40.969335260999969 ], [ -71.35490115999994, -40.969269650999934 ], [ -71.355073047999952, -40.969242315999963 ], [ -71.355339153999978, -40.969213054999955 ], [ -71.355573005999986, -40.969160630999966 ], [ -71.355839958999979, -40.969155172999933 ], [ -71.356074234999937, -40.969114649999938 ], [ -71.356446871999935, -40.968987918999971 ], [ -71.356569529999945, -40.968902033999939 ], [ -71.356844980999938, -40.968693911999935 ], [ -71.357059313999969, -40.968534684999952 ], [ -71.357117886999959, -40.968414375999942 ], [ -71.357153976999939, -40.968103950999932 ], [ -71.357219776999955, -40.967745272999935 ], [ -71.357276230999958, -40.967565452999963 ], [ -71.357403992999934, -40.967181685999947 ], [ -71.357673499999976, -40.966806928999972 ], [ -71.35796252199998, -40.966538972999956 ], [ -71.358296527999983, -40.966210538999974 ], [ -71.358417906999989, -40.966088943999978 ], [ -71.358505760999947, -40.965908480999985 ], [ -71.358608468999932, -40.965703890999976 ], [ -71.358745548999934, -40.965581973999974 ], [ -71.358788414999935, -40.96546198599998 ], [ -71.358845286999951, -40.965294066999945 ], [ -71.358869905999939, -40.965102986999966 ], [ -71.358910226999967, -40.964911584999982 ], [ -71.358998502999953, -40.964743022999983 ], [ -71.35921239299995, -40.964571888999956 ], [ -71.35944071199998, -40.964364726999975 ], [ -71.359622347999959, -40.964170430999957 ], [ -71.359853633999933, -40.964046583999959 ], [ -71.360114625999984, -40.963874483999973 ], [ -71.360327661999975, -40.963679543999945 ], [ -71.360464309999941, -40.963545722999982 ], [ -71.360516508999979, -40.96324687799995 ], [ -71.360586530999967, -40.963007221999931 ], [ -71.360747365999941, -40.962670417999959 ], [ -71.360834360999945, -40.962466147999976 ], [ -71.360861943999964, -40.96235838299998 ], [ -71.360931962999985, -40.96211872799995 ], [ -71.361084732999984, -40.961996486999965 ], [ -71.361216707999972, -40.961731739999948 ], [ -71.361213311999961, -40.961636520999946 ], [ -71.361438643999975, -40.961346037999931 ], [ -71.361698346999958, -40.961138227999982 ], [ -71.361928769999963, -40.960990572999947 ], [ -71.362228368999979, -40.960713583999961 ], [ -71.362510123999982, -40.960549857999979 ], [ -71.362862326999959, -40.960292503999938 ], [ -71.363078741999971, -40.960192777999964 ], [ -71.36328242899998, -40.960176688999979 ], [ -71.363469564999946, -40.960137117999977 ], [ -71.363700829999971, -40.96001326399994 ], [ -71.363946944999952, -40.959865282999942 ], [ -71.36413067999996, -40.959730491999949 ], [ -71.364406493999979, -40.959534255999984 ], [ -71.364644104999968, -40.959148226999957 ], [ -71.364841412999965, -40.958953600999962 ], [ -71.365026843999942, -40.958866417999957 ], [ -71.365214400999946, -40.958838746999959 ], [ -71.365354429999968, -40.958800138999948 ], [ -71.365542836999964, -40.958796271999972 ], [ -71.365700266999966, -40.958804950999934 ], [ -71.365871696999989, -40.958765697999979 ], [ -71.365995174999966, -40.958703606999961 ], [ -71.366183155999977, -40.958687836999957 ], [ -71.36627565799995, -40.958638292999979 ], [ -71.366568437999945, -40.958477436999942 ], [ -71.366892190999977, -40.958304032999933 ], [ -71.367106040999943, -40.958132884999941 ], [ -71.367272362999984, -40.95795080299996 ], [ -71.367439959999956, -40.957804426999985 ], [ -71.367776429999935, -40.957547381999973 ], [ -71.368224925999982, -40.957347588999937 ], [ -71.368547817999968, -40.957150375999959 ], [ -71.368822331999979, -40.956918422999934 ], [ -71.369053148999967, -40.956782655999973 ], [ -71.369255545999977, -40.956730850999975 ], [ -71.369442241999934, -40.956679367999982 ], [ -71.369566564999957, -40.956641078999951 ], [ -71.369736708999937, -40.956566112999951 ], [ -71.369893708999939, -40.956562884999983 ], [ -71.370110951999948, -40.956486949999942 ], [ -71.370266673999936, -40.956448013999932 ], [ -71.370408398999984, -40.956457009999951 ], [ -71.370550123999976, -40.956466005999971 ], [ -71.370708827999977, -40.956510384999945 ], [ -71.370960452999952, -40.956517118999955 ], [ -71.371395788999962, -40.956389049999984 ], [ -71.371680192999975, -40.95630743199996 ], [ -71.371910048999951, -40.956271266999977 ], [ -71.372159541999963, -40.956218486999944 ], [ -71.372392906999949, -40.95615412799998 ], [ -71.372581304999983, -40.956150248999961 ], [ -71.372770982999953, -40.956182075999948 ], [ -71.373039158999973, -40.956212286999971 ], [ -71.373387977999982, -40.956189906999953 ], [ -71.373729951999962, -40.956198058999973 ], [ -71.373995568999987, -40.956156853999971 ], [ -71.374136439999972, -40.956142040999964 ], [ -71.374341390999973, -40.956161639999948 ], [ -71.374640967999937, -40.956191199999978 ], [ -71.374971089999974, -40.95619630799996 ], [ -71.375327489999961, -40.956057940999983 ], [ -71.375513325999975, -40.95598264399996 ], [ -71.375780221999946, -40.955977140999948 ], [ -71.376122199999941, -40.955874801999983 ], [ -71.376386532999959, -40.955797884999981 ], [ -71.37663730099996, -40.955780801999936 ], [ -71.376809997999942, -40.955777239999975 ], [ -71.377060764999953, -40.95576015599994 ], [ -71.37727500699998, -40.955600892999939 ], [ -71.377615271999957, -40.955450940999981 ], [ -71.377757849999966, -40.955483731999948 ], [ -71.377883446999988, -40.955481139999961 ], [ -71.378101958999935, -40.955440897999949 ], [ -71.378274654999984, -40.955437333999953 ], [ -71.378494875999934, -40.955444698999941 ], [ -71.378697688999978, -40.955404779999981 ], [ -71.378835991999949, -40.95531854799998 ], [ -71.378895797999974, -40.955233935999956 ], [ -71.378937765999979, -40.955090136999956 ], [ -71.379076496999971, -40.955015806999938 ], [ -71.379172403999974, -40.955061470999965 ], [ -71.379299282999966, -40.955094583999937 ], [ -71.379441860999975, -40.955127372999982 ], [ -71.379584011999953, -40.95514825999993 ], [ -71.379696045999935, -40.955205500999966 ], [ -71.37983819699997, -40.955226387999971 ], [ -71.380010891999973, -40.95522282099995 ], [ -71.380200141999978, -40.955242733999967 ], [ -71.380404662999979, -40.95525042099996 ], [ -71.380610468999976, -40.955293812999969 ], [ -71.380798862999939, -40.955289920999974 ], [ -71.380972412999938, -40.955310156999985 ], [ -71.381161663999933, -40.955330068999956 ], [ -71.381382740999982, -40.955361232999962 ], [ -71.381510048999985, -40.955406246999985 ], [ -71.381714570999975, -40.955413930999953 ], [ -71.381809196999939, -40.955423885999949 ], [ -71.381921661999968, -40.955493026999932 ], [ -71.382127467999965, -40.955536416999962 ], [ -71.382301447999964, -40.955568553999967 ], [ -71.382474571999978, -40.955576884999971 ], [ -71.382522954999956, -40.955611617999978 ], [ -71.38255649499996, -40.955670479999981 ], [ -71.382561204999945, -40.955801403999942 ], [ -71.382741179999982, -40.956000169999982 ], [ -71.38293342999998, -40.956103393999967 ], [ -71.383155795999983, -40.956170260999954 ], [ -71.383377732999975, -40.956225225999958 ], [ -71.383632783999985, -40.956327149999936 ], [ -71.383729980999988, -40.956408516999943 ], [ -71.383863765999934, -40.956465160999983 ], [ -71.38406575099998, -40.956489568999984 ], [ -71.38439299199996, -40.956501855999932 ], [ -71.384709386999987, -40.956562009999971 ], [ -71.38491034499998, -40.956557850999957 ], [ -71.385086867999973, -40.956573254999967 ], [ -71.385313287999963, -40.956578097999966 ], [ -71.385460423999973, -40.956606890999979 ], [ -71.385576700999934, -40.956563115999984 ], [ -71.385763382999983, -40.956511606999982 ], [ -71.38597518499995, -40.956459576999976 ], [ -71.386150335999957, -40.956436892999932 ], [ -71.386376068999937, -40.956422689999954 ], [ -71.38656343699995, -40.956390222999971 ], [ -71.386727056999973, -40.956396362999953 ], [ -71.38683027999997, -40.956470454999931 ], [ -71.386783815999934, -40.956576234999943 ], [ -71.386776402999942, -40.956719319999934 ], [ -71.386817857999972, -40.956823278999934 ], [ -71.387118746999988, -40.957150554999942 ], [ -71.387571044999959, -40.957493749999969 ], [ -71.388105773999939, -40.957682774999967 ], [ -71.388691089999952, -40.957880276999958 ], [ -71.389171119999958, -40.957946555999968 ], [ -71.389463092999961, -40.958026260999929 ], [ -71.389692952999951, -40.958126310999944 ], [ -71.389820959999952, -40.958190357999968 ], [ -71.389988020999965, -40.958291709999969 ], [ -71.390407315999937, -40.958416415999977 ], [ -71.391106029999946, -40.958621082999969 ], [ -71.391664522999974, -40.958771481999975 ], [ -71.392043047999948, -40.958811268999966 ], [ -71.392357052999955, -40.958804749999956 ], [ -71.392583823999985, -40.958819098999982 ], [ -71.392810594999958, -40.95883344799995 ], [ -71.393088639999974, -40.958875317999969 ], [ -71.393329347999952, -40.95892749199993 ], [ -71.393746243999942, -40.958985533999964 ], [ -71.394110489999946, -40.958977966999953 ], [ -71.394372876999967, -40.958934399999976 ], [ -71.394598615999939, -40.95892017999995 ], [ -71.394861345999971, -40.958886132999965 ], [ -71.395110138999939, -40.95881426099993 ], [ -71.395335188999979, -40.958780995999973 ], [ -71.395599984999933, -40.958804077999957 ], [ -71.395852910999963, -40.958846463999976 ], [ -71.396030130999975, -40.958880893999947 ], [ -71.396208040999966, -40.958934366999983 ], [ -71.396421562999933, -40.958929926999986 ], [ -71.396561447999943, -40.958974661999946 ], [ -71.39675122899996, -40.959008829999959 ], [ -71.396926726999936, -40.958995649999963 ], [ -71.397127344999944, -40.958981947999973 ], [ -71.397453909999967, -40.958975153999972 ], [ -71.397767913999985, -40.95896862099994 ], [ -71.398207519999971, -40.958959472999936 ], [ -71.398521867999989, -40.958962458999963 ], [ -71.398759821999988, -40.958938447999969 ], [ -71.399033729999985, -40.958866043999933 ], [ -71.399332757999957, -40.958793115999981 ], [ -71.399609080999937, -40.958787361999953 ], [ -71.399858902999938, -40.958744043999957 ], [ -71.400120593999986, -40.958681420999937 ], [ -71.400382975999946, -40.958637839999938 ], [ -71.400697322999974, -40.95864082099996 ], [ -71.400819816999956, -40.958552508999958 ], [ -71.400957631999972, -40.958540108999955 ], [ -71.401208832999941, -40.958534874999941 ], [ -71.401470176999965, -40.958462726999983 ], [ -71.401768854999943, -40.958380270999953 ], [ -71.401941932999989, -40.958300432999977 ], [ -71.402190369999971, -40.958219023999959 ], [ -71.402425899999969, -40.958128353999939 ], [ -71.40277446999994, -40.958035326999948 ], [ -71.403036846999953, -40.957991740999944 ], [ -71.403373545999955, -40.95791801699994 ], [ -71.403560907999974, -40.957885522999959 ], [ -71.403862, -40.95786971299998 ], [ -71.404048323999973, -40.957808652999972 ], [ -71.404171503999976, -40.957739381999943 ], [ -71.404433877999963, -40.957695791999981 ], [ -71.404609369999946, -40.957682600999931 ], [ -71.404757322999956, -40.957603282999969 ], [ -71.404903199999978, -40.957466835999981 ], [ -71.405038936999972, -40.957397300999958 ], [ -71.405299234999973, -40.957296579999934 ], [ -71.405497423999975, -40.957216212999981 ], [ -71.405782839999972, -40.957114965999949 ], [ -71.406280731999971, -40.95698069599996 ], [ -71.406504384999948, -40.956909322999934 ], [ -71.40662998199997, -40.956906699999934 ], [ -71.406818376999979, -40.956902764999938 ], [ -71.407054934999962, -40.956840650999936 ], [ -71.407217171999946, -40.95680867599998 ], [ -71.407428609999954, -40.95674708599995 ], [ -71.407602367999971, -40.956686282999954 ], [ -71.407710557999962, -40.956550618999984 ], [ -71.407793282999933, -40.956405958999937 ], [ -71.407889951999948, -40.956299121999962 ], [ -71.408100694999973, -40.956218487999934 ], [ -71.408412951999935, -40.956164317999935 ], [ -71.408662756999945, -40.95612098099997 ], [ -71.408962107999969, -40.956057550999958 ], [ -71.409099569999967, -40.956035618999977 ], [ -71.409299482999984, -40.956002852999973 ], [ -71.409551018999935, -40.95600712199996 ], [ -71.40975231699997, -40.956012441999974 ], [ -71.410013987999946, -40.95594979699996 ], [ -71.41041415799998, -40.955893781999976 ], [ -71.410650361999956, -40.955822139999952 ], [ -71.410850272999937, -40.95578937099998 ], [ -71.410998559999939, -40.95571956699996 ], [ -71.411334544999988, -40.955626776999964 ], [ -71.411545280999974, -40.955546136999942 ], [ -71.411707859999979, -40.955523676999974 ], [ -71.411969872999975, -40.955470548999983 ], [ -71.412080479999986, -40.955401531999939 ], [ -71.412242016999983, -40.955350506999935 ], [ -71.412367610999979, -40.955347876999951 ], [ -71.412583200999961, -40.955400535999956 ], [ -71.412784496999961, -40.955405850999966 ], [ -71.413112080999952, -40.955427576999966 ], [ -71.413314764999939, -40.955470976999948 ], [ -71.413579899999945, -40.955503538999949 ], [ -71.413882017999981, -40.95551626799994 ], [ -71.414183442999956, -40.955509952999932 ], [ -71.41462058999997, -40.955434091999962 ], [ -71.414817720999963, -40.955325144999961 ], [ -71.415079730999935, -40.955272009999931 ], [ -71.415353951999975, -40.955209088999936 ], [ -71.41564316299997, -40.955212555999935 ], [ -71.416009118999966, -40.955252526999971 ], [ -71.416308804999971, -40.955198598999971 ], [ -71.416559294999956, -40.955174288999956 ], [ -71.416797920999954, -40.955169283999965 ], [ -71.417000606999977, -40.955212676999963 ], [ -71.417164224999965, -40.955218773999945 ], [ -71.417377732999967, -40.955214294999962 ], [ -71.417768112999966, -40.95523469099993 ], [ -71.417994179999937, -40.955229947999953 ], [ -71.418246407999959, -40.95525324099998 ], [ -71.418421889999934, -40.955240028999981 ], [ -71.418594937999956, -40.955160166999974 ], [ -71.418756469999948, -40.955109132999951 ], [ -71.418993008999962, -40.955046994999975 ], [ -71.419230242999959, -40.955003898999962 ], [ -71.419468867999967, -40.954998888999967 ], [ -71.419559564999986, -40.95507321499997 ], [ -71.419659342999978, -40.955052061999936 ], [ -71.419871457999989, -40.955009492999977 ], [ -71.420047286999989, -40.955005799999981 ], [ -71.420162059999939, -40.955051033999951 ], [ -71.420274744999972, -40.955039137999961 ], [ -71.420497330999979, -40.954939174999936 ], [ -71.420667938999941, -40.954792658999963 ], [ -71.420826335999948, -40.954655928999955 ], [ -71.42095891799994, -40.954500682999935 ], [ -71.421241859999952, -40.954332747999956 ], [ -71.42148816699995, -40.954194169999937 ], [ -71.421811220999984, -40.954092092999929 ], [ -71.422085777999939, -40.954038677999961 ], [ -71.422500224999965, -40.95402996599995 ], [ -71.422698382999954, -40.953949569999963 ], [ -71.422908402999951, -40.953849865999985 ], [ -71.423093303999963, -40.953750689999936 ], [ -71.423263554999949, -40.953594648999967 ], [ -71.423422639999956, -40.953476957999953 ], [ -71.423683240999935, -40.953385717999936 ], [ -71.423817206999956, -40.953268554999966 ], [ -71.424002453999947, -40.953178898999965 ], [ -71.424224330999948, -40.953059885999949 ], [ -71.424420391999945, -40.952922357999967 ], [ -71.424703317999956, -40.952754415999948 ], [ -71.424912633999952, -40.952635665999935 ], [ -71.425183346999972, -40.952477507999959 ], [ -71.425443941999958, -40.952386264999973 ], [ -71.425562903999946, -40.952202713999952 ], [ -71.425658839999983, -40.952076819999945 ], [ -71.42579419499998, -40.951997739999968 ], [ -71.425965480999935, -40.951870259999964 ], [ -71.426147930999946, -40.95170442999995 ], [ -71.426368403999959, -40.951547326999957 ], [ -71.42680132299995, -40.951357162999955 ], [ -71.426984814999969, -40.951219895999941 ], [ -71.427206679999983, -40.951100876999931 ], [ -71.42739226499998, -40.951020737999954 ], [ -71.427589360999946, -40.950911768999958 ], [ -71.427863201999969, -40.950839298999938 ], [ -71.42806238999998, -40.950787457999979 ], [ -71.428233668999951, -40.950659973999961 ], [ -71.428391690999945, -40.950513712999964 ], [ -71.428614597999967, -40.950423255999965 ], [ -71.428913202999979, -40.950340731999972 ], [ -71.429188087999933, -40.950296821999984 ], [ -71.429362855999955, -40.950264551999965 ], [ -71.429546688999949, -40.950136801999975 ], [ -71.429643661999933, -40.950039468999933 ], [ -71.429829240999936, -40.949959325999941 ], [ -71.430164468999976, -40.949847439999985 ], [ -71.430489931999944, -40.949811989999944 ], [ -71.430788531999951, -40.949729460999947 ], [ -71.431112246999987, -40.949646401999985 ], [ -71.431448519999947, -40.949563075999947 ], [ -71.431734908999942, -40.949490331999982 ], [ -71.432170594999945, -40.949376319999942 ], [ -71.43248209799998, -40.949303042999929 ], [ -71.432730810999942, -40.949231091999934 ], [ -71.433090795999988, -40.949109145999955 ], [ -71.433489152999982, -40.949005445999944 ], [ -71.433924832999935, -40.948891427999968 ], [ -71.434571545999972, -40.94870624899994 ], [ -71.434921415999952, -40.948651211999959 ], [ -71.435106283999971, -40.94855201799993 ], [ -71.435252777999949, -40.948434576999944 ], [ -71.435361947999979, -40.948327452999933 ], [ -71.435546813999963, -40.948228257999972 ], [ -71.435682848999988, -40.948168209999949 ], [ -71.435685155999977, -40.948168426999985 ], [ -71.435915164999983, -40.948190002999979 ], [ -71.436438187999954, -40.948162390999983 ], [ -71.437171099999944, -40.948057511999934 ], [ -71.437786218999975, -40.94795512099995 ], [ -71.438897837999946, -40.947730493999984 ], [ -71.439745241999958, -40.947533795999959 ], [ -71.441323067999974, -40.947165204999976 ], [ -71.442493554999942, -40.946939295999982 ], [ -71.442900875999953, -40.946796591999941 ], [ -71.44324600799996, -40.946565824999936 ], [ -71.443507737999937, -40.946470895999937 ], [ -71.444269241999962, -40.946343020999961 ], [ -71.445177151999985, -40.946189689999983 ], [ -71.445941121999965, -40.946128785999974 ], [ -71.447316049999984, -40.945853799999952 ], [ -71.447988372999987, -40.945705448999945 ], [ -71.448335955999937, -40.945541649999939 ], [ -71.448861866999948, -40.945418749999931 ], [ -71.449274116999959, -40.945409988999984 ], [ -71.449857265999981, -40.945241177999947 ], [ -71.450294006999968, -40.94509782199998 ], [ -71.450645709999947, -40.945045652999966 ], [ -71.451173263999976, -40.94496739799996 ], [ -71.451664760999961, -40.944711147999953 ], [ -71.452243764999935, -40.944430687999954 ], [ -71.453343694999944, -40.943893341999967 ], [ -71.454156594999972, -40.94356320299994 ], [ -71.454768332999947, -40.943371412999966 ], [ -71.455120849999957, -40.943341557999929 ], [ -71.455441439999959, -40.943245347999948 ], [ -71.455909253999948, -40.943145998999967 ], [ -71.456611801999941, -40.943019298999957 ], [ -71.45728490099998, -40.942893222999942 ], [ -71.457781326999964, -40.942770911999958 ], [ -71.458244992999937, -40.942559916999983 ], [ -71.458598332999941, -40.942552378999949 ], [ -71.458890296999982, -40.94247911399998 ], [ -71.459298381999986, -40.942358680999973 ], [ -71.459529796999959, -40.942242017999945 ], [ -71.459851202999971, -40.942168121999941 ], [ -71.46022818199998, -40.942003659999955 ], [ -71.460486550999974, -40.941819383999984 ], [ -71.460776020999958, -40.94167913299998 ], [ -71.46103521699996, -40.941517182999974 ], [ -71.461260820999939, -40.941244225999981 ], [ -71.461369474999969, -40.940996109999958 ], [ -71.461539503999973, -40.940813718999948 ], [ -71.461918129999958, -40.940693905999979 ], [ -71.46238591599996, -40.940594530999931 ], [ -71.462766198999986, -40.940519369999947 ], [ -71.463141500999939, -40.940310243999932 ], [ -71.463455422999971, -40.940035393999949 ], [ -71.463946002999933, -40.939756765999959 ], [ -71.464379353999959, -40.939524049999932 ], [ -71.464843805999976, -40.939335356999948 ], [ -71.465798820999964, -40.938868026999955 ], [ -71.466347437999957, -40.938565801999971 ], [ -71.466949948999968, -40.938128351999978 ], [ -71.467519683999967, -40.937602219999974 ], [ -71.467745246999982, -40.937329249999948 ], [ -71.468003576999934, -40.937144958999966 ], [ -71.468494116999977, -40.93686631199995 ], [ -71.468837441999938, -40.936590817999956 ], [ -71.469152986999973, -40.936360607999973 ], [ -71.469349096999963, -40.936088266999946 ], [ -71.46954354199994, -40.935771270999965 ], [ -71.469851591999941, -40.935340114999974 ], [ -71.470163797999987, -40.935020592999933 ], [ -71.47050128099994, -40.934588804999976 ], [ -71.470870697999942, -40.934223365999969 ], [ -71.471207339999978, -40.933769247999976 ], [ -71.471405932999971, -40.933563884999955 ], [ -71.471602025999971, -40.933291539999971 ], [ -71.471764514999961, -40.932908189999978 ], [ -71.471859365999933, -40.932468383999947 ], [ -71.47206702699998, -40.932129798999938 ], [ -71.472234675999971, -40.931783880999944 ], [ -71.472396368999966, -40.931278341999985 ], [ -71.47258302299997, -40.930635337999945 ], [ -71.473062684999945, -40.929780653999956 ], [ -71.473456389999967, -40.929041918999985 ], [ -71.473565593999979, -40.92874289699995 ], [ -71.47373407799995, -40.928419780999945 ], [ -71.473937731999968, -40.928232837999985 ], [ -71.474076997999987, -40.92793316999996 ], [ -71.47406678599998, -40.92765953199995 ], [ -71.474027358999933, -40.927409342999965 ], [ -71.473991335999983, -40.927250366999942 ], [ -71.473977720999983, -40.92688551699996 ], [ -71.474134283999945, -40.926243155999941 ], [ -71.474181648999945, -40.925899817999948 ], [ -71.474291695999966, -40.925623597999959 ], [ -71.474399188999939, -40.925278968999976 ], [ -71.474446551999961, -40.924935630999983 ], [ -71.474670043999936, -40.924474403999966 ], [ -71.474982873999977, -40.923988435999945 ], [ -71.475349867999967, -40.923341554999979 ], [ -71.475841366999987, -40.92280610399996 ], [ -71.476331153999979, -40.922225045999937 ], [ -71.476993642999958, -40.921434879999936 ], [ -71.477222217999952, -40.921110467999938 ], [ -71.477717093999956, -40.920666221999966 ], [ -71.47815695099996, -40.92036008599996 ], [ -71.478536679999934, -40.920055241999933 ], [ -71.478681023999968, -40.919892387999937 ], [ -71.479065010999989, -40.919701556999939 ], [ -71.479366482999978, -40.919717892999984 ], [ -71.479672218999951, -40.919848243999979 ], [ -71.480137647999982, -40.920226192999962 ], [ -71.480474302999937, -40.920378696999933 ], [ -71.480725037999946, -40.920647156999962 ], [ -71.48093973999994, -40.920756642999947 ], [ -71.481398355999943, -40.920952161999935 ], [ -71.481730750999986, -40.92099064699994 ], [ -71.482244373999947, -40.921048049999968 ], [ -71.482491702999937, -40.921225293999953 ], [ -71.482741595999983, -40.921470945999943 ], [ -71.483105763999959, -40.921554385999968 ], [ -71.483471640999937, -40.921683430999963 ], [ -71.483621954999933, -40.92168019099995 ], [ -71.483828122999967, -40.921561640999983 ], [ -71.484035998999957, -40.921488696999972 ], [ -71.48421637499996, -40.921484808999935 ], [ -71.48457370899996, -40.921385819999955 ], [ -71.484783291999975, -40.921358479999981 ], [ -71.485144042999934, -40.921350700999938 ], [ -71.485600964999946, -40.921500596999977 ], [ -71.485845740999935, -40.921609424999986 ], [ -71.486297535999938, -40.921622499999955 ], [ -71.486507974999938, -40.921617959999935 ], [ -71.486716702999956, -40.921567812999967 ], [ -71.486980423999967, -40.921379550999973 ], [ -71.48730683499997, -40.921258399999942 ], [ -71.487723431999939, -40.921135300999936 ], [ -71.488052406999941, -40.921082556999977 ], [ -71.488471568999955, -40.921027863999939 ], [ -71.488678581999977, -40.920932107999931 ], [ -71.489002419999963, -40.92074254299996 ], [ -71.489300473999947, -40.920667641999955 ], [ -71.489660362999984, -40.920637045999968 ], [ -71.490107013999989, -40.920513288999985 ], [ -71.490375859999972, -40.920461837999937 ], [ -71.490642135999963, -40.920341975999975 ], [ -71.490816511999981, -40.920178457999953 ], [ -71.491048439999986, -40.919945230999986 ], [ -71.491403184999967, -40.919777812999939 ], [ -71.491704658999936, -40.919794116999981 ], [ -71.492159011999945, -40.91987557799996 ], [ -71.492466486999945, -40.920051499999943 ], [ -71.492828085999975, -40.920066499999962 ], [ -71.493125273999965, -40.91996878599997 ], [ -71.493480012999953, -40.91980136199993 ], [ -71.49380383099998, -40.919611783999983 ], [ -71.494070954999984, -40.919514717999959 ], [ -71.494341507999934, -40.919508862999976 ], [ -71.494647270999963, -40.91963917299995 ], [ -71.494774379999967, -40.919818991999932 ], [ -71.494572526999946, -40.920051574999945 ], [ -71.494313121999937, -40.92035386799995 ], [ -71.49416710099996, -40.920471134999957 ], [ -71.493969531999937, -40.920817731999932 ], [ -71.494099214999949, -40.921065959999964 ], [ -71.494348290999937, -40.921288782999966 ], [ -71.494623141999966, -40.921396940999955 ], [ -71.494900566999945, -40.921573506999948 ], [ -71.494823248999978, -40.921917500999939 ], [ -71.494717583999943, -40.922307751999938 ], [ -71.494701248999945, -40.922673246999977 ], [ -71.494717549999962, -40.92310649999996 ], [ -71.494789688999958, -40.923424437999984 ], [ -71.494863543999941, -40.923787980999975 ], [ -71.494903904999944, -40.924060963999978 ], [ -71.494909910999979, -40.924220582999965 ], [ -71.494739825999943, -40.924498121999932 ], [ -71.494570596999949, -40.924798462999945 ], [ -71.494373875999941, -40.925167862999956 ], [ -71.494215796999981, -40.925764638999965 ], [ -71.494143618999942, -40.926245449999954 ], [ -71.494068008999989, -40.926635049999959 ], [ -71.493996686999935, -40.927138662999937 ], [ -71.493893583999977, -40.927597320999951 ], [ -71.493757839999944, -40.927988221999954 ], [ -71.493561105999959, -40.928357620999975 ], [ -71.493421928999965, -40.928657309999949 ], [ -71.49346485999996, -40.928998700999955 ], [ -71.493748320999941, -40.929334887999971 ], [ -71.493999143999986, -40.929603315999941 ], [ -71.49398451999997, -40.930014416999938 ], [ -71.493824711999935, -40.930565587999979 ], [ -71.493816092999964, -40.931136307999964 ], [ -71.493896817999939, -40.931682272999979 ], [ -71.494108109999956, -40.932499268999948 ], [ -71.494385487999978, -40.93282821899993 ], [ -71.494751174999976, -40.933105552999962 ], [ -71.494754603999979, -40.933109221999985 ], [ -71.494996779999951, -40.93336837399994 ], [ -71.495106183999951, -40.933612961999984 ], [ -71.49512546699998, -40.933656071999962 ], [ -71.495140470999957, -40.933769647999952 ], [ -71.49516667499995, -40.933968007999965 ], [ -71.495176384999979, -40.934225917999981 ], [ -71.495180123999944, -40.93432523499996 ], [ -71.495078705999958, -40.934534658999951 ], [ -71.495016088999932, -40.934663959999966 ], [ -71.494763728999942, -40.935004596999931 ], [ -71.494566046999978, -40.935232324999959 ], [ -71.494185835999986, -40.935307589999979 ], [ -71.493740860999935, -40.935227839999982 ], [ -71.493387569999982, -40.935235484999964 ], [ -71.493068758999982, -40.935376451999957 ], [ -71.492869390999942, -40.935559523999984 ], [ -71.492757504999986, -40.935718358999964 ], [ -71.492590094999969, -40.935967773999948 ], [ -71.492450445999964, -40.93617189899993 ], [ -71.492158550999989, -40.936245245999942 ], [ -71.491893577999974, -40.93625097599994 ], [ -71.49185969399997, -40.936264752999932 ], [ -71.491661403999956, -40.936345375999963 ], [ -71.491611754999951, -40.93659224299995 ], [ -71.491619309999976, -40.936793183999953 ], [ -71.491582706999964, -40.936834484999963 ], [ -71.491477976999988, -40.936952653999981 ], [ -71.49115411799994, -40.936959655999942 ], [ -71.490971592999983, -40.936807186999943 ], [ -71.490788228999975, -40.936632390999932 ], [ -71.490576264999959, -40.936480557999971 ], [ -71.490215414999966, -40.936287252999932 ], [ -71.489946207999935, -40.936293069999977 ], [ -71.489891558999943, -40.936294249999946 ], [ -71.48966649099998, -40.936392524999974 ], [ -71.489514690999954, -40.936458806999951 ], [ -71.489226144999975, -40.936621453999976 ], [ -71.489027600999975, -40.936826846999963 ], [ -71.488984692999963, -40.936964494999984 ], [ -71.488922411999965, -40.937164292999967 ], [ -71.488729733999946, -40.937525971999946 ], [ -71.488693488999957, -40.938130066999975 ], [ -71.488689200999943, -40.938800506999939 ], [ -71.48878498299996, -40.939781613999969 ], [ -71.488815171999988, -40.94058537799998 ], [ -71.48869730499996, -40.941369994999945 ], [ -71.488598816999968, -40.941886053999951 ], [ -71.488349751999976, -40.942315985999983 ], [ -71.488361490999978, -40.942628559999946 ], [ -71.48838496999997, -40.943253709999965 ], [ -71.488585118999936, -40.94387504499997 ], [ -71.488717993999956, -40.944274382999936 ], [ -71.488734767999972, -40.944720917999973 ], [ -71.488840717999949, -40.945187871999963 ], [ -71.488945829999977, -40.945632499999931 ], [ -71.489049172999955, -40.946099509999954 ], [ -71.48903566499996, -40.946524353999962 ], [ -71.488901016999989, -40.946862435999947 ], [ -71.488764689999982, -40.947155862999978 ], [ -71.488445812999942, -40.947296818999973 ], [ -71.488033562999988, -40.947305720999964 ], [ -71.487598573999946, -40.947493870999949 ], [ -71.487312491999944, -40.947723495999981 ], [ -71.487027245999968, -40.94797544599993 ], [ -71.486626723999962, -40.948296917999983 ], [ -71.486517998999943, -40.948453752999967 ], [ -71.486462794999966, -40.948533382999983 ], [ -71.486375110999973, -40.948659864999968 ], [ -71.486065437999969, -40.949046409999937 ], [ -71.48575157199997, -40.949321318999978 ], [ -71.485409093999976, -40.949619189999964 ], [ -71.484859640999957, -40.949899177999953 ], [ -71.484120934999964, -40.950249207999946 ], [ -71.483802927999989, -40.950598382999942 ], [ -71.483424765999985, -40.950948852999943 ], [ -71.483046599999966, -40.951299321999954 ], [ -71.482820520999951, -40.951692155999979 ], [ -71.482830777999936, -40.951965790999964 ], [ -71.482842744999971, -40.952285030999974 ], [ -71.482761916999948, -40.952537806999942 ], [ -71.482528994999939, -40.952748216999964 ], [ -71.482325293999963, -40.952935175999983 ], [ -71.482216095999945, -40.953234204999944 ], [ -71.482194564999986, -40.95346288199994 ], [ -71.482203965999986, -40.953713713999946 ], [ -71.482124842999951, -40.954012094999939 ], [ -71.481953777999934, -40.954266813999936 ], [ -71.481750925999961, -40.954476574999944 ], [ -71.481518847999951, -40.954709785999967 ], [ -71.481528246999972, -40.954960617999973 ], [ -71.48162360699996, -40.955095491999941 ], [ -71.481780832999959, -40.955274676999977 ], [ -71.481824582999934, -40.955638874999977 ], [ -71.481803904999936, -40.955890354999951 ], [ -71.481727341999942, -40.956257143999949 ], [ -71.481740159999958, -40.956599187999984 ], [ -71.481752977999975, -40.956941230999973 ], [ -71.481831081999985, -40.957418795999956 ], [ -71.481873124999936, -40.957737387999941 ], [ -71.482035486999962, -40.958053388999986 ], [ -71.48216605999994, -40.958324431999984 ], [ -71.482266555999956, -40.95859612299995 ], [ -71.482336972999974, -40.958868460999952 ], [ -71.482348939999952, -40.959187700999962 ], [ -71.482267247999971, -40.959417673999951 ], [ -71.482244861999959, -40.959623547999968 ], [ -71.482252554999945, -40.95982877299997 ], [ -71.482318698999961, -40.959987097999942 ], [ -71.482536098999958, -40.96016498399996 ], [ -71.482573873999968, -40.960369561999983 ], [ -71.482581567999944, -40.960574786999985 ], [ -71.482468940999979, -40.960782605999952 ], [ -71.482329651999976, -40.961082282999939 ], [ -71.482280602999936, -40.961380015999964 ], [ -71.482292571999949, -40.961699255999974 ], [ -71.482420589999947, -40.961901889999979 ], [ -71.482490155999983, -40.962151424999945 ], [ -71.482563142999936, -40.962492171999941 ], [ -71.482492563999983, -40.963018581999961 ], [ -71.482533759999967, -40.963314369999978 ], [ -71.482725365999954, -40.963606918999972 ], [ -71.482880905999934, -40.963740494999968 ], [ -71.48306738399998, -40.963896224999985 ], [ -71.483348384999942, -40.964164023999956 ], [ -71.483539140999937, -40.964433767999935 ], [ -71.483553682999968, -40.96482141599995 ], [ -71.483532154999978, -40.965050092999945 ], [ -71.483818295999981, -40.965454706999935 ], [ -71.483854366999935, -40.965613678999944 ], [ -71.483832839999934, -40.96584235499995 ], [ -71.483781228999987, -40.96607167999997 ], [ -71.483759701999986, -40.966300356999966 ], [ -71.48376654599997, -40.966482779999978 ], [ -71.483686562999935, -40.966758358999982 ], [ -71.483605722999982, -40.96701113499995 ], [ -71.483500787999958, -40.967424179999966 ], [ -71.483394996999948, -40.967814420999957 ], [ -71.483372626999937, -40.967841490999945 ], [ -71.483049387999984, -40.968232651999983 ], [ -71.482910086999937, -40.96853232999996 ], [ -71.482947013999933, -40.968714104999947 ], [ -71.483171288999984, -40.969074410999951 ], [ -71.483336252999948, -40.969458816999975 ], [ -71.483494374999964, -40.969660799999986 ], [ -71.483562243999984, -40.969864728999937 ], [ -71.483485678999955, -40.970231518999981 ], [ -71.48319937399998, -40.970625650999978 ], [ -71.482850328999973, -40.970952670999964 ], [ -71.482745383999941, -40.971365713999944 ], [ -71.482788298999935, -40.971707107999976 ], [ -71.482800273999942, -40.972026347999929 ], [ -71.48260079399995, -40.972327321999956 ], [ -71.482116699999949, -40.973068031999958 ], [ -71.481861316999982, -40.973484314999951 ], [ -71.481633450999936, -40.973831541999971 ], [ -71.481337715999985, -40.973974838999936 ], [ -71.480981806999978, -40.974119430999963 ], [ -71.480900948999988, -40.974372204999952 ], [ -71.480941293999933, -40.974645191999969 ], [ -71.480895650999969, -40.97503413499993 ], [ -71.480752908999989, -40.975242599999945 ], [ -71.480396136999957, -40.975364386999956 ], [ -71.480010129999982, -40.975509623999983 ], [ -71.479688567999972, -40.975767578999978 ], [ -71.47942205399994, -40.975887420999982 ], [ -71.479094507999946, -40.975985753999964 ], [ -71.478806444999975, -40.976334269999938 ], [ -71.478759080999964, -40.976677607999932 ], [ -71.478678212999966, -40.976930380999931 ], [ -71.478605029999983, -40.977388379999979 ], [ -71.478500904999976, -40.97782422399996 ], [ -71.478511152999943, -40.978097857999956 ], [ -71.478581578999979, -40.978370197999936 ], [ -71.478769798999963, -40.978571539999962 ], [ -71.478955455999937, -40.978704472999937 ], [ -71.479380969999966, -40.978809422999973 ], [ -71.479627661999984, -40.978963861999944 ], [ -71.479754852999974, -40.979143694999948 ], [ -71.479792632999988, -40.979348271999982 ], [ -71.479648168999972, -40.979511129999935 ], [ -71.47934898699998, -40.97956321099997 ], [ -71.479144343999963, -40.979727363999984 ], [ -71.478913026999976, -40.979983373999971 ], [ -71.478924986999971, -40.980302613999982 ], [ -71.479023797999957, -40.980528699999979 ], [ -71.479091666999977, -40.980732630999967 ], [ -71.478978996999956, -40.980940445999977 ], [ -71.478745112999945, -40.98112804799996 ], [ -71.478631298999971, -40.981305372999941 ], [ -71.478433480999968, -40.981651946999932 ], [ -71.478383550999979, -40.981926875999932 ], [ -71.47836370999994, -40.982201156999963 ], [ -71.47819085499998, -40.982410265999931 ], [ -71.477990469999952, -40.982688430999985 ], [ -71.477759138999943, -40.982944439999983 ], [ -71.477645607999989, -40.983129450999968 ], [ -71.477565581999954, -40.983405026999947 ], [ -71.477392720999944, -40.983614134999982 ], [ -71.47721473699994, -40.983686424999973 ], [ -71.477071964999936, -40.983894885999973 ], [ -71.476960137999981, -40.984125502999973 ], [ -71.476757181999972, -40.984335256999941 ], [ -71.476521571999967, -40.984477248999951 ], [ -71.476288521999948, -40.984687648999966 ], [ -71.476116507999961, -40.984919557999945 ], [ -71.476066565999986, -40.985194485999955 ], [ -71.475895401999935, -40.985449197999969 ], [ -71.475749209999947, -40.98556644599995 ], [ -71.475364839999941, -40.98575727399998 ], [ -71.474942719999945, -40.985958275999963 ], [ -71.474613092999959, -40.986222630999976 ], [ -71.47443210199998, -40.986426620999964 ], [ -71.474191897999958, -40.986560416999964 ], [ -71.47412185099995, -40.986704851999946 ], [ -71.47413093199998, -40.986947637999947 ], [ -71.474194416999978, -40.987132083999938 ], [ -71.474277817999962, -40.98734468899994 ], [ -71.474285295999948, -40.987544630999935 ], [ -71.474291171999937, -40.987701727999934 ], [ -71.474280871999952, -40.987930637999966 ], [ -71.474212425999951, -40.988117916999954 ], [ -71.474181140999974, -40.988290104999976 ], [ -71.473984500999961, -40.988580188999947 ], [ -71.473732917999939, -40.988914330999933 ], [ -71.473495908999951, -40.989133814999946 ], [ -71.473296058999949, -40.989338207999936 ], [ -71.473132835999934, -40.989513227999964 ], [ -71.472819896999965, -40.989720047999981 ], [ -71.472559761999946, -40.989825681999946 ], [ -71.472336788999939, -40.989916225999934 ], [ -71.472152044999973, -40.990020240999968 ], [ -71.472025979999955, -40.990180169999974 ], [ -71.471918228999982, -40.990325411999947 ], [ -71.471754465999936, -40.990486148999935 ], [ -71.471552472999974, -40.990633412999955 ], [ -71.471369859999982, -40.990794553999933 ], [ -71.47114901599997, -40.990942220999955 ], [ -71.470866291999982, -40.990948284999945 ], [ -71.470527021999942, -40.990955560999964 ], [ -71.470206599999983, -40.990962431999947 ], [ -71.469906625999954, -40.991011741999955 ], [ -71.469589403999976, -40.99110430099995 ], [ -71.469215101999964, -40.991183788999933 ], [ -71.468618881999987, -40.991382374999944 ], [ -71.468340417999968, -40.991502685999933 ], [ -71.468194425999968, -40.991634450999982 ], [ -71.468031183999983, -40.99180946499996 ], [ -71.467925552999986, -40.992011829999967 ], [ -71.467912032999948, -40.992155049999951 ], [ -71.467880196999943, -40.992312954999932 ], [ -71.467809597999974, -40.99244310499995 ], [ -71.467662004999966, -40.992532023999956 ], [ -71.467551575999948, -40.992605854999965 ], [ -71.467443277999962, -40.992736811999976 ], [ -71.467373209999948, -40.992881242999943 ], [ -71.467325187999961, -40.993110959999967 ], [ -71.467236270999933, -40.993255793999936 ], [ -71.467110186999946, -40.993415717999937 ], [ -71.466907108999976, -40.993534410999985 ], [ -71.466742260999979, -40.993666577999932 ], [ -71.466634491999969, -40.993811815999948 ], [ -71.466471240999965, -40.993986826999958 ], [ -71.466381254999988, -40.994103097999982 ], [ -71.46614313799995, -40.994294004999972 ], [ -71.465961566999965, -40.994483700999979 ], [ -71.46574069899998, -40.994631358999982 ], [ -71.465539743999955, -40.994807175999938 ], [ -71.465339319999941, -40.994997273999957 ], [ -71.465232078999975, -40.995156791999932 ], [ -71.465199702999939, -40.995300415999964 ], [ -71.465230796999947, -40.995628489999945 ], [ -71.465294799999981, -40.995827222999935 ], [ -71.465358269999967, -40.996011673999931 ], [ -71.465360931999953, -40.996083081999984 ], [ -71.465365191999979, -40.996197334999977 ], [ -71.465368385999966, -40.996283024999968 ], [ -71.46514271999996, -40.996302146999938 ], [ -71.464877755999964, -40.996279229999971 ], [ -71.464728552999986, -40.996325301999946 ], [ -71.464601393999942, -40.996456658999932 ], [ -71.464514062999967, -40.996644336999964 ], [ -71.464464963999944, -40.996845489999941 ], [ -71.464399675999971, -40.997118453999974 ], [ -71.464332257999956, -40.997334291999948 ], [ -71.46426430799994, -40.997535846999938 ], [ -71.464194760999987, -40.997694557999978 ], [ -71.463994856999989, -40.997898935999956 ], [ -71.463829992999933, -40.998031099999935 ], [ -71.46358866099996, -40.998136311999986 ], [ -71.463328478999983, -40.998241926999981 ], [ -71.463069890999975, -40.998390385999983 ], [ -71.462831216999973, -40.998567004999984 ], [ -71.462611923999987, -40.998757501999933 ], [ -71.462355459999969, -40.998963085999947 ], [ -71.462265459999969, -40.999079353999946 ], [ -71.462119971999982, -40.99922539399995 ], [ -71.461955099999955, -40.99935755499996 ], [ -71.461699694999936, -40.999591700999929 ], [ -71.461534821999976, -40.99972386099995 ], [ -71.461314457999947, -40.999885792999976 ], [ -71.461185326999953, -41.0 ] ], [ [ -71.493888133999974, -40.937590314999966 ], [ -71.494082112999934, -40.937563186999967 ], [ -71.494153463999965, -40.937571680999952 ], [ -71.494344058999957, -40.937598285999968 ], [ -71.49440759099997, -40.937607153999977 ], [ -71.494520989999955, -40.937649352999983 ], [ -71.49462164199997, -40.937632637999968 ], [ -71.494771174999983, -40.937637394999967 ], [ -71.494920775999958, -40.93773738699997 ], [ -71.494954579999956, -40.937860770999976 ], [ -71.494963450999933, -40.937967489999949 ], [ -71.494911679999973, -40.938005679999947 ], [ -71.494725517999939, -40.938032434999968 ], [ -71.494512450999935, -40.93801880999996 ], [ -71.494334041999934, -40.937949955999954 ], [ -71.494072028999938, -40.93781962199995 ], [ -71.493950318999964, -40.937771866999981 ], [ -71.493868193999958, -40.937728172999982 ], [ -71.493806074999952, -40.937641855999971 ], [ -71.493888133999974, -40.937590314999966 ] ] ] } },
{ "type": "Feature", "properties": { "gid": 41333, "entidad": 3.0, "objeto": "Espejo de agua perenne", "fna": "Lago Nahuel Huapi", "gna": "Lago", "nam": "Nahuel Huapi", "sag": "IGN" }, "geometry": { "type": "Polygon", "coordinates": [ [ [ -71.674972309999987, -40.736102585999959 ], [ -71.674689986999965, -40.736434008999936 ], [ -71.674584611999933, -40.736557709999943 ], [ -71.674519603999954, -40.736634023999954 ], [ -71.674210273999961, -40.736895763999939 ], [ -71.674154463999969, -40.737003089999973 ], [ -71.673900943999968, -40.737490629999968 ], [ -71.673792434999939, -40.737816156999941 ], [ -71.673758175999978, -40.737918932999946 ], [ -71.673727492999944, -40.738035528999944 ], [ -71.673639202999937, -40.738371029999939 ], [ -71.673429917999954, -40.738747743999966 ], [ -71.673282283999981, -40.73901348499993 ], [ -71.67327516499995, -40.739034839999931 ], [ -71.673163310999939, -40.739370403999942 ], [ -71.672920600999987, -40.739661654999964 ], [ -71.671973579999985, -40.740798079999934 ], [ -71.670807643999979, -40.742011605999949 ], [ -71.670260982999935, -40.742388613999935 ], [ -71.670117600999959, -40.742487497999946 ], [ -71.66928478899996, -40.742796827999939 ], [ -71.669067138999935, -40.742842648999954 ], [ -71.668832691999967, -40.742892005999977 ], [ -71.668685409999966, -40.742973828999936 ], [ -71.668524403999982, -40.743063276999976 ], [ -71.668404388999988, -40.743129951999947 ], [ -71.668296987999952, -40.74342530399997 ], [ -71.668215803999942, -40.743648560999929 ], [ -71.66821403199998, -40.743653433999953 ], [ -71.66821403199998, -40.743654744999958 ], [ -71.66821403199998, -40.744153120999954 ], [ -71.668190236999976, -40.744557628999985 ], [ -71.668213084999934, -40.744900349999966 ], [ -71.66821403199998, -40.74491454799994 ], [ -71.668244279999954, -40.745035540999936 ], [ -71.668285415999947, -40.745200082999929 ], [ -71.668261620999942, -40.745557002999931 ], [ -71.667976085999953, -40.745842537999977 ], [ -71.667944580999972, -40.74594755499993 ], [ -71.667904701999987, -40.746080483999947 ], [ -71.667904701999987, -40.746437402999959 ], [ -71.668166442999961, -40.747555749999947 ], [ -71.66845197799995, -40.748150614999929 ], [ -71.668713718999982, -40.748578917999964 ], [ -71.668721172999938, -40.748585625999965 ], [ -71.668832691999967, -40.748769274999972 ], [ -71.669094431999952, -40.748935836999976 ], [ -71.669134635999967, -40.74903347399993 ], [ -71.669260994999945, -40.74934034599994 ], [ -71.669224735999933, -40.749612283999966 ], [ -71.669213405999983, -40.749697264999952 ], [ -71.66914202199996, -40.750101772999983 ], [ -71.669308583999964, -40.750672843999951 ], [ -71.669427556999949, -40.751315297999952 ], [ -71.669522735999976, -40.751672216999964 ], [ -71.669522735999976, -40.752100519999942 ], [ -71.669522735999976, -40.75243364499994 ], [ -71.669379967999987, -40.752885741999933 ], [ -71.669213405999983, -40.753171277999968 ], [ -71.669070637999937, -40.75352819699998 ], [ -71.668832691999967, -40.753551990999938 ], [ -71.668570950999936, -40.754099267999948 ], [ -71.668023674999972, -40.754813105999972 ], [ -71.667690550999964, -40.755407970999954 ], [ -71.667381220999971, -40.755860068999937 ], [ -71.667143274999944, -40.756359754999949 ], [ -71.667238452999982, -40.756883236999954 ], [ -71.66803632999995, -40.757235240999933 ], [ -71.668047469999976, -40.757240155999966 ], [ -71.668190236999976, -40.75764466399994 ], [ -71.668167386999983, -40.758033122999962 ], [ -71.668166442999961, -40.758049172999961 ], [ -71.668047469999976, -40.758501269999954 ], [ -71.668047469999976, -40.75897716299994 ], [ -71.668047469999976, -40.759619616999942 ], [ -71.668047469999976, -40.759746929999949 ], [ -71.668047469999976, -40.759952741999939 ], [ -71.667928496999934, -40.760714168999982 ], [ -71.667738139999983, -40.761166266999965 ], [ -71.667652190999945, -40.76138113899998 ], [ -71.667547782999975, -40.761642158999962 ], [ -71.667500193999956, -40.762094255999955 ], [ -71.667476398999952, -40.762522558999933 ], [ -71.667405014999986, -40.762879478999935 ], [ -71.667262247999986, -40.763093629999958 ], [ -71.66711947999994, -40.763474343999974 ], [ -71.66711947999994, -40.763807467999982 ], [ -71.667154792999952, -40.763925178999955 ], [ -71.667190863999963, -40.764045414999941 ], [ -71.667205767999974, -40.764373312999965 ], [ -71.667214657999978, -40.764568895999957 ], [ -71.667238452999982, -40.764878225999951 ], [ -71.667333630999963, -40.765187555999944 ], [ -71.667405014999986, -40.765758625999979 ], [ -71.667452603999948, -40.766353491999951 ], [ -71.667523987999971, -40.766853178999952 ], [ -71.66766675599996, -40.767162507999956 ], [ -71.667795923999961, -40.767310128999952 ], [ -71.667857112999968, -40.767352864999964 ], [ -71.667999879999968, -40.767471837999949 ], [ -71.667999879999968, -40.767561067999964 ], [ -71.667999879999968, -40.767640283999981 ], [ -71.667999879999968, -40.767709783999976 ], [ -71.667925914999955, -40.767907025999932 ], [ -71.667785728999945, -40.768280854999944 ], [ -71.667714344999979, -40.768756746999941 ], [ -71.667669985999964, -40.769111620999979 ], [ -71.66766675599996, -40.769137460999957 ], [ -71.66766675599996, -40.769613352999954 ], [ -71.667809523999949, -40.769875093999985 ], [ -71.668023674999972, -40.770065450999937 ], [ -71.668172951999964, -40.770214727999985 ], [ -71.668261620999942, -40.770303396999964 ], [ -71.668547156999978, -40.770588931999953 ], [ -71.668642334999959, -40.770779288999961 ], [ -71.668640721999964, -40.770795420999946 ], [ -71.668618553999977, -40.771017101999973 ], [ -71.668618539999954, -40.771017234999931 ], [ -71.66845197799995, -40.771136207999973 ], [ -71.668226812999933, -40.771329206999951 ], [ -71.668118853999943, -40.771421743999952 ], [ -71.667833317999964, -40.771897635999949 ], [ -71.667619166999941, -40.77230214399998 ], [ -71.667333630999963, -40.772849419999943 ], [ -71.667143274999944, -40.773230133999959 ], [ -71.666976711999951, -40.77377740999998 ], [ -71.666857738999965, -40.774229507999962 ], [ -71.666691176999961, -40.774705399999959 ], [ -71.666405641999972, -40.775276469999937 ], [ -71.666239078999979, -40.775728567999977 ], [ -71.666215284999964, -40.77603789799997 ], [ -71.666167695999945, -40.776323432999959 ], [ -71.666120105999937, -40.776561378999929 ], [ -71.665953543999933, -40.77696588799995 ], [ -71.665834570999948, -40.777322806999962 ], [ -71.665763186999982, -40.777560752999932 ], [ -71.665668008999944, -40.777798698999959 ], [ -71.665572829999974, -40.778012850999971 ], [ -71.665430062999974, -40.778274590999956 ], [ -71.665334883999947, -40.778583920999949 ], [ -71.665287294999985, -40.778798072999962 ], [ -71.665168321999943, -40.779107402999955 ], [ -71.664906580999968, -40.779392937999944 ], [ -71.664692429999945, -40.779511910999929 ], [ -71.664359304999948, -40.77977365199996 ], [ -71.664216536999959, -40.780130570999972 ], [ -71.663859617999947, -40.780439900999966 ], [ -71.663621671999977, -40.780796819999978 ], [ -71.663478904999977, -40.781106149999971 ], [ -71.663193368999941, -40.781344095999941 ], [ -71.663050601999942, -40.78139168499996 ], [ -71.662910710999938, -40.781395955999983 ], [ -71.66275514299997, -40.78124730199994 ], [ -71.662574708999955, -40.781058560999952 ], [ -71.66231296899997, -40.780963381999982 ], [ -71.662270478999972, -40.780949218999979 ], [ -71.662003638999977, -40.780987176999929 ], [ -71.661777003999987, -40.781116681999947 ], [ -71.661670513999979, -40.781177533999937 ], [ -71.661456362999957, -40.781367890999945 ], [ -71.661289799999963, -40.781558247999953 ], [ -71.661099443999944, -40.781843782999943 ], [ -71.660956675999955, -40.782129317999932 ], [ -71.660932880999951, -40.782367263999959 ], [ -71.661004264999974, -40.782605209999929 ], [ -71.661051853999936, -40.782890745999964 ], [ -71.661051853999936, -40.783223869999972 ], [ -71.66107564899994, -40.783533199999965 ], [ -71.661432567999952, -40.783818734999954 ], [ -71.661527989999968, -40.783820258999981 ], [ -71.661784970999975, -40.78374411599998 ], [ -71.66179826399997, -40.783737469999949 ], [ -71.661899184999982, -40.783687008999948 ], [ -71.662080024999966, -40.783591829999978 ], [ -71.662080497999966, -40.783591780999984 ], [ -71.662260863999961, -40.783572794999941 ], [ -71.66245121999998, -40.783572794999941 ], [ -71.662641576999988, -40.783544240999959 ], [ -71.662831933999939, -40.783544240999959 ], [ -71.662965183999972, -40.783563276999985 ], [ -71.663069879999966, -40.783601347999934 ], [ -71.663136504999954, -40.783696526999961 ], [ -71.663184093999973, -40.783810740999968 ], [ -71.663203129999943, -40.78398206199995 ], [ -71.663136504999954, -40.784134346999963 ], [ -71.662984219999942, -40.784267596999939 ], [ -71.662860487999978, -40.784372293999979 ], [ -71.662850969999965, -40.784515060999979 ], [ -71.662860487999978, -40.784714935999943 ], [ -71.662784344999977, -40.785029024999972 ], [ -71.662765308999951, -40.785209863999967 ], [ -71.662708201999976, -40.785371666999936 ], [ -71.662708201999976, -40.785552505999931 ], [ -71.662708201999976, -40.785714309999946 ], [ -71.662803380999947, -40.785857076999946 ], [ -71.66290807699994, -40.785980808999966 ], [ -71.662922970999944, -40.785989000999962 ], [ -71.663098433999949, -40.786085505999949 ], [ -71.663250718999961, -40.786218754999936 ], [ -71.663307825999937, -40.786361522999982 ], [ -71.663307825999937, -40.786370452999961 ], [ -71.663307825999937, -40.786446852999973 ], [ -71.663307825999937, -40.786551879999934 ], [ -71.663260236999974, -40.786713682999959 ], [ -71.663245533999941, -40.786730836999936 ], [ -71.663146022999967, -40.786846932999936 ], [ -71.663031808999961, -40.786970664999956 ], [ -71.66290807699994, -40.787170539999977 ], [ -71.662727237999945, -40.787475110999935 ], [ -71.66267013099997, -40.787665467999943 ], [ -71.662574951999943, -40.78779871699993 ], [ -71.662394112999948, -40.787884377999944 ], [ -71.662317970999936, -40.787979555999982 ], [ -71.662175202999947, -40.788084252999965 ], [ -71.662013399999978, -40.788150877999954 ], [ -71.66196580999997, -40.788265091999961 ], [ -71.661727863999943, -40.788398341999937 ], [ -71.661632685999962, -40.788493519999975 ], [ -71.661527989999968, -40.788617251999938 ], [ -71.661404257999948, -40.788712429999975 ], [ -71.661271007999972, -40.788855197999965 ], [ -71.661061614999937, -40.788950376999935 ], [ -71.660899811999968, -40.788959893999959 ], [ -71.660785597999961, -40.788959893999959 ], [ -71.660696618999964, -40.788946204999945 ], [ -71.660661865999941, -40.788940858999979 ], [ -71.660649287999945, -40.788928280999983 ], [ -71.660604758999966, -40.788883751999947 ], [ -71.660555702999943, -40.788821654999936 ], [ -71.660538133999978, -40.788683876999983 ], [ -71.660546290999946, -40.788585993999959 ], [ -71.660547651999934, -40.788569662999976 ], [ -71.660547651999934, -40.788455448999969 ], [ -71.660540996999941, -40.788453451999942 ], [ -71.660357294999983, -40.788398341999937 ], [ -71.660204961999966, -40.788382306999949 ], [ -71.660176455999988, -40.788379305999968 ], [ -71.660024169999986, -40.788474483999948 ], [ -71.659843330999934, -40.788569662999976 ], [ -71.659624420999933, -40.788607733999982 ], [ -71.659424545999968, -40.788664840999957 ], [ -71.659253224999986, -40.78876953799994 ], [ -71.659167563999972, -40.789007483999967 ], [ -71.659186599999941, -40.789150250999967 ], [ -71.65923418899996, -40.789264464999974 ], [ -71.659300813999948, -40.78939771499995 ], [ -71.659319849999974, -40.789530964999983 ], [ -71.659310331999961, -40.789664214999959 ], [ -71.65917191799997, -40.789903347999939 ], [ -71.659021388999975, -40.790150641999958 ], [ -71.658908607999933, -40.790441355999974 ], [ -71.658542168999986, -40.790683895999962 ], [ -71.658384994999949, -40.790687519999949 ], [ -71.658228528999985, -40.790691126999945 ], [ -71.657864238999935, -40.790987636999944 ], [ -71.657800498999961, -40.791039110999975 ], [ -71.657560108999974, -40.791233240999929 ], [ -71.657532128999947, -40.791255657999955 ], [ -71.657195633999947, -40.791525250999939 ], [ -71.657178046999945, -40.791596820999985 ], [ -71.657116646999953, -40.791846696999983 ], [ -71.656857848999948, -40.79202536899993 ], [ -71.656799597999964, -40.792065584999932 ], [ -71.65623444299996, -40.792078604999972 ], [ -71.655864397999949, -40.792231184999935 ], [ -71.65556030099998, -40.792452942999944 ], [ -71.655369943999972, -40.79283365699996 ], [ -71.655398497999954, -40.793033531999981 ], [ -71.655493675999935, -40.793204852999963 ], [ -71.655520089999982, -40.793249755999966 ], [ -71.655588854999962, -40.793366655999932 ], [ -71.655684032999943, -40.793566530999954 ], [ -71.655750657999988, -40.793775922999941 ], [ -71.655771227999935, -40.793818932999955 ], [ -71.655855354999971, -40.793994833999932 ], [ -71.655950532999952, -40.794242297999972 ], [ -71.656007639999984, -40.794413618999954 ], [ -71.656120525999938, -40.794773362999933 ], [ -71.656149078999988, -40.795173111999929 ], [ -71.656149078999988, -40.795472923999966 ], [ -71.656034864999981, -40.79584411999997 ], [ -71.655877820999933, -40.796286699999939 ], [ -71.655806436999967, -40.796557957999937 ], [ -71.655706498999962, -40.796857769999974 ], [ -71.655478070999948, -40.797100474999979 ], [ -71.655306749999966, -40.797271796999951 ], [ -71.655064044999961, -40.797614438999972 ], [ -71.654867670999977, -40.798045097999932 ], [ -71.654867670999977, -40.79845619799994 ], [ -71.655089032999967, -40.79908865799996 ], [ -71.655405262999977, -40.799594626999976 ], [ -71.65553175499997, -40.79994247999997 ], [ -71.655563377999954, -40.800321956999937 ], [ -71.655436885999961, -40.800859547999949 ], [ -71.655247147999944, -40.801428762999933 ], [ -71.655057409999984, -40.801808239999957 ], [ -71.654899293999961, -40.802092846999983 ], [ -71.654488194999942, -40.802409076999936 ], [ -71.654203587999973, -40.802725307999935 ], [ -71.654171964999989, -40.803041537999945 ], [ -71.654171964999989, -40.80361075299993 ], [ -71.654171964999989, -40.803800490999947 ], [ -71.654583063999951, -40.804021851999948 ], [ -71.654772801999968, -40.804211589999966 ], [ -71.654804424999952, -40.804812427999934 ], [ -71.654804424999952, -40.805444888999943 ], [ -71.654741178999984, -40.805761118999953 ], [ -71.654709555999943, -40.806108972999937 ], [ -71.654614686999935, -40.806520071999955 ], [ -71.654456571999958, -40.806741432999956 ], [ -71.654266833999941, -40.807152532999964 ], [ -71.654235210999957, -40.807437139999934 ], [ -71.654077094999934, -40.807879862999982 ], [ -71.653982225999982, -40.808227715999976 ], [ -71.653792487999965, -40.808480699999961 ], [ -71.653665995999972, -40.808702061999952 ], [ -71.653413011999987, -40.808828553999945 ], [ -71.653160026999956, -40.80908153799993 ], [ -71.653033534999963, -40.809492636999948 ], [ -71.653001911999979, -40.809903736999956 ], [ -71.652907042999971, -40.810283212999934 ], [ -71.652970288999938, -40.810662689999958 ], [ -71.653065157999947, -40.810947296999984 ], [ -71.653096780999988, -40.811326773999951 ], [ -71.652970288999938, -40.811769495999954 ], [ -71.652622435999945, -40.812307087999955 ], [ -71.652432696999938, -40.812718186999973 ], [ -71.652116466999985, -40.813160909999965 ], [ -71.651831859999959, -40.813540385999943 ], [ -71.651673744999982, -40.813793369999985 ], [ -71.651389136999967, -40.814267715999961 ], [ -71.651167775999966, -40.814647191999939 ], [ -71.65091479199998, -40.814805307999961 ], [ -71.650661806999949, -40.815058291999947 ], [ -71.650535314999956, -40.815374521999956 ], [ -71.650472068999989, -40.815690752999956 ], [ -71.650408822999964, -40.816418082999974 ], [ -71.650440445999948, -40.816734312999984 ], [ -71.650345576999939, -40.817082165999977 ], [ -71.650187461999963, -40.81720865799997 ], [ -71.649966100999961, -40.817398396999977 ], [ -71.649681492999946, -40.817746249999971 ], [ -71.649555000999953, -40.818094102999964 ], [ -71.649491754999985, -40.818347087999939 ], [ -71.649270393999984, -40.818758186999958 ], [ -71.649143901999935, -40.819011171999932 ], [ -71.648732801999984, -40.819232532999933 ], [ -71.648669555999959, -40.819485516999976 ], [ -71.648606309999934, -40.819801746999985 ], [ -71.64857468699995, -40.820181223999953 ], [ -71.648511440999982, -40.820529076999946 ], [ -71.648511440999982, -40.820813684999962 ], [ -71.648448194999958, -40.82119316099994 ], [ -71.648416571999974, -40.821319652999932 ], [ -71.648226833999956, -40.82150939099995 ], [ -71.647973848999982, -40.821604260999948 ], [ -71.647784110999964, -40.821983736999982 ], [ -71.647689241999956, -40.822236720999967 ], [ -71.647151649999955, -40.823027296999953 ], [ -71.646614058999944, -40.823564888999954 ], [ -71.646361073999969, -40.823975987999972 ], [ -71.646139712999968, -40.82438708799998 ], [ -71.645949974999951, -40.82467169499995 ], [ -71.645665367999982, -40.825019548999933 ], [ -71.645380759999966, -40.825367401999983 ], [ -71.645127775999981, -40.825746877999961 ], [ -71.645001283999989, -40.826094731999945 ], [ -71.644843168999955, -40.826379338999971 ], [ -71.644621806999965, -40.826980176999939 ], [ -71.644400445999963, -40.827486144999966 ], [ -71.644147461999978, -40.827865621999933 ], [ -71.644020969999985, -40.828308343999936 ], [ -71.643862854999952, -40.828972427999929 ], [ -71.643704738999986, -40.829446773999962 ], [ -71.643578246999937, -40.829731380999931 ], [ -71.643325262999952, -40.830110856999966 ], [ -71.643167147999975, -40.830490333999933 ], [ -71.643072278999966, -40.830806563999943 ], [ -71.643072278999966, -40.831091171999958 ], [ -71.642945785999984, -40.831439024999952 ], [ -71.642819293999935, -40.831565516999945 ], [ -71.642550962999962, -40.831684354999936 ], [ -71.642331781999985, -40.83179185299997 ], [ -71.642242843999952, -40.831835472999956 ], [ -71.642133501999979, -40.832216125999935 ], [ -71.642144935999966, -40.832503974999952 ], [ -71.642158157999972, -40.832836801999974 ], [ -71.641913995999971, -40.83303146999998 ], [ -71.641868791999968, -40.833460171999945 ], [ -71.641940437999949, -40.833697122999979 ], [ -71.641965471999981, -40.834379966999961 ], [ -71.64193384899994, -40.834885935999978 ], [ -71.641807356999948, -40.835550019999971 ], [ -71.641775733999964, -40.836055987999941 ], [ -71.641680864999955, -40.836593579999942 ], [ -71.64142788099997, -40.837194417999967 ], [ -71.641143272999955, -40.837573893999945 ], [ -71.640921911999953, -40.837921747999985 ], [ -71.640668927999968, -40.838649076999957 ], [ -71.640447566999967, -40.839218291999941 ], [ -71.640226204999976, -40.839597767999976 ], [ -71.639973220999934, -40.839850752999951 ], [ -71.639909974999966, -40.840293474999953 ], [ -71.639783482999974, -40.840862689999938 ], [ -71.639467251999974, -40.841368658999954 ], [ -71.639340759999982, -40.841495150999947 ], [ -71.638929660999963, -40.841811380999957 ], [ -71.638676675999989, -40.842317349999973 ], [ -71.638486937999971, -40.842854940999985 ], [ -71.63826557699997, -40.843202794999968 ], [ -71.637917723999976, -40.843550647999962 ], [ -71.637538246999952, -40.843866877999972 ], [ -71.637158770999974, -40.84427797799998 ], [ -71.636747670999966, -40.844689076999941 ], [ -71.636399817999973, -40.844973684999957 ], [ -71.636020340999949, -40.845131799999933 ], [ -71.635672487999955, -40.845131799999933 ], [ -71.635229764999963, -40.845163422999974 ], [ -71.634913534999953, -40.845353160999935 ], [ -71.63447081299995, -40.845764260999943 ], [ -71.634154581999951, -40.846175359999961 ], [ -71.63393322099995, -40.846586459999969 ], [ -71.633806728999957, -40.846934312999963 ], [ -71.633743482999932, -40.847408658999939 ], [ -71.633682375999967, -40.847836408999967 ], [ -71.633490497999958, -40.848199233999935 ], [ -71.63321308999997, -40.848476642999969 ], [ -71.633208959999934, -40.848480772999949 ], [ -71.633174267999948, -40.848515464999934 ], [ -71.633142410999938, -40.848556009999982 ], [ -71.632826414999954, -40.848958186999937 ], [ -71.632812322999939, -40.84897932399997 ], [ -71.632573429999979, -40.849337663999961 ], [ -71.632288822999953, -40.849780385999964 ], [ -71.631909346999976, -40.850412846999973 ], [ -71.631814477999967, -40.850887192999949 ], [ -71.631846100999951, -40.851171799999975 ], [ -71.63194096999996, -40.851551275999952 ], [ -71.631982111999946, -40.851622672999952 ], [ -71.632321846999957, -40.852212236999947 ], [ -71.632668299999978, -40.852468343999931 ], [ -71.632714026999963, -40.852765571999953 ], [ -71.632722389999969, -40.852819930999942 ], [ -71.632731545999945, -40.852879443999939 ], [ -71.632725178999976, -40.852890356999978 ], [ -71.632510183999955, -40.853258919999973 ], [ -71.632193953999945, -40.853543527999932 ], [ -71.631909346999976, -40.853828134999958 ], [ -71.63170624299994, -40.854121505999956 ], [ -71.63162473899996, -40.854239234999966 ], [ -71.631371754999975, -40.854523841999935 ], [ -71.631229842999971, -40.854614149999975 ], [ -71.631023901999981, -40.854745202999936 ], [ -71.630800531999967, -40.854844158999981 ], [ -71.630629210999984, -40.85512969399997 ], [ -71.630438853999976, -40.855377157999953 ], [ -71.630286567999974, -40.855586550999931 ], [ -71.63005813999996, -40.855814978999945 ], [ -71.629753568999945, -40.856043406999959 ], [ -71.629468033999956, -40.856252799999936 ], [ -71.629277676999948, -40.856500263999976 ], [ -71.629106354999976, -40.85684290599994 ], [ -71.628820819999987, -40.856957119999947 ], [ -71.628440105999971, -40.856957119999947 ], [ -71.628135534999956, -40.856633513999952 ], [ -71.627945178999937, -40.856176656999935 ], [ -71.627602535999984, -40.856062442999985 ], [ -71.627221821999967, -40.856138585999929 ], [ -71.626803036999945, -40.856328942999937 ], [ -71.626460394999981, -40.856443156999944 ], [ -71.626117751999971, -40.856652548999932 ], [ -71.625889323999957, -40.85684290599994 ], [ -71.625794145999976, -40.857128441999976 ], [ -71.625794145999976, -40.857375905999959 ], [ -71.625813180999955, -40.857642404999979 ], [ -71.625908359999983, -40.857908904999931 ], [ -71.625984502999984, -40.858251546999952 ], [ -71.626041609999959, -40.858689367999943 ], [ -71.626003537999964, -40.858993938999959 ], [ -71.625851252999951, -40.859241402999942 ], [ -71.625565717999962, -40.859393687999955 ], [ -71.625356324999984, -40.859545973999957 ], [ -71.62512789699997, -40.859869580999941 ], [ -71.625013682999963, -40.86015511599993 ], [ -71.624861396999961, -40.86042161599994 ], [ -71.624594896999952, -40.860650043999954 ], [ -71.62442357599997, -40.860821364999936 ], [ -71.624099969999975, -40.860973650999938 ], [ -71.62379539899996, -40.861259185999984 ], [ -71.623662148999983, -40.86141147099994 ], [ -71.623490827999944, -40.861582792999968 ], [ -71.623319505999973, -40.861906398999963 ], [ -71.623205291999966, -40.862172898999972 ], [ -71.623072041999933, -40.862306148999949 ], [ -71.622862649999945, -40.862325183999985 ], [ -71.622615185999962, -40.86238229199995 ], [ -71.622367721999979, -40.862477469999931 ], [ -71.622234471999946, -40.862572647999968 ], [ -71.622063150999963, -40.862629754999944 ], [ -71.62181568699998, -40.863029504999929 ], [ -71.621682436999947, -40.863200825999968 ], [ -71.62156822299994, -40.863562503999958 ], [ -71.621454008999933, -40.863924181999948 ], [ -71.621187508999981, -40.86409550299993 ], [ -71.620959080999967, -40.864114538999956 ], [ -71.620502223999949, -40.864285859999939 ], [ -71.620254760999956, -40.864685609999981 ], [ -71.61995018999994, -40.86497114499997 ], [ -71.619626582999956, -40.865275715999985 ], [ -71.619302975999972, -40.865466072999936 ], [ -71.61886515499998, -40.866037143999961 ], [ -71.61861769099994, -40.866246535999949 ], [ -71.618370226999957, -40.866398821999951 ], [ -71.618027584999936, -40.866589178999959 ], [ -71.617646870999977, -40.866760499999941 ], [ -71.617380371999957, -40.866760499999941 ], [ -71.617151942999953, -40.866570142999933 ], [ -71.617018693999967, -40.866284607999944 ], [ -71.616885443999934, -40.866094250999936 ], [ -71.616923514999939, -40.865884857999959 ], [ -71.617228085999955, -40.865713536999976 ], [ -71.617513620999944, -40.865561250999974 ], [ -71.617684942999972, -40.865408965999961 ], [ -71.617951441999935, -40.865275715999985 ], [ -71.618198905999975, -40.865085358999977 ], [ -71.618332155999951, -40.864933073999964 ], [ -71.618370226999957, -40.864704644999961 ], [ -71.61825601299995, -40.864495252999973 ], [ -71.617837227999985, -40.864228752999963 ], [ -71.617608799999971, -40.863943217999974 ], [ -71.617361335999988, -40.863752860999966 ], [ -71.617151942999953, -40.863695753999934 ], [ -71.616885443999934, -40.863695753999934 ], [ -71.616714122999952, -40.863829003999967 ], [ -71.616523765999943, -40.863905146999969 ], [ -71.616314372999966, -40.863962253999944 ], [ -71.615857516999938, -40.863829003999967 ], [ -71.615705230999936, -40.863771896999936 ], [ -71.61530548199994, -40.863809967999941 ], [ -71.61492476799998, -40.86371478999996 ], [ -71.614810553999973, -40.863486360999957 ], [ -71.615000910999981, -40.863296004999938 ], [ -71.615172231999964, -40.863029504999929 ], [ -71.615058017999957, -40.862763004999977 ], [ -71.614886696999974, -40.862553612999932 ], [ -71.614867660999948, -40.86238229199995 ], [ -71.614886696999974, -40.862153862999946 ], [ -71.614867660999948, -40.861925434999932 ], [ -71.614563089999933, -40.861735077999981 ], [ -71.614239482999949, -40.861677970999949 ], [ -71.614030090999961, -40.861468577999972 ], [ -71.614030090999961, -40.861087864999945 ], [ -71.614163339999948, -40.860840400999962 ], [ -71.614372732999982, -40.86066907999998 ], [ -71.614505982999958, -40.860497757999951 ], [ -71.614658267999971, -40.860212222999962 ], [ -71.61467730399994, -40.859907651999947 ], [ -71.614467910999963, -40.859584044999963 ], [ -71.614601160999939, -40.859184295999967 ], [ -71.614658267999971, -40.858974902999933 ], [ -71.614772481999978, -40.858765510999945 ], [ -71.614962838999986, -40.858518046999961 ], [ -71.614905731999954, -40.858099261999939 ], [ -71.614563089999933, -40.857794690999981 ], [ -71.614239482999949, -40.857756618999929 ], [ -71.614030090999961, -40.857794690999981 ], [ -71.613744554999982, -40.857737583999949 ], [ -71.613516126999968, -40.857490119999966 ], [ -71.613230591999979, -40.857528190999972 ], [ -71.612926020999964, -40.857680476999974 ], [ -71.612792770999988, -40.857528190999972 ], [ -71.612773734999962, -40.857261690999962 ], [ -71.612773734999962, -40.857014226999979 ], [ -71.612773734999962, -40.856747727999959 ], [ -71.61260241399998, -40.856538334999982 ], [ -71.612221699999964, -40.856233763999967 ], [ -71.611840985999947, -40.855986299999984 ], [ -71.611517379999952, -40.855834014999971 ], [ -71.611250879999943, -40.855681728999969 ], [ -71.610965344999954, -40.855453300999955 ], [ -71.610755951999977, -40.855167765999965 ], [ -71.610546559999989, -40.854958372999931 ], [ -71.610146809999947, -40.854920301999982 ], [ -71.60965188199998, -40.854920301999982 ], [ -71.609080811999945, -40.85486319499995 ], [ -71.60866202699998, -40.854729944999974 ], [ -71.608281312999964, -40.854577658999972 ], [ -71.607976741999948, -40.854330194999932 ], [ -71.607672170999933, -40.854006588999937 ], [ -71.607481813999982, -40.853759124999954 ], [ -71.607234349999942, -40.85353069699994 ], [ -71.606948814999953, -40.853359374999968 ], [ -71.60670135099997, -40.853340339999932 ], [ -71.606377743999985, -40.853283232999956 ], [ -71.606035101999964, -40.853130946999954 ], [ -71.605616315999953, -40.853130946999954 ], [ -71.605425959999934, -40.853188053999929 ], [ -71.605387887999939, -40.853359374999968 ], [ -71.605216566999957, -40.853644910999947 ], [ -71.605041166999968, -40.853644910999947 ], [ -71.604911995999942, -40.853644910999947 ], [ -71.604503940999962, -40.853578739999932 ], [ -71.604359960999943, -40.853435517999969 ], [ -71.604245746999936, -40.853111910999985 ], [ -71.60411249699996, -40.85290251899994 ], [ -71.603826961999971, -40.852921554999966 ], [ -71.603769854999939, -40.853073839999979 ], [ -71.603598533999957, -40.853207089999955 ], [ -71.603293961999952, -40.853188053999929 ], [ -71.602989390999937, -40.853016732999947 ], [ -71.602970355999958, -40.852750232999938 ], [ -71.602932283999962, -40.852483733999975 ], [ -71.602665784999942, -40.852388554999948 ], [ -71.602622043999986, -40.852339953999945 ], [ -71.60249446399996, -40.85219819799994 ], [ -71.602512229999945, -40.852136014999985 ], [ -71.602545603999943, -40.852019206999955 ], [ -71.602570605999972, -40.851931698999977 ], [ -71.602684819999979, -40.851684234999937 ], [ -71.602837105999981, -40.851493877999985 ], [ -71.602856141999951, -40.851208342999939 ], [ -71.602818069999955, -40.850884735999955 ], [ -71.602844238999978, -40.850475416999984 ], [ -71.603065432999983, -40.849938229999964 ], [ -71.603223429999957, -40.849527439999974 ], [ -71.603697417999967, -40.849274645999969 ], [ -71.604076608999947, -40.849053450999975 ], [ -71.604550597999946, -40.84873745799996 ], [ -71.604961387999936, -40.848421465999934 ], [ -71.605498574999956, -40.847979076999934 ], [ -71.605782967999971, -40.847568286999945 ], [ -71.605972563999956, -40.846999499999981 ], [ -71.606004162999966, -40.84633591599993 ], [ -71.605782967999971, -40.845925125999941 ], [ -71.605403776999935, -40.845419537999931 ], [ -71.605119383999977, -40.844913949999977 ], [ -71.604803391999951, -40.844566358999941 ], [ -71.604329402999952, -40.844218766999973 ], [ -71.603760616999978, -40.843871174999947 ], [ -71.603255028999968, -40.843523583999968 ], [ -71.602812639999968, -40.843270789999963 ], [ -71.602022657999953, -40.842733601999953 ], [ -71.601327474999948, -40.842480808999937 ], [ -71.60097988299998, -40.842386010999974 ], [ -71.600663890999954, -40.842228014999932 ], [ -71.600505894999969, -40.842101617999958 ], [ -71.600411096999949, -40.841690826999979 ], [ -71.600221501999954, -40.841311636999933 ], [ -71.599937107999949, -40.841027242999985 ], [ -71.59962111599998, -40.840995643999975 ], [ -71.599147126999981, -40.841058842999985 ], [ -71.598767936999934, -40.841153639999959 ], [ -71.598293947999935, -40.841185239999959 ], [ -71.597851557999945, -40.841058842999985 ], [ -71.597472367999956, -40.840995643999975 ], [ -71.596903580999935, -40.841090441999938 ], [ -71.596587588999967, -40.84124843799998 ], [ -71.596303195999951, -40.841564430999938 ], [ -71.596208397999987, -40.841785624999943 ], [ -71.595860805999962, -40.841943620999984 ], [ -71.595513214999983, -40.842006819999938 ], [ -71.595386817999952, -40.842006819999938 ], [ -71.595039225999983, -40.841880422999964 ], [ -71.595039225999983, -40.841627628999959 ], [ -71.595228820999978, -40.841469632999974 ], [ -71.595576412999947, -40.841311636999933 ], [ -71.595987202999936, -40.841027242999985 ], [ -71.596271595999951, -40.840711250999959 ], [ -71.596492790999946, -40.840553254999975 ], [ -71.596966779999946, -40.840205662999949 ], [ -71.597251172999961, -40.840079265999975 ], [ -71.59766196299995, -40.83988967099998 ], [ -71.597977954999976, -40.83973167399995 ], [ -71.598230748999981, -40.839700074999939 ], [ -71.598736336999934, -40.839636876999975 ], [ -71.59911552799997, -40.839573677999965 ], [ -71.599494718999949, -40.839573677999965 ], [ -71.599873909999985, -40.839542078999955 ], [ -71.600189901999954, -40.839478880999934 ], [ -71.600663890999954, -40.839257685999939 ], [ -71.600916684999959, -40.839131288999965 ], [ -71.601295875999938, -40.83884689599995 ], [ -71.601359073999959, -40.838752097999929 ], [ -71.601169478999964, -40.838467704999971 ], [ -71.601011482999979, -40.838183311999956 ], [ -71.601264276999984, -40.83786731899994 ], [ -71.601896260999979, -40.837804120999976 ], [ -71.602307051999958, -40.837772520999977 ], [ -71.602812639999968, -40.837646123999946 ], [ -71.603286627999978, -40.837424929999941 ], [ -71.603634219999947, -40.837235333999956 ], [ -71.603855414999941, -40.836982539999951 ], [ -71.603855414999941, -40.836603348999972 ], [ -71.603760616999978, -40.836318955999957 ], [ -71.603602620999936, -40.836066161999952 ], [ -71.603413024999952, -40.835844967999947 ], [ -71.603286627999978, -40.835560573999942 ], [ -71.603191829999957, -40.835276180999983 ], [ -71.603128631999937, -40.834865390999937 ], [ -71.603318226999988, -40.834296604999963 ], [ -71.603697417999967, -40.833664619999979 ], [ -71.604139807999957, -40.833159031999969 ], [ -71.604361001999962, -40.832906237999964 ], [ -71.604929788999982, -40.832179455999949 ], [ -71.60565657099994, -40.831547470999965 ], [ -71.606035761999976, -40.83129467699996 ], [ -71.606383353999945, -40.83082068799996 ], [ -71.606730945999971, -40.830441496999981 ], [ -71.60707853699995, -40.830062305999945 ], [ -71.607426128999975, -40.829714714999966 ], [ -71.607720221999955, -40.829385961999947 ], [ -71.608576161999963, -40.828835714999968 ], [ -71.608957932999942, -40.828496559999962 ], [ -71.60914274199996, -40.828332380999939 ], [ -71.60927186899994, -40.828203253999959 ], [ -71.609809460999941, -40.827602415999934 ], [ -71.610347052999941, -40.826969954999981 ], [ -71.610663282999951, -40.826622101999931 ], [ -71.610947889999977, -40.826274248999937 ], [ -71.611169250999978, -40.825958017999938 ], [ -71.61129574399996, -40.825515295999935 ], [ -71.611453858999937, -40.825135818999968 ], [ -71.612086319999946, -40.824566604999973 ], [ -71.612497418999965, -40.824060635999956 ], [ -71.613098256999933, -40.823364928999979 ], [ -71.613540978999936, -40.822985452999944 ], [ -71.613825586999951, -40.822511106999968 ], [ -71.614141816999961, -40.822005138999941 ], [ -71.614426423999987, -40.821404300999973 ], [ -71.61469101299997, -40.821007417999965 ], [ -71.614869146999979, -40.82074021699998 ], [ -71.615469983999958, -40.819886394999969 ], [ -71.615754591999973, -40.819412049999983 ], [ -71.616165690999935, -40.819032572999959 ], [ -71.616671659999952, -40.818589850999956 ], [ -71.617114381999954, -40.818147127999964 ], [ -71.617746842999964, -40.817641159999937 ], [ -71.618853648999959, -40.816977075999944 ], [ -71.619422863999944, -40.816850583999951 ], [ -71.620086947999937, -40.816818960999967 ], [ -71.620592915999964, -40.816597598999977 ], [ -71.620814277999955, -40.816091630999949 ], [ -71.620624538999948, -40.815870269999948 ], [ -71.620592915999964, -40.815427546999956 ], [ -71.620845900999939, -40.815016447999938 ], [ -71.621415114999934, -40.81460534799993 ], [ -71.622427052999967, -40.813814771999944 ], [ -71.624071449999974, -40.81264471999998 ], [ -71.624577418999934, -40.81210712799998 ], [ -71.625336371999936, -40.811727651999945 ], [ -71.625842340999952, -40.811569536999968 ], [ -71.626285062999955, -40.811348174999978 ], [ -71.626569669999981, -40.811031944999968 ], [ -71.62688590099998, -40.810525975999951 ], [ -71.627297, -40.810178122999957 ], [ -71.627739722999934, -40.80998838499994 ], [ -71.627992706999976, -40.809735399999965 ], [ -71.628245690999961, -40.809355923999931 ], [ -71.628656790999969, -40.809008070999937 ], [ -71.629953334999982, -40.80831236399996 ], [ -71.631218256999944, -40.807806394999943 ], [ -71.632072078999954, -40.807553410999958 ], [ -71.633147261999966, -40.807268803999932 ], [ -71.633842968999943, -40.807110687999966 ], [ -71.634791659999962, -40.80682608099994 ], [ -71.635424120999971, -40.806604719999939 ], [ -71.635771973999965, -40.80628848899994 ], [ -71.636910402999945, -40.805624405999936 ], [ -71.638618046999966, -40.804612467999959 ], [ -71.640515429999937, -40.803505661999964 ], [ -71.640935001999935, -40.803250797999965 ], [ -71.641610209999953, -40.80284065099994 ], [ -71.642593335999948, -40.802534511999966 ], [ -71.643065062999938, -40.801956477999966 ], [ -71.64321106899996, -40.801905688999966 ], [ -71.643477406999978, -40.801813041999935 ], [ -71.643924052999978, -40.801657674999944 ], [ -71.644764890999966, -40.800976631999958 ], [ -71.645488130999979, -40.800392818999967 ], [ -71.645839280999951, -40.799912075999941 ], [ -71.645809435999979, -40.799160965999931 ], [ -71.646024236999949, -40.798305203999973 ], [ -71.646145291999972, -40.797942060999958 ], [ -71.646246537999957, -40.797638341999971 ], [ -71.646713830999943, -40.796875821999947 ], [ -71.646853988999965, -40.796787457999983 ], [ -71.64780314799998, -40.796189053999967 ], [ -71.648231679999981, -40.796042716999978 ], [ -71.648726607999947, -40.795823806999977 ], [ -71.649430928999948, -40.795547788999954 ], [ -71.649792606999938, -40.795366949999959 ], [ -71.650373194999986, -40.795043342999975 ], [ -71.65071583799994, -40.794824432999974 ], [ -71.651429675999964, -40.794158183999969 ], [ -71.651743764999935, -40.793815540999958 ], [ -71.651934121999943, -40.793453862999968 ], [ -71.652029299999981, -40.793101702999934 ], [ -71.65241001399994, -40.792882792999933 ], [ -71.652771691999988, -40.792625810999937 ], [ -71.653104816999985, -40.792464007999968 ], [ -71.653409387999943, -40.792140400999983 ], [ -71.653542636999987, -40.791959561999931 ], [ -71.65366636899995, -40.791578847999972 ], [ -71.653723475999982, -40.791274276999957 ], [ -71.65379010099997, -40.790998259999981 ], [ -71.654094671999985, -40.790636581999934 ], [ -71.654256475999944, -40.790474777999975 ], [ -71.654475385999945, -40.79038911799995 ], [ -71.65463718899997, -40.790208278999955 ], [ -71.654798992999986, -40.79004647499994 ], [ -71.654951277999942, -40.789856117999932 ], [ -71.655075009999962, -40.78966576199997 ], [ -71.655274884999983, -40.789475404999962 ], [ -71.655465241999934, -40.789285047999954 ], [ -71.655598491999967, -40.788980476999939 ], [ -71.655646080999986, -40.788704458999973 ], [ -71.655703187999961, -40.788418923999984 ], [ -71.655826919999981, -40.788142905999962 ], [ -71.65598872299995, -40.787790745999985 ], [ -71.656121972999983, -40.78758135399994 ], [ -71.656312329999935, -40.787381478999976 ], [ -71.656464615999937, -40.787210157999937 ], [ -71.656635936999976, -40.787057871999934 ], [ -71.656930989999978, -40.786896068999965 ], [ -71.657216524999967, -40.786762818999932 ], [ -71.657492542999933, -40.786677157999975 ], [ -71.657740006999973, -40.786648604999982 ], [ -71.658073130999981, -40.786562943999968 ], [ -71.658273005999945, -40.786420176999968 ], [ -71.658520469999985, -40.786258372999953 ], [ -71.658710826999936, -40.786115605999953 ], [ -71.658929736999937, -40.785982355999977 ], [ -71.659091539999963, -40.785858623999957 ], [ -71.659358039999972, -40.785658748999936 ], [ -71.65954839699998, -40.785535016999972 ], [ -71.659738753999989, -40.785411284999952 ], [ -71.659891038999945, -40.785278034999976 ], [ -71.660043324999947, -40.78511623199995 ], [ -71.660128984999972, -40.784935392999955 ], [ -71.660167056999967, -40.784611785999971 ], [ -71.660119467999948, -40.784335768999938 ], [ -71.659976699999959, -40.784116857999948 ], [ -71.659681646999957, -40.783945536999965 ], [ -71.659415146999947, -40.783707590999938 ], [ -71.659243825999965, -40.783621930999971 ], [ -71.659015397999951, -40.783498198999951 ], [ -71.658882147999975, -40.783355430999961 ], [ -71.658748897999942, -40.783241216999954 ], [ -71.658491915999946, -40.783212662999972 ], [ -71.658225416999983, -40.78327928799996 ], [ -71.657968434999987, -40.783431573999962 ], [ -71.657806631999961, -40.783526751999943 ], [ -71.657616274999953, -40.783545787999969 ], [ -71.657321220999961, -40.783479162999981 ], [ -71.657149899999979, -40.783374466999931 ], [ -71.656911953999952, -40.783165073999953 ], [ -71.656626418999963, -40.782870020999951 ], [ -71.656388472999936, -40.782660627999974 ], [ -71.656150526999966, -40.782479788999979 ], [ -71.655845955999951, -40.782317985999953 ], [ -71.655655598999942, -40.782175217999963 ], [ -71.655398616999946, -40.782061003999956 ], [ -71.65499886799995, -40.781994378999968 ], [ -71.654532492999977, -40.782013414999938 ], [ -71.654113707999954, -40.782203771999946 ], [ -71.653732993999938, -40.782470270999966 ], [ -71.653447458999949, -40.782765324999957 ], [ -71.653114333999952, -40.783231698999941 ], [ -71.652828798999963, -40.783526751999943 ], [ -71.652562298999953, -40.78378373399994 ], [ -71.652352906999965, -40.784088304999955 ], [ -71.652124478999951, -40.784297696999943 ], [ -71.651931192999939, -40.784426553999936 ], [ -71.651534371999958, -40.784564196999952 ], [ -71.651210765999963, -40.784697446999985 ], [ -71.65083956999996, -40.784868767999967 ], [ -71.650287534999961, -40.785182856999938 ], [ -71.649745017999976, -40.785487427999954 ], [ -71.649259607999966, -40.785858623999957 ], [ -71.648907446999942, -40.786144158999946 ], [ -71.648555286999965, -40.786344033999967 ], [ -71.648203126999988, -40.78646776599993 ], [ -71.647870001999934, -40.786534390999975 ], [ -71.64752735999997, -40.786448729999961 ], [ -71.647080020999965, -40.786182230999941 ], [ -71.646518468999943, -40.785820552999951 ], [ -71.646099682999989, -40.785563570999955 ], [ -71.645414398999947, -40.785630195999943 ], [ -71.644719595999959, -40.786020426999983 ], [ -71.644234185999949, -40.786429694999981 ], [ -71.643758293999952, -40.786943657999984 ], [ -71.643453722999936, -40.787181603999954 ], [ -71.643082526999933, -40.787352924999936 ], [ -71.64273988399998, -40.787495692999983 ], [ -71.642444830999978, -40.787676531999978 ], [ -71.642121224999983, -40.787838334999947 ], [ -71.641816653999967, -40.788038209999968 ], [ -71.641464492999944, -40.788142905999962 ], [ -71.641169439999942, -40.788161941999931 ], [ -71.640798243999939, -40.788266637999982 ], [ -71.640446083999962, -40.788323744999957 ], [ -71.64000826299997, -40.788257120999958 ], [ -71.639808387999949, -40.78806676399995 ], [ -71.639798870999982, -40.787781227999972 ], [ -71.64000826299997, -40.787562317999971 ], [ -71.640255726999953, -40.78736244299995 ], [ -71.640255726999953, -40.787114978999966 ], [ -71.639989227999934, -40.786829443999977 ], [ -71.639665620999949, -40.786667640999951 ], [ -71.639361049999934, -40.78649631899998 ], [ -71.638989853999988, -40.786239337999973 ], [ -71.638656728999933, -40.786058498999978 ], [ -71.638399747999983, -40.785858623999957 ], [ -71.638133247999974, -40.785696820999931 ], [ -71.637828676999959, -40.785582605999934 ], [ -71.637409891999937, -40.785544534999985 ], [ -71.636872282999946, -40.785578996999959 ], [ -71.636667499999987, -40.785592123999947 ], [ -71.636609576999945, -40.785590255999978 ], [ -71.636346191999962, -40.785581758999967 ], [ -71.63605709999996, -40.785419728999955 ], [ -71.635973818999958, -40.785324549999984 ], [ -71.635759666999945, -40.785205576999942 ], [ -71.635426542999937, -40.785110398999961 ], [ -71.635283774999948, -40.785098500999936 ], [ -71.63509341799994, -40.785039014999938 ], [ -71.634807882999951, -40.784943835999968 ], [ -71.634546141999976, -40.784896246999949 ], [ -71.634236811999983, -40.784812965999947 ], [ -71.633856097999967, -40.784634505999975 ], [ -71.633534870999938, -40.784491738999975 ], [ -71.633404000999974, -40.784313278999946 ], [ -71.633427794999989, -40.784158613999978 ], [ -71.633546768999963, -40.784051537999972 ], [ -71.633665741999948, -40.78406343599994 ], [ -71.633784714999933, -40.78409912799998 ], [ -71.63389178999995, -40.78406343599994 ], [ -71.633951276999937, -40.783944462999955 ], [ -71.633844200999988, -40.783658926999976 ], [ -71.633760919999986, -40.783480467999937 ], [ -71.63365384399998, -40.783194932999947 ], [ -71.633570562999978, -40.782992677999971 ], [ -71.633332616999951, -40.78258816999994 ], [ -71.632928108999977, -40.782171763999941 ], [ -71.632470130999934, -40.781956307999963 ], [ -71.632384469999977, -40.781861128999935 ], [ -71.632184594999956, -40.781689807999953 ], [ -71.631984720999981, -40.781556557999977 ], [ -71.63178484599996, -40.781404272999964 ], [ -71.63151834599995, -40.781261504999975 ], [ -71.631289917999936, -40.781128254999942 ], [ -71.631061489999979, -40.780975969999929 ], [ -71.630804507999983, -40.780852237999966 ], [ -71.630699811999989, -40.780680916999984 ], [ -71.630623668999988, -40.780528630999981 ], [ -71.630499936999968, -40.78032875699995 ], [ -71.630319097999973, -40.780090809999933 ], [ -71.630147776999934, -40.780014667999978 ], [ -71.629871758999968, -40.780052738999984 ], [ -71.629586223999979, -40.780166952999934 ], [ -71.629376830999945, -40.780300202999967 ], [ -71.629043706999937, -40.780395380999948 ], [ -71.628748653999935, -40.780433452999944 ], [ -71.628386975999945, -40.78047152399995 ], [ -71.628158546999941, -40.780538148999938 ], [ -71.627977707999946, -40.780633327999965 ], [ -71.627892047999978, -40.780795130999934 ], [ -71.627777833999971, -40.78095693399996 ], [ -71.627654101999951, -40.78119487999993 ], [ -71.627492297999936, -40.78153752299994 ], [ -71.627454226999987, -40.781794503999947 ], [ -71.627416155999981, -40.782013414999938 ], [ -71.627330494999967, -40.782203771999946 ], [ -71.627111584999966, -40.782384610999941 ], [ -71.626911709999945, -40.782517860999974 ], [ -71.626654727999949, -40.782641592999937 ], [ -71.62646437099994, -40.78279387799995 ], [ -71.626359674999946, -40.782889056999977 ], [ -71.626312085999984, -40.782993752999971 ], [ -71.626312085999984, -40.783098448999965 ], [ -71.626407263999965, -40.783203144999959 ], [ -71.626435817999948, -40.783374466999931 ], [ -71.626340638999977, -40.783612412999958 ], [ -71.626302567999971, -40.783774215999983 ], [ -71.626283531999945, -40.783936018999952 ], [ -71.626245460999939, -40.784164447999956 ], [ -71.626121728999976, -40.784335768999938 ], [ -71.625912335999942, -40.784516607999933 ], [ -71.62574101499996, -40.784640339999953 ], [ -71.625579211999934, -40.784726 ], [ -71.625388854999983, -40.784840214999974 ], [ -71.625217533999944, -40.785011535999956 ], [ -71.625131872999987, -40.785125749999963 ], [ -71.625093801999981, -40.785278034999976 ], [ -71.625112836999961, -40.785449356999948 ], [ -71.625188979999962, -40.785668266999949 ], [ -71.625341265999964, -40.785972837999964 ], [ -71.625417407999976, -40.786087051999971 ], [ -71.625598246999971, -40.786220301999947 ], [ -71.625693425999941, -40.786382104999973 ], [ -71.625769568999942, -40.786486801999956 ], [ -71.625921853999955, -40.786724747999983 ], [ -71.626074139999957, -40.786886550999952 ], [ -71.626207388999944, -40.787086425999973 ], [ -71.626378710999973, -40.787333889999957 ], [ -71.626435817999948, -40.787533763999932 ], [ -71.626511959999959, -40.787733638999953 ], [ -71.62658810299996, -40.787885924999955 ], [ -71.626759423999943, -40.788038209999968 ], [ -71.627197244999934, -40.788418923999984 ], [ -71.627368565999973, -40.788533137999934 ], [ -71.627635065999982, -40.78869494099996 ], [ -71.627844458999959, -40.788856744999975 ], [ -71.62806336899996, -40.789047101999984 ], [ -71.628225171999986, -40.789151797999978 ], [ -71.628453600999933, -40.789227940999979 ], [ -71.628729617999966, -40.789227940999979 ], [ -71.629119849999938, -40.78919938699994 ], [ -71.629310206999946, -40.789151797999978 ], [ -71.629548152999973, -40.789189868999983 ], [ -71.62966236699998, -40.789294565999967 ], [ -71.629614777999961, -40.78944685099998 ], [ -71.629481527999985, -40.789599136999982 ], [ -71.629186474999983, -40.789646725999944 ], [ -71.628929492999987, -40.789741903999982 ], [ -71.62869154699996, -40.789875153999958 ], [ -71.628463117999956, -40.790055992999953 ], [ -71.628301314999987, -40.790179724999973 ], [ -71.628139511999962, -40.790370081999981 ], [ -71.627949154999953, -40.790512849999971 ], [ -71.627749279999989, -40.790665134999983 ], [ -71.627644583999938, -40.790779348999934 ], [ -71.627596994999976, -40.790969705999942 ], [ -71.62757795899995, -40.791150544999937 ], [ -71.627530369999988, -40.791340901999945 ], [ -71.627387601999942, -40.791588365999985 ], [ -71.627273387999935, -40.791664508999929 ], [ -71.627063994999958, -40.791674026999942 ], [ -71.626835566999944, -40.791654990999973 ], [ -71.626559549999968, -40.791635954999947 ], [ -71.626397745999952, -40.791731133999974 ], [ -71.626207388999944, -40.791854865999937 ], [ -71.625902817999986, -40.791902454999956 ], [ -71.625598246999971, -40.791892936999943 ], [ -71.625369818999957, -40.791750168999954 ], [ -71.625198497999975, -40.791569329999959 ], [ -71.625169943999936, -40.791312348999952 ], [ -71.625388854999983, -40.790960187999985 ], [ -71.625569693999978, -40.790845973999978 ], [ -71.625817157999961, -40.790712723999945 ], [ -71.625921853999955, -40.790598509999938 ], [ -71.626007514999969, -40.790427188999956 ], [ -71.626017031999936, -40.790246349999961 ], [ -71.625931371999968, -40.79002743999996 ], [ -71.625636318999966, -40.789884671999971 ], [ -71.625150908999956, -40.789732385999969 ], [ -71.624655980999933, -40.789503957999955 ], [ -71.624170570999979, -40.789389743999948 ], [ -71.623818410999945, -40.789266011999985 ], [ -71.623437696999986, -40.789208904999953 ], [ -71.62315216099995, -40.789132761999952 ], [ -71.622819036999942, -40.789047101999984 ], [ -71.622552536999933, -40.788961440999969 ], [ -71.622276519999957, -40.788913851999951 ], [ -71.622143269999981, -40.788866262999932 ], [ -71.621962430999986, -40.788742530999968 ], [ -71.621762555999965, -40.788590244999966 ], [ -71.621496056999945, -40.788447476999977 ], [ -71.621353288999956, -40.788285673999951 ], [ -71.621162931999947, -40.788095316999943 ], [ -71.621077270999933, -40.78784785299996 ], [ -71.62095353899997, -40.787667013999965 ], [ -71.620744146999982, -40.787543281999945 ], [ -71.620629932999975, -40.787457621999977 ], [ -71.62044909399998, -40.787371960999963 ], [ -71.620239700999946, -40.78721967599995 ], [ -71.619944647999944, -40.787019800999985 ], [ -71.619687665999948, -40.786896068999965 ], [ -71.619392612999945, -40.786848479999946 ], [ -71.619088041999987, -40.786886550999952 ], [ -71.618812024999954, -40.786915104999935 ], [ -71.618526488999976, -40.786877032999939 ], [ -71.618060114999935, -40.786867514999983 ], [ -71.617593740999951, -40.786905586999978 ], [ -71.617213026999934, -40.787029318999942 ], [ -71.616765687999987, -40.787248228999943 ], [ -71.616461116999972, -40.787381478999976 ], [ -71.616099438999981, -40.78758135399994 ], [ -71.615785349999953, -40.787771710999948 ], [ -71.615480778999938, -40.788047727999981 ], [ -71.61527138699995, -40.788266637999982 ], [ -71.615042957999947, -40.788580726999953 ], [ -71.61490970899996, -40.78881867299998 ], [ -71.614814529999933, -40.789018547999945 ], [ -71.614757422999958, -40.789227940999979 ], [ -71.614747904999945, -40.78954202999995 ], [ -71.614747904999945, -40.78980852899997 ], [ -71.614719351999952, -40.790075028999979 ], [ -71.614728868999975, -40.790284420999967 ], [ -71.614728868999975, -40.790493813999944 ], [ -71.614681279999957, -40.79067465299994 ], [ -71.614681279999957, -40.790893562999941 ], [ -71.614662532999944, -40.791449789999945 ], [ -71.614662532999944, -40.792082250999954 ], [ -71.614662532999944, -40.792524972999956 ], [ -71.614662532999944, -40.792967695999948 ], [ -71.614852270999961, -40.793315548999942 ], [ -71.615136878999976, -40.793789894999975 ], [ -71.615263370999969, -40.794106124999985 ], [ -71.615516354999954, -40.794422354999938 ], [ -71.615769338999939, -40.794928323999955 ], [ -71.615927454999962, -40.795371045999957 ], [ -71.616180438999947, -40.795782145999965 ], [ -71.616401799999949, -40.796161621999943 ], [ -71.616465045999973, -40.796477852999942 ], [ -71.61646191899996, -40.796722406999947 ], [ -71.616461116999972, -40.796785108999984 ], [ -71.616489670999954, -40.797070643999973 ], [ -71.616508705999934, -40.797413286999983 ], [ -71.616432563999979, -40.797670267999933 ], [ -71.616185099999939, -40.797898696999937 ], [ -71.616004260999944, -40.798117606999938 ], [ -71.615890045999947, -40.798355552999965 ], [ -71.615842456999985, -40.798555427999929 ], [ -71.615747278999947, -40.798717230999955 ], [ -71.615547403999983, -40.798840962999975 ], [ -71.615338010999949, -40.798926623999932 ], [ -71.615157171999954, -40.79902180199997 ], [ -71.614938261999953, -40.799221676999935 ], [ -71.614728868999975, -40.79938347999996 ], [ -71.61454802999998, -40.799535765999963 ], [ -71.614348155999949, -40.799707086999945 ], [ -71.614167316999954, -40.799964068999941 ], [ -71.614138762999971, -40.800259121999943 ], [ -71.614138762999971, -40.800544656999932 ], [ -71.614110209999978, -40.800953924999931 ], [ -71.614043584999934, -40.801287048999939 ], [ -71.613805638999963, -40.801420298999972 ], [ -71.613529620999941, -40.801544030999935 ], [ -71.613196496999933, -40.801734387999943 ], [ -71.612891925999975, -40.801896190999969 ], [ -71.612596871999983, -40.802038958999958 ], [ -71.61232085499995, -40.802124618999983 ], [ -71.612016283999935, -40.802162690999978 ], [ -71.611711712999977, -40.802172208999934 ], [ -71.611588117999986, -40.802176327999973 ], [ -71.611404740999944, -40.802195147999953 ], [ -71.611350034999987, -40.802200761999984 ], [ -71.611121606999973, -40.802257868999959 ], [ -71.610769445999949, -40.802257868999959 ], [ -71.610474392999947, -40.802276904999985 ], [ -71.610188857999958, -40.802353047999929 ], [ -71.609941393999975, -40.802429189999941 ], [ -71.609570197999972, -40.802467261999936 ], [ -71.609065751999935, -40.802467261999936 ], [ -71.608570823999969, -40.802495814999929 ], [ -71.607971199999952, -40.802610028999936 ], [ -71.607447718999936, -40.802771832999952 ], [ -71.607019415999957, -40.803019296999935 ], [ -71.606676772999947, -40.803238206999936 ], [ -71.606305577999933, -40.803371456999969 ], [ -71.605905827999948, -40.803419045999931 ], [ -71.605439453999963, -40.803457116999937 ], [ -71.604792239999938, -40.803504706999945 ], [ -71.604468633999943, -40.803485670999976 ], [ -71.604173579999951, -40.80344759999997 ], [ -71.603688169999941, -40.803428563999944 ], [ -71.603221795999957, -40.80332386799995 ], [ -71.602736385999947, -40.803276277999942 ], [ -71.60224145799998, -40.803266760999975 ], [ -71.601803636999989, -40.803209653999943 ], [ -71.601460994999968, -40.803123992999929 ], [ -71.600994620999984, -40.80308592199998 ], [ -71.600632941999947, -40.803057367999941 ], [ -71.600080907999939, -40.803057367999941 ], [ -71.599736459999974, -40.803023820999954 ], [ -71.599388605999934, -40.803055443999938 ], [ -71.59904075299994, -40.803150312999946 ], [ -71.598819391999939, -40.803434920999962 ], [ -71.598598030999938, -40.803656281999963 ], [ -71.598471537999956, -40.804004134999957 ], [ -71.598408291999988, -40.804320365999956 ], [ -71.598250176999954, -40.804446857999949 ], [ -71.598226448999981, -40.804499059999955 ], [ -71.598092061999978, -40.804794710999943 ], [ -71.597965569999985, -40.805300679999959 ], [ -71.597965569999985, -40.805616909999969 ], [ -71.597882285999958, -40.80600789999994 ], [ -71.597901320999938, -40.806217291999985 ], [ -71.597863249999989, -40.806474273999982 ], [ -71.597606267999936, -40.806750291999947 ], [ -71.597339767999983, -40.806864505999954 ], [ -71.596901947999982, -40.806816915999946 ], [ -71.596549786999958, -40.806769326999984 ], [ -71.596311840999988, -40.806864505999954 ], [ -71.596226180999963, -40.806997754999941 ], [ -71.596188386999984, -40.807101687999932 ], [ -71.59612148399998, -40.807273772999963 ], [ -71.59612148399998, -40.807464129999971 ], [ -71.596131001999936, -40.807711593999954 ], [ -71.596131001999936, -40.807882914999936 ], [ -71.596054858999935, -40.807978092999974 ], [ -71.595797877999985, -40.808035199999949 ], [ -71.595578966999938, -40.808101824999937 ], [ -71.595483788999957, -40.80825411099994 ], [ -71.595417163999969, -40.808492056999967 ], [ -71.595379092999963, -40.808691931999931 ], [ -71.595236324999973, -40.808910841999932 ], [ -71.594912717999989, -40.808977466999977 ], [ -71.594617664999987, -40.808948912999938 ], [ -71.594284540999979, -40.808834698999931 ], [ -71.593903826999963, -40.808882288999939 ], [ -71.593761058999974, -40.809034573999952 ], [ -71.593589737999935, -40.809243966999929 ], [ -71.593446969999945, -40.80946287699993 ], [ -71.593351791999964, -40.809681786999931 ], [ -71.593218541999988, -40.809872143999939 ], [ -71.593132880999974, -40.810100572999943 ], [ -71.593037702999936, -40.810271893999982 ], [ -71.592980595999961, -40.810509839999952 ], [ -71.592894934999947, -40.810709714999973 ], [ -71.592761684999971, -40.810862 ], [ -71.592618917999971, -40.810957178999956 ], [ -71.592352417999962, -40.811080910999976 ], [ -71.592114471999935, -40.811099945999956 ], [ -71.591905079999947, -40.810947660999943 ], [ -71.591800382999963, -40.810728749999953 ], [ -71.591600507999942, -40.810547910999958 ], [ -71.591295936999984, -40.810547910999958 ], [ -71.590829562999943, -40.810547910999958 ], [ -71.590515473999972, -40.810509839999952 ], [ -71.590296563999971, -40.81033851899997 ], [ -71.590287045999958, -40.810014911999986 ], [ -71.590296563999971, -40.809700822999957 ], [ -71.590639205999935, -40.809310591999974 ], [ -71.590953294999963, -40.809072644999958 ], [ -71.591238829999952, -40.808882288999939 ], [ -71.591438704999973, -40.808710966999968 ], [ -71.591686168999956, -40.808453985999961 ], [ -71.591952668999966, -40.80825411099994 ], [ -71.592104953999979, -40.808101824999937 ], [ -71.592238203999955, -40.807882914999936 ], [ -71.592371453999988, -40.807616414999984 ], [ -71.592400006999981, -40.807445093999945 ], [ -71.592400006999981, -40.807290357999932 ], [ -71.592400006999981, -40.807245218999981 ], [ -71.592352417999962, -40.807054862999962 ], [ -71.592238203999955, -40.806883540999934 ], [ -71.592219167999986, -40.80677884499994 ], [ -71.592219167999986, -40.806636076999951 ], [ -71.592123989999948, -40.806531380999957 ], [ -71.591952668999966, -40.806369577999931 ], [ -71.591886043999978, -40.806169702999966 ], [ -71.591886043999978, -40.805931756999939 ], [ -71.592028810999977, -40.805741399999931 ], [ -71.592314346999956, -40.805598631999942 ], [ -71.59254277499997, -40.805532006999954 ], [ -71.592752167999947, -40.80542731099996 ], [ -71.592923488999986, -40.80528454399996 ], [ -71.592999631999987, -40.805103704999965 ], [ -71.593018666999967, -40.804808650999973 ], [ -71.592961559999935, -40.804589740999972 ], [ -71.592856863999941, -40.804466008999952 ], [ -71.592618917999971, -40.804361312999958 ], [ -71.592438078999976, -40.80429468799997 ], [ -71.592219167999986, -40.804218544999969 ], [ -71.592038328999934, -40.804132883999955 ], [ -71.591867007999952, -40.803990116999955 ], [ -71.591695686999969, -40.803913973999954 ], [ -71.591533883999944, -40.803980598999942 ], [ -71.591295936999984, -40.804037705999974 ], [ -71.59106750899997, -40.80393300999998 ], [ -71.591048473999933, -40.803676027999984 ], [ -71.591238829999952, -40.803504706999945 ], [ -71.591495811999948, -40.80334290299993 ], [ -71.591714722999939, -40.803190617999974 ], [ -71.591876525999965, -40.803066885999954 ], [ -71.592000257999985, -40.803047849999984 ], [ -71.592295310999987, -40.80298122499994 ], [ -71.592571328999952, -40.802905082999985 ], [ -71.59278072099994, -40.802800385999944 ], [ -71.593075773999942, -40.802648100999932 ], [ -71.593256612999937, -40.802524368999968 ], [ -71.593466005999971, -40.802353047999929 ], [ -71.593608773999961, -40.802267386999972 ], [ -71.593789612999956, -40.802153172999965 ], [ -71.594037076999939, -40.801962815999957 ], [ -71.594360682999934, -40.801781976999962 ], [ -71.594512968999936, -40.801705833999961 ], [ -71.594646218999969, -40.801544030999935 ], [ -71.594846092999944, -40.801458369999978 ], [ -71.595007896999959, -40.801296566999952 ], [ -71.595188735999955, -40.801191870999958 ], [ -71.595331502999954, -40.801030066999942 ], [ -71.595426681999982, -40.800896816999966 ], [ -71.595540895999989, -40.80085874599996 ], [ -71.595721734999984, -40.800830192999967 ], [ -71.595959680999954, -40.800820674999954 ], [ -71.596140519999949, -40.800687424999978 ], [ -71.596302322999975, -40.800611281999977 ], [ -71.596511715999952, -40.800592245999951 ], [ -71.596740143999966, -40.800544656999932 ], [ -71.596873393999942, -40.800382853999963 ], [ -71.596997125999962, -40.800306710999962 ], [ -71.597225553999976, -40.80013538999998 ], [ -71.597273143999985, -40.799973586999954 ], [ -71.597197000999984, -40.799726122999971 ], [ -71.596987607999949, -40.799564318999956 ], [ -71.596778215999962, -40.79938347999996 ], [ -71.596606893999933, -40.799307337999949 ], [ -71.596330876999957, -40.799250229999984 ], [ -71.596083412999974, -40.799145533999933 ], [ -71.595893055999966, -40.799107462999984 ], [ -71.595483788999957, -40.799078908999945 ], [ -71.595112592999953, -40.799078908999945 ], [ -71.594893682999952, -40.799078908999945 ], [ -71.594769950999932, -40.799116980999941 ], [ -71.594408271999953, -40.799145533999933 ], [ -71.594103700999938, -40.799126497999964 ], [ -71.593903826999963, -40.799097944999971 ], [ -71.593542148999973, -40.799078908999945 ], [ -71.59326613099995, -40.798983730999964 ], [ -71.592980595999961, -40.798888551999937 ], [ -71.592695060999972, -40.79887903499997 ], [ -71.592295310999987, -40.798869516999957 ], [ -71.59205736499996, -40.798955176999982 ], [ -71.591733757999975, -40.799155051999946 ], [ -71.591419668999947, -40.799335890999942 ], [ -71.591238829999952, -40.79950721199998 ], [ -71.591048473999933, -40.799659497999983 ], [ -71.590886669999975, -40.799707086999945 ], [ -71.590648723999948, -40.799611908999964 ], [ -71.59045836699994, -40.799611908999964 ], [ -71.590125242999989, -40.799697568999932 ], [ -71.589858742999979, -40.799802264999983 ], [ -71.589497064999989, -40.80001165799996 ], [ -71.589278154999988, -40.800125871999967 ], [ -71.589154422999968, -40.800278157999969 ], [ -71.589040207999972, -40.800392371999976 ], [ -71.588830815999984, -40.800592245999951 ], [ -71.588735636999957, -40.800725495999984 ], [ -71.588554797999961, -40.80085874599996 ], [ -71.588383476999979, -40.801011031999963 ], [ -71.588231191999967, -40.801153798999962 ], [ -71.588097941999933, -40.801353673999984 ], [ -71.587983727999983, -40.80150595899994 ], [ -71.587783852999962, -40.801648726999929 ], [ -71.587593495999954, -40.801781976999962 ], [ -71.587469763999934, -40.801953297999944 ], [ -71.58736506799994, -40.802096065999933 ], [ -71.587260371999946, -40.802314975999934 ], [ -71.587012907999963, -40.802686171999937 ], [ -71.586936764999962, -40.802933635999977 ], [ -71.586822550999955, -40.803190617999974 ], [ -71.586774961999936, -40.803438081999957 ], [ -71.586698818999935, -40.803666509999971 ], [ -71.586651229999973, -40.803904455999941 ], [ -71.586594122999941, -40.804113848999975 ], [ -71.586460872999965, -40.804351794999945 ], [ -71.586299068999949, -40.804532633999941 ], [ -71.586184854999942, -40.804684918999953 ], [ -71.586089676999961, -40.80481816899993 ], [ -71.585984980999967, -40.804989489999969 ], [ -71.585861248999947, -40.80516081199994 ], [ -71.585775587999933, -40.805294060999984 ], [ -71.585727998999971, -40.805493935999948 ], [ -71.585708962999945, -40.805741399999931 ], [ -71.585689926999976, -40.806074524999985 ], [ -71.585642337999957, -40.806217291999985 ], [ -71.58552812399995, -40.806388612999967 ], [ -71.585451980999949, -40.806569451999962 ], [ -71.585385355999961, -40.806740773999934 ], [ -71.585271141999954, -40.806912094999973 ], [ -71.584995124999978, -40.80702630899998 ], [ -71.584890427999937, -40.807092933999968 ], [ -71.584766695999974, -40.807226183999944 ], [ -71.584719106999955, -40.80738798699997 ], [ -71.584757178999951, -40.807587861999934 ], [ -71.584852356999988, -40.807844843999931 ], [ -71.585071266999933, -40.807978092999974 ], [ -71.585185481999986, -40.808073271999945 ], [ -71.585223552999935, -40.808273146999966 ], [ -71.585147409999934, -40.808358806999934 ], [ -71.584976088999952, -40.808492056999967 ], [ -71.584861874999945, -40.808710966999968 ], [ -71.584814285999983, -40.808958430999951 ], [ -71.584814285999983, -40.809253484999942 ], [ -71.584776213999987, -40.809453358999974 ], [ -71.584719106999955, -40.809634197999969 ], [ -71.584604892999948, -40.80985310899996 ], [ -71.584357428999965, -40.810043465999968 ], [ -71.584119482999938, -40.810129125999936 ], [ -71.583738768999979, -40.810176714999955 ], [ -71.583396126999958, -40.810195750999981 ], [ -71.583101073999956, -40.810195750999981 ], [ -71.582825055999933, -40.810262375999969 ], [ -71.582539520999944, -40.810414660999982 ], [ -71.58243482499995, -40.810585982999953 ], [ -71.582282538999948, -40.810862 ], [ -71.582206395999947, -40.811052356999937 ], [ -71.582044592999978, -40.811337891999983 ], [ -71.581806646999951, -40.811604391999936 ], [ -71.581540146999941, -40.811766194999961 ], [ -71.581378343999972, -40.811880408999968 ], [ -71.581254611999952, -40.812070765999977 ], [ -71.581140397999945, -40.812204015999953 ], [ -71.580988111999943, -40.812403890999974 ], [ -71.58086437999998, -40.812651354999957 ], [ -71.58072161299998, -40.812946407999959 ], [ -71.580531255999972, -40.813203389999956 ], [ -71.58025523799995, -40.813469888999975 ], [ -71.579988738999987, -40.813565067999946 ], [ -71.579788863999966, -40.813641210999947 ], [ -71.579512846999933, -40.814050477999956 ], [ -71.579303453999955, -40.814336012999945 ], [ -71.579189239999948, -40.814526369999953 ], [ -71.579036953999946, -40.814688172999979 ], [ -71.578884668999933, -40.814897565999956 ], [ -71.578684793999969, -40.815135511999983 ], [ -71.578618168999981, -40.815316350999979 ], [ -71.578551543999936, -40.815516225999943 ], [ -71.578561061999949, -40.815716100999964 ], [ -71.578656240999976, -40.815935010999965 ], [ -71.578837079999971, -40.816172956999935 ], [ -71.579046471999959, -40.816391867999982 ], [ -71.579303453999955, -40.816515598999956 ], [ -71.57948429299995, -40.816629813999953 ], [ -71.57975079299996, -40.816734509999947 ], [ -71.57994159499998, -40.816844587999981 ], [ -71.580045845999962, -40.816858241999967 ], [ -71.580426559999978, -40.817001009999956 ], [ -71.580505734999974, -40.817055080999978 ], [ -71.580816790999961, -40.817267508999976 ], [ -71.58110232699994, -40.817610151999929 ], [ -71.58122605899996, -40.817838579999943 ], [ -71.58122605899996, -40.81807652599997 ], [ -71.58122605899996, -40.81831447199994 ], [ -71.581245093999939, -40.818609524999943 ], [ -71.581264129999965, -40.818933131999984 ], [ -71.58110232699994, -40.819323362999967 ], [ -71.58072161299998, -40.819599380999932 ], [ -71.580388487999983, -40.820008647999941 ], [ -71.580064881999988, -40.820208522999962 ], [ -71.579826934999971, -40.820389361999958 ], [ -71.579693685999985, -40.820484539999939 ], [ -71.57962706099994, -40.820789110999954 ], [ -71.579655613999932, -40.821084164999945 ], [ -71.579855488999954, -40.821293556999933 ], [ -71.58025523799995, -40.821702823999942 ], [ -71.580569326999978, -40.821959805999938 ], [ -71.58086437999998, -40.822254858999941 ], [ -71.58110232699994, -40.822502322999981 ], [ -71.581273647999978, -40.82264509099997 ], [ -71.58148055099997, -40.822721774999934 ], [ -71.581666148999943, -40.822835988999941 ], [ -71.581880299999966, -40.822950202999948 ], [ -71.582111217999966, -40.823063875999935 ], [ -71.58255855699997, -40.82322567999995 ], [ -71.583091555999943, -40.823416035999969 ], [ -71.583150931999967, -40.823621210999931 ], [ -71.582958305999966, -40.823815785999955 ], [ -71.582691805999957, -40.823977588999981 ], [ -71.582415788999981, -40.824196499999971 ], [ -71.58219687899998, -40.824491552999973 ], [ -71.581920860999958, -40.824653355999942 ], [ -71.581530629999975, -40.824824676999981 ], [ -71.581311718999984, -40.825005515999976 ], [ -71.581368825999959, -40.825262497999972 ], [ -71.581473521999953, -40.825509961999956 ], [ -71.581502075999936, -40.825719354999933 ], [ -71.581435450999948, -40.825909711999941 ], [ -71.581197504999977, -40.826052478999941 ], [ -71.580807272999948, -40.826090550999936 ], [ -71.58023620299997, -40.826128621999942 ], [ -71.579617542999983, -40.82610006799996 ], [ -71.579198757999961, -40.825947782999947 ], [ -71.578732382999988, -40.825843086999953 ], [ -71.578180347999933, -40.82573838999997 ], [ -71.577742527999987, -40.825681282999938 ], [ -71.576866885999948, -40.825614657999949 ], [ -71.575905583999941, -40.825633693999976 ], [ -71.574944280999944, -40.825728872999946 ], [ -71.574030567999955, -40.825843086999953 ], [ -71.573088301999974, -40.826052478999941 ], [ -71.572431570999981, -40.826271389999931 ], [ -71.571927124999945, -40.826547406999964 ], [ -71.571546410999986, -40.826832941999953 ], [ -71.57140364299994, -40.827127995999945 ], [ -71.571489303999954, -40.827318351999963 ], [ -71.571492504999981, -40.827347159999931 ], [ -71.571517857999936, -40.82757533399996 ], [ -71.571517857999936, -40.82793701199995 ], [ -71.571365571999934, -40.828555671999936 ], [ -71.57128333299994, -40.828692736999983 ], [ -71.571137143999977, -40.828936385999953 ], [ -71.570823054999948, -40.829240956999968 ], [ -71.570594626999934, -40.829393241999981 ], [ -71.570309090999956, -40.829574080999976 ], [ -71.569928569999945, -40.829652601999953 ], [ -71.569709466999939, -40.829697812999939 ], [ -71.569214538999972, -40.82987865299998 ], [ -71.568955641999935, -40.830099476999976 ], [ -71.568890932999977, -40.830154669999956 ], [ -71.568605396999942, -40.83038309799997 ], [ -71.568386486999941, -40.830687668999985 ], [ -71.568196129999933, -40.831030311999939 ], [ -71.568015290999938, -40.831277775999979 ], [ -71.567748790999985, -40.831468131999941 ], [ -71.567376693999961, -40.831495358999973 ], [ -71.567358559999946, -40.83149668599998 ], [ -71.567025434999948, -40.831506203999936 ], [ -71.566768452999952, -40.831639453999969 ], [ -71.56633063299995, -40.831924988999958 ], [ -71.56598798999994, -40.832267630999979 ], [ -71.565941776999978, -40.832297254999958 ], [ -71.565616793999936, -40.832505576999949 ], [ -71.565302704999965, -40.832562684999971 ], [ -71.56522548199996, -40.832589010999982 ], [ -71.565212162999956, -40.832593550999945 ], [ -71.564883919999943, -40.832705451999971 ], [ -71.564588866999941, -40.832952915999954 ], [ -71.564350920999971, -40.833257486999969 ], [ -71.564084420999961, -40.83357157599994 ], [ -71.563760814999966, -40.833752414999935 ], [ -71.563522868999939, -40.833828557999936 ], [ -71.563256368999987, -40.833923735999974 ], [ -71.562923243999933, -40.834066503999964 ], [ -71.562647226999957, -40.834266378999985 ], [ -71.562437833999979, -40.83446625299996 ], [ -71.562161816999946, -40.834647091999955 ], [ -71.561838209999962, -40.83468516399995 ], [ -71.561695394999958, -40.834667852999985 ], [ -71.561524120999934, -40.834647091999955 ], [ -71.561171960999957, -40.834532877999948 ], [ -71.560762693999948, -40.83434252099994 ], [ -71.560386143999949, -40.834252866999975 ], [ -71.560362943999962, -40.834247342999959 ], [ -71.559848980999959, -40.834285413999964 ], [ -71.559401641999955, -40.834390110999948 ], [ -71.559116106999966, -40.83456143199993 ], [ -71.558773463999955, -40.834761305999962 ], [ -71.558402268999941, -40.834932627999933 ], [ -71.558297571999958, -40.834980216999952 ], [ -71.558040589999962, -40.835151537999934 ], [ -71.557640840999966, -40.835446590999936 ], [ -71.557355305999977, -40.835665501999983 ], [ -71.556993627999987, -40.83579875099997 ], [ -71.556650984999976, -40.835893929999941 ], [ -71.555889557999933, -40.836055732999966 ], [ -71.555232825999951, -40.836246089999975 ], [ -71.554785487999936, -40.836388857999964 ], [ -71.554262005999988, -40.83642692899997 ], [ -71.55330070399998, -40.836702946999935 ], [ -71.552786740999977, -40.836940892999962 ], [ -71.552563873999986, -40.837087148999956 ], [ -71.552482687999941, -40.837153888999978 ], [ -71.552406026999961, -40.837216909999938 ], [ -71.552034830999958, -40.837321606999978 ], [ -71.551644598999985, -40.837321606999978 ], [ -71.551254367999945, -40.837350159999971 ], [ -71.55097834999998, -40.837454855999965 ], [ -71.550511975999939, -40.837588105999941 ], [ -71.549978976999967, -40.837616659999981 ], [ -71.549465012999974, -40.837645212999973 ], [ -71.548779727999943, -40.837692801999935 ], [ -71.548256246999983, -40.837845087999938 ], [ -71.547599515999934, -40.838044962999959 ], [ -71.546809534999966, -40.838301943999966 ], [ -71.546267016999934, -40.838406640999949 ], [ -71.545486553999979, -40.838539890999982 ], [ -71.54495355499995, -40.838606514999981 ], [ -71.544686292999984, -40.838621024999952 ], [ -71.54432242699994, -40.838743651999948 ], [ -71.544249233999949, -40.838768318999939 ], [ -71.543763823999939, -40.838853978999964 ], [ -71.543230824999966, -40.838863496999977 ], [ -71.542726378999987, -40.838901568999972 ], [ -71.542012540999963, -40.839006264999966 ], [ -71.541460505999964, -40.83923469299998 ], [ -71.541022684999973, -40.839406013999962 ], [ -71.540489685999944, -40.839596370999971 ], [ -71.540020780999953, -40.839800661999959 ], [ -71.539871025999958, -40.839881906999949 ], [ -71.539385615999947, -40.840015155999936 ], [ -71.539145975999986, -40.840045747999966 ], [ -71.538938277999989, -40.840072262999968 ], [ -71.538376724999978, -40.840119852999976 ], [ -71.537976974999935, -40.840015155999936 ], [ -71.537605778999989, -40.839910459999942 ], [ -71.537186993999967, -40.839919977999955 ], [ -71.536739655999952, -40.840043709999975 ], [ -71.536416048999968, -40.840072262999968 ], [ -71.536101959999939, -40.840157923999982 ], [ -71.535873531999982, -40.840300691999971 ], [ -71.53545474699996, -40.840414905999978 ], [ -71.535102585999937, -40.840414905999978 ], [ -71.534674282999958, -40.84046249499994 ], [ -71.534179354999935, -40.840557672999978 ], [ -71.533941408999965, -40.840690922999954 ], [ -71.533294195999986, -40.840805136999961 ], [ -71.532942035999952, -40.840862244999983 ], [ -71.532551803999979, -40.841014529999939 ], [ -71.53214253699997, -40.841195368999934 ], [ -71.531676162999986, -40.841281029999948 ], [ -71.531124127999988, -40.841300064999984 ], [ -71.530752931999984, -40.841347654999936 ], [ -71.530315110999936, -40.841538010999955 ], [ -71.529734521999956, -40.841642707999938 ], [ -71.529420006999942, -40.841691632999982 ], [ -71.529217824999989, -40.841745242999934 ], [ -71.529030201999944, -40.841794992999951 ], [ -71.528763574999971, -40.841852126999981 ], [ -71.528630451999959, -40.841880653999965 ], [ -71.528226589999974, -40.841979375999983 ], [ -71.528202148999981, -40.841985349999959 ], [ -71.528099077999968, -40.842035154999962 ], [ -71.52785950699996, -40.84206149299996 ], [ -71.527535899999975, -40.842194742999936 ], [ -71.52735506099998, -40.842308956999943 ], [ -71.527354002999971, -40.842310316999942 ], [ -71.527155186999948, -40.84256593899994 ], [ -71.527002900999946, -40.842841955999972 ], [ -71.526691724999978, -40.843006785999933 ], [ -71.526385181999956, -40.843179501999941 ], [ -71.526335637999978, -40.843513720999965 ], [ -71.526229369999953, -40.843993239999975 ], [ -71.526207867999972, -40.844548090999979 ], [ -71.526197940999964, -40.84480425299995 ], [ -71.526072531999944, -40.845247590999975 ], [ -71.525656125999944, -40.845901942999944 ], [ -71.525387941999952, -40.846210354999982 ], [ -71.524932409999963, -40.846672268999953 ], [ -71.524839602999975, -40.846792918999938 ], [ -71.524616655999978, -40.84708274999997 ], [ -71.524583897999946, -40.84713890699993 ], [ -71.524395627999979, -40.847461654999961 ], [ -71.524111448999975, -40.847903711999948 ], [ -71.523764118999964, -40.848345767999945 ], [ -71.523574665999945, -40.848693097999956 ], [ -71.523385212999983, -40.849103578999973 ], [ -71.523227335999934, -40.84954563499997 ], [ -71.523006307999935, -40.849892964999981 ], [ -71.522669457999939, -40.85029106099995 ], [ -71.522658977999981, -40.850303445999941 ], [ -71.52234322399994, -40.851029680999943 ], [ -71.522059044999935, -40.851566463999973 ], [ -71.521838015999947, -40.85200851999997 ], [ -71.521585412999968, -40.852387424999961 ], [ -71.521143356999971, -40.852576877999979 ], [ -71.520859177999967, -40.852734754999972 ], [ -71.520511847999956, -40.853018933999977 ], [ -71.519975064999983, -40.853429414999937 ], [ -71.519785611999964, -40.853871470999934 ], [ -71.519533008999986, -40.854155649999939 ], [ -71.519449406999968, -40.854275081999958 ], [ -71.519311980999987, -40.85447140499997 ], [ -71.519154102999948, -40.854818734999981 ], [ -71.51890149999997, -40.855071337999959 ], [ -71.51836471699994, -40.855292365999958 ], [ -71.518048962999956, -40.855544969999983 ], [ -71.517859509999937, -40.855797573999951 ], [ -71.517512179999983, -40.856081752999955 ], [ -71.517164849999972, -40.856081752999955 ], [ -71.516564916999982, -40.856050176999929 ], [ -71.516186010999945, -40.855955450999943 ], [ -71.51590183199994, -40.85598702599998 ], [ -71.515365049999957, -40.856239629999948 ], [ -71.514891417999934, -40.856555383999932 ], [ -71.514512512999943, -40.856839562999937 ], [ -71.514196757999969, -40.857155317999968 ], [ -71.513691550999965, -40.857628949999935 ], [ -71.513329080999938, -40.857893692999937 ], [ -71.512982966999971, -40.858080062999932 ], [ -71.512918599999978, -40.858114721999982 ], [ -71.512602845999936, -40.858304173999954 ], [ -71.51250349999998, -40.858545442999969 ], [ -71.512381817999938, -40.858840956999984 ], [ -71.512287090999962, -40.859251437999944 ], [ -71.512287090999962, -40.859437266999976 ], [ -71.512287090999962, -40.859598767999955 ], [ -71.512169295999968, -40.859922704999974 ], [ -71.51216078899995, -40.859946096999977 ], [ -71.512097638999933, -40.860167125999965 ], [ -71.512055667999959, -40.860390965999954 ], [ -71.512002911999957, -40.860672332999968 ], [ -71.511929484999939, -40.860910971999942 ], [ -71.511876609999945, -40.861082813999985 ], [ -71.511655581999946, -40.861493293999956 ], [ -71.511339827999961, -40.86180904899993 ], [ -71.511118799999963, -40.86196692599998 ], [ -71.510771469999952, -40.862408981999977 ], [ -71.510676742999976, -40.863040490999936 ], [ -71.510771469999952, -40.863735150999958 ], [ -71.510929346999944, -40.864240357999961 ], [ -71.511055648999957, -40.864619263999941 ], [ -71.511150374999943, -40.865061319999938 ], [ -71.511087223999937, -40.865598102999968 ], [ -71.510771469999952, -40.865913856999953 ], [ -71.510550441999953, -40.866450639999982 ], [ -71.510392563999972, -40.867050572999972 ], [ -71.510329413999955, -40.867524204999938 ], [ -71.510329413999955, -40.867903109999929 ], [ -71.510329413999955, -40.868313590999946 ], [ -71.510329413999955, -40.868660920999957 ], [ -71.510013658999981, -40.869260854999936 ], [ -71.509413725999934, -40.869513457999972 ], [ -71.509003244999974, -40.869702910999933 ], [ -71.508498037999971, -40.870018664999975 ], [ -71.508403310999938, -40.870334419999949 ], [ -71.508403310999938, -40.870871201999933 ], [ -71.508498037999971, -40.871471135999968 ], [ -71.508624338999937, -40.871850040999959 ], [ -71.508624338999937, -40.872323672999983 ], [ -71.508719065999969, -40.872828879999929 ], [ -71.508782216999975, -40.873239360999946 ], [ -71.508813791999955, -40.873586690999957 ], [ -71.508845366999935, -40.873997171999974 ], [ -71.508955494999952, -40.874627044999954 ], [ -71.50884362499994, -40.874962611999933 ], [ -71.508423114999971, -40.875448952999932 ], [ -71.508062953999968, -40.875884459999952 ], [ -71.508091558999979, -40.876112402999979 ], [ -71.508104996999975, -40.876219485999968 ], [ -71.508104996999975, -40.876914145999933 ], [ -71.508104996999975, -40.877577229999929 ], [ -71.507978694999963, -40.878208738999945 ], [ -71.507662940999978, -40.878745521999974 ], [ -71.507220884999981, -40.879250728999978 ], [ -71.50687355499997, -40.879534907999982 ], [ -71.506463073999953, -40.880040114999929 ], [ -71.506147318999979, -40.880671623999945 ], [ -71.506021017999956, -40.88127155799998 ], [ -71.505768413999988, -40.881776764999984 ], [ -71.50538950899994, -40.882187245999944 ], [ -71.505073753999966, -40.882629301999941 ], [ -71.504852725999967, -40.883134508999945 ], [ -71.504568546999963, -40.88379759299994 ], [ -71.50444224499995, -40.884460677999982 ], [ -71.504094914999939, -40.885029035999935 ], [ -71.503716009999948, -40.885376365999946 ], [ -71.503305528999988, -40.885818421999943 ], [ -71.503084500999933, -40.886134175999985 ], [ -71.502863472999934, -40.886639383999977 ], [ -71.502674019999972, -40.887302467999973 ], [ -71.502200387999949, -40.88815500499993 ], [ -71.501821482999958, -40.888439183999935 ], [ -71.501347850999935, -40.888754938999966 ], [ -71.50103209699995, -40.889133843999957 ], [ -71.500716341999976, -40.889449597999942 ], [ -71.500432162999971, -40.889733776999947 ], [ -71.500179559999935, -40.889860078999959 ], [ -71.500000847999956, -40.889985784999965 ], [ -71.5, -40.889986351999937 ], [ -71.5, -40.889996248999978 ], [ -71.5, -40.89016423399994 ], [ -71.5, -40.890170895999972 ], [ -71.5, -40.890725369999984 ], [ -71.5, -40.890948096999978 ], [ -71.5, -40.891537013999937 ], [ -71.5, -40.894483541999932 ], [ -71.5, -40.894597755999939 ], [ -71.5, -40.896211573999949 ], [ -71.5, -40.896312591999958 ], [ -71.5, -40.897511839999936 ], [ -71.5, -40.898042459999942 ], [ -71.5, -40.902231609999944 ], [ -71.5, -40.903246340999942 ], [ -71.5, -40.90439794599996 ], [ -71.5, -40.905149909999977 ], [ -71.5, -40.905991157999949 ], [ -71.5, -40.906910710999966 ], [ -71.5, -40.90799569099994 ], [ -71.5, -40.908836449999967 ], [ -71.5, -40.909045842999944 ], [ -71.5, -40.909718474999977 ], [ -71.5, -40.914938258999939 ], [ -71.5, -40.916666669999984 ], [ -71.5, -40.921035280999945 ], [ -71.5, -40.921266754999976 ], [ -71.5, -40.921400003999963 ], [ -71.5, -40.921749119999959 ], [ -71.5, -40.925074435999932 ], [ -71.5, -40.931284828999935 ], [ -71.5, -40.933925486999954 ], [ -71.5, -40.934039700999961 ], [ -71.5, -40.934648842999934 ], [ -71.5, -40.940538008999965 ], [ -71.5, -40.940602254999931 ], [ -71.5, -40.94307503899995 ], [ -71.5, -40.946079108999982 ], [ -71.5, -40.947076767999931 ], [ -71.5, -40.947126736999962 ], [ -71.5, -40.948598812999933 ], [ -71.5, -40.951843371999985 ], [ -71.5, -40.95308728699996 ], [ -71.5, -40.953822539999976 ], [ -71.5, -40.958043780999958 ], [ -71.5, -40.959547522999969 ], [ -71.5, -40.95962047699993 ], [ -71.5, -40.960477082999944 ], [ -71.5, -40.966200495999942 ], [ -71.5, -40.966229049999981 ], [ -71.5, -40.968475784999953 ], [ -71.5, -40.969876989999932 ], [ -71.5, -40.972739254999965 ], [ -71.5, -40.972760669999957 ], [ -71.5, -40.972931181999968 ], [ -71.5, -40.973210931999972 ], [ -71.5, -40.973710618999974 ], [ -71.5, -40.975516312999957 ], [ -71.5, -40.97573760299997 ], [ -71.5, -40.977656790999959 ], [ -71.5, -40.978060272999983 ], [ -71.5, -40.978069790999939 ], [ -71.5, -40.978349451999975 ], [ -71.5, -40.978499929999941 ], [ -71.5, -40.978542760999972 ], [ -71.5, -40.979206057999932 ], [ -71.5, -40.979998894999937 ], [ -71.5, -40.980711780999968 ], [ -71.5, -40.980727009999953 ], [ -71.5, -40.981248434999941 ], [ -71.5, -40.981633906999946 ], [ -71.5, -40.981960521999952 ], [ -71.5, -40.981962425999939 ], [ -71.5, -40.982033972999943 ], [ -71.5, -40.982566808999934 ], [ -71.5, -40.982948473999954 ], [ -71.5, -40.983819356999959 ], [ -71.5, -40.984053591999952 ], [ -71.5, -40.984067868999944 ], [ -71.5, -40.98423433499994 ], [ -71.5, -40.98517469799998 ], [ -71.5, -40.985287008999933 ], [ -71.5, -40.985867596999981 ], [ -71.5, -40.986199769999985 ], [ -71.5, -40.986560495999981 ], [ -71.5, -40.986711438999976 ], [ -71.5, -40.986913454999979 ], [ -71.5, -40.987259105999954 ], [ -71.5, -40.987351428999943 ], [ -71.5, -40.987454544999935 ], [ -71.5, -40.987920918999976 ], [ -71.5, -40.987940583999944 ], [ -71.5, -40.987972943999978 ], [ -71.5, -40.987994681999965 ], [ -71.5, -40.98842515299998 ], [ -71.5, -40.988560068999959 ], [ -71.5, -40.988576375999969 ], [ -71.5, -40.988595410999949 ], [ -71.5, -40.988660076999963 ], [ -71.5, -40.988672480999981 ], [ -71.5, -40.988672841999971 ], [ -71.500000586999988, -40.988672595999958 ], [ -71.500146842999982, -40.988611274999982 ], [ -71.500320814999952, -40.988513748999935 ], [ -71.500499274999981, -40.98829959699998 ], [ -71.500784809999971, -40.988014061999934 ], [ -71.501320188999955, -40.987942677999968 ], [ -71.501819875999956, -40.987906985999984 ], [ -71.502355253999951, -40.987692834999962 ], [ -71.502640789999987, -40.987442990999966 ], [ -71.503069092999965, -40.987014687999931 ], [ -71.503069092999965, -40.986657768999976 ], [ -71.503069092999965, -40.986051005999968 ], [ -71.503069092999965, -40.985372859999984 ], [ -71.503140475999942, -40.984980248999932 ], [ -71.503533086999937, -40.98465902199996 ], [ -71.504032773999938, -40.984444869999948 ], [ -71.504496768999957, -40.983980874999929 ], [ -71.50453246099994, -40.983516879999968 ], [ -71.504639536999946, -40.983088576999933 ], [ -71.504996455999958, -40.982767349999961 ], [ -71.505496142999959, -40.982874425999967 ], [ -71.505924445999938, -40.983231344999979 ], [ -71.506459824999979, -40.983302728999945 ], [ -71.506959510999934, -40.982803041999944 ], [ -71.507209354999986, -40.982231971999965 ], [ -71.507209354999986, -40.981660900999941 ], [ -71.507280738999953, -40.98101844599995 ], [ -71.507530581999958, -40.980483067999955 ], [ -71.507494889999975, -40.979983380999954 ], [ -71.507245046999969, -40.979590769999959 ], [ -71.506995202999974, -40.979091082999958 ], [ -71.506852435999974, -40.978520011999933 ], [ -71.506566899999939, -40.977806173999966 ], [ -71.506388440999956, -40.977306486999964 ], [ -71.506138596999961, -40.976735416999929 ], [ -71.506102904999977, -40.976200037999945 ], [ -71.50628136499995, -40.97580742699995 ], [ -71.506484255999965, -40.975437547999945 ], [ -71.506662078999966, -40.975141177999944 ], [ -71.506804845999966, -40.974784258999932 ], [ -71.506852435999974, -40.974498722999954 ], [ -71.506804845999966, -40.974213187999965 ], [ -71.506590694999943, -40.974022830999957 ], [ -71.506328953999969, -40.973737295999968 ], [ -71.50604341899998, -40.973570732999974 ], [ -71.505662704999963, -40.973523143999955 ], [ -71.505377169999974, -40.973380376999955 ], [ -71.505210606999981, -40.973094840999977 ], [ -71.505163017999962, -40.972761716999969 ], [ -71.505234401999985, -40.972523770999942 ], [ -71.505377169999974, -40.972285824999972 ], [ -71.505377169999974, -40.972143056999982 ], [ -71.505305785999951, -40.971809931999985 ], [ -71.505163017999962, -40.971548191999943 ], [ -71.504925071999935, -40.971405423999954 ], [ -71.504639536999946, -40.97123886199995 ], [ -71.504544357999976, -40.970881942999938 ], [ -71.50456815299998, -40.970620201999964 ], [ -71.504758509999988, -40.970477433999974 ], [ -71.505067839999981, -40.970525022999936 ], [ -71.505424758999936, -40.97059640699996 ], [ -71.505900650999934, -40.970762968999964 ], [ -71.506209980999984, -40.970929531999957 ], [ -71.506662078999966, -40.970977120999976 ], [ -71.507018997999978, -40.971072298999957 ], [ -71.507161765999967, -40.971286450999969 ], [ -71.507118502999958, -40.971318897999936 ], [ -71.50706658699994, -40.971357834999935 ], [ -71.50706658699994, -40.971714753999947 ], [ -71.507114175999959, -40.972119261999978 ], [ -71.50761386299996, -40.972547564999957 ], [ -71.508041931999969, -40.973007437999968 ], [ -71.508280111999966, -40.973166224999943 ], [ -71.508327700999985, -40.97340417099997 ], [ -71.50830390699997, -40.973689706999949 ], [ -71.508208727999943, -40.973975241999938 ], [ -71.508280111999966, -40.974403544999973 ], [ -71.508494263999978, -40.974522517999958 ], [ -71.508637030999978, -40.974760463999985 ], [ -71.508708414999944, -40.975402917999929 ], [ -71.508708414999944, -40.975878810999973 ], [ -71.508803593999971, -40.976330907999966 ], [ -71.508946360999971, -40.976783005999948 ], [ -71.509065333999956, -40.977187513999979 ], [ -71.509422252999968, -40.977568227999939 ], [ -71.509826761999989, -40.977687200999981 ], [ -71.510350242999948, -40.977734789999943 ], [ -71.510992697999939, -40.977687200999981 ], [ -71.511444794999989, -40.977687200999981 ], [ -71.512111043999937, -40.977925146999951 ], [ -71.512610730999938, -40.977877557999932 ], [ -71.512920060999988, -40.977758584999947 ], [ -71.513229390999982, -40.977544432999935 ], [ -71.513562515999979, -40.977235102999941 ], [ -71.513776666999945, -40.976806799999963 ], [ -71.513705282999979, -40.976426086999936 ], [ -71.513443542999937, -40.976069167999981 ], [ -71.513324569999952, -40.97580742699995 ], [ -71.513062828999978, -40.975450507999938 ], [ -71.512705909999966, -40.975188766999963 ], [ -71.512396579999972, -40.97487943699997 ], [ -71.512158633999945, -40.974570106999977 ], [ -71.511944481999933, -40.97433216099995 ], [ -71.511587562999978, -40.974118008999938 ], [ -71.51149238499994, -40.973856268999953 ], [ -71.511682740999959, -40.973618322999982 ], [ -71.512253811999983, -40.973737295999968 ], [ -71.512539346999972, -40.973856268999953 ], [ -71.51287247199997, -40.974046625999961 ], [ -71.513395952999986, -40.974070419999975 ], [ -71.513990818999957, -40.974070419999975 ], [ -71.514395326999988, -40.973975241999938 ], [ -71.514657067999963, -40.973594527999978 ], [ -71.514966397999956, -40.973308992999932 ], [ -71.515323316999968, -40.973047251999958 ], [ -71.515989565999973, -40.972666537999942 ], [ -71.516370279999933, -40.972476180999934 ], [ -71.516774787999964, -40.97216685099994 ], [ -71.517060322999953, -40.971762342999966 ], [ -71.517250679999961, -40.97123886199995 ], [ -71.517464831999973, -40.970929531999957 ], [ -71.51794072399997, -40.970715379999945 ], [ -71.518221258999972, -40.970728401999963 ], [ -71.518419715999983, -40.970728401999963 ], [ -71.518478240999968, -40.970728401999963 ], [ -71.518763776999947, -40.97065701799994 ], [ -71.519049311999936, -40.970485696999958 ], [ -71.519192079999982, -40.970257268999944 ], [ -71.519263462999959, -40.970028839999941 ], [ -71.519292016999941, -40.969771858999934 ], [ -71.519406230999948, -40.969472046999954 ], [ -71.519577551999987, -40.969315001999973 ], [ -71.519863087999966, -40.969129403999943 ], [ -71.520091515999979, -40.968972359999952 ], [ -71.520277113999953, -40.968743931999938 ], [ -71.520448434999935, -40.968529779999983 ], [ -71.520562648999942, -40.968201413999964 ], [ -71.520562648999942, -40.967873048999934 ], [ -71.520619755999974, -40.967516129999979 ], [ -71.520719693999979, -40.967244870999934 ], [ -71.520905290999963, -40.966873674999931 ], [ -71.521062335999943, -40.966473925999935 ], [ -71.521233656999982, -40.966174113999955 ], [ -71.521462084999939, -40.965831470999944 ], [ -71.521690513999943, -40.965560212999947 ], [ -71.522061709999946, -40.965189016999943 ], [ -71.522441320999974, -40.96489536699994 ], [ -71.522818618999963, -40.964386013999956 ], [ -71.523127948999957, -40.96386253299994 ], [ -71.523413483999946, -40.963458023999976 ], [ -71.523770402999958, -40.962767979999967 ], [ -71.524055938999936, -40.962125525999966 ], [ -71.52398455499997, -40.961768606999954 ], [ -71.523770402999958, -40.961506865999979 ], [ -71.523365894999984, -40.961435481999956 ], [ -71.523032769999986, -40.961387892999937 ], [ -71.522842413999967, -40.961292714999956 ], [ -71.522866207999982, -40.961078562999944 ], [ -71.523223126999937, -40.96091200099994 ], [ -71.523532456999988, -40.960721643999932 ], [ -71.523913170999947, -40.960626465999951 ], [ -71.524341473999982, -40.960793027999955 ], [ -71.52476977699996, -40.961054768999929 ], [ -71.525293257999977, -40.96091200099994 ], [ -71.525745355999959, -40.960602670999947 ], [ -71.526316426999983, -40.960102983999946 ], [ -71.526792318999981, -40.959484323999959 ], [ -71.52717303299994, -40.958865663999973 ], [ -71.527601335999975, -40.958294593999938 ], [ -71.527744102999975, -40.957675933999951 ], [ -71.527839281999945, -40.957200041999954 ], [ -71.527910664999979, -40.956890711999961 ], [ -71.528053432999968, -40.956414819999964 ], [ -71.528124816999934, -40.955915132999962 ], [ -71.528243789999976, -40.955653391999931 ], [ -71.528481735999947, -40.955106115999968 ], [ -71.528695887999959, -40.954654017999985 ], [ -71.528814860999944, -40.954201920999935 ], [ -71.528957627999944, -40.95384500199998 ], [ -71.529195573999971, -40.95353567199993 ], [ -71.529457314999945, -40.95329772599996 ], [ -71.529766644999938, -40.953059779999933 ], [ -71.529861823999966, -40.952679065999973 ], [ -71.529933206999942, -40.952179378999972 ], [ -71.530075974999988, -40.951751075999937 ], [ -71.530171152999969, -40.951203799999973 ], [ -71.530075974999988, -40.950870674999976 ], [ -71.529790439999942, -40.950561345999972 ], [ -71.529576287999987, -40.950180631999956 ], [ -71.529528698999968, -40.949752328999978 ], [ -71.529576287999987, -40.949347819999957 ], [ -71.52988561799998, -40.949228846999972 ], [ -71.530099769999936, -40.94896710699993 ], [ -71.530171152999969, -40.948633981999933 ], [ -71.530004590999965, -40.948372240999959 ], [ -71.529766644999938, -40.948062910999965 ], [ -71.529671466999957, -40.947610813999972 ], [ -71.529909412999984, -40.947134921999975 ], [ -71.530218742999978, -40.946873180999944 ], [ -71.53030202399998, -40.946473431999948 ], [ -71.530504277999967, -40.946164101999955 ], [ -71.530694634999975, -40.945830976999957 ], [ -71.530849299999943, -40.945652516999985 ], [ -71.530980169999964, -40.945366981999939 ], [ -71.531158629999936, -40.94508144699995 ], [ -71.531337088999976, -40.944938678999961 ], [ -71.531539343999953, -40.944998165999948 ], [ -71.531682110999952, -40.945212316999971 ], [ -71.53187246799996, -40.945557338999947 ], [ -71.532324565999943, -40.945616825999934 ], [ -71.532752868999978, -40.945509749999985 ], [ -71.53321686399994, -40.945259905999933 ], [ -71.533704652999972, -40.945010062999984 ], [ -71.534109160999947, -40.944724527999938 ], [ -71.534489874999963, -40.944355710999957 ], [ -71.534680231999971, -40.944058278999933 ], [ -71.534668334999935, -40.943713256999956 ], [ -71.534513669999967, -40.943427720999978 ], [ -71.534109160999947, -40.943070801999966 ], [ -71.534049674999949, -40.942963726999949 ], [ -71.533895009999981, -40.942725779999932 ], [ -71.533668960999933, -40.942368860999977 ], [ -71.533549987999947, -40.942237990999956 ], [ -71.533276349999937, -40.942011941999965 ], [ -71.533062198999971, -40.941821584999957 ], [ -71.532824251999955, -40.94161933099997 ], [ -71.532610100999989, -40.941536049999968 ], [ -71.532324565999943, -40.941488460999949 ], [ -71.531967645999941, -40.941559844999972 ], [ -71.531670213999973, -40.94171450999994 ], [ -71.531432267999946, -40.941952455999967 ], [ -71.531265704999953, -40.942237990999956 ], [ -71.531051553999987, -40.942464039999948 ], [ -71.530789812999956, -40.942594909999968 ], [ -71.530480482999963, -40.942606806999947 ], [ -71.530171152999969, -40.942523525999945 ], [ -71.530040282999948, -40.942356963999941 ], [ -71.530171152999969, -40.942071428999952 ], [ -71.530528072999971, -40.941726406999976 ], [ -71.530789812999956, -40.941500357999985 ], [ -71.531039656999951, -40.941214822999939 ], [ -71.531467959999986, -40.940917389999981 ], [ -71.53177728999998, -40.940679443999954 ], [ -71.531836775999977, -40.940405805999944 ], [ -71.531943851999984, -40.940025091999985 ], [ -71.532110413999987, -40.939632480999933 ], [ -71.532300770999939, -40.93932315099994 ], [ -71.532586305999985, -40.938978128999963 ], [ -71.532859943999938, -40.938645004999955 ], [ -71.533109787999933, -40.938371366999945 ], [ -71.533228760999975, -40.938240495999935 ], [ -71.533407219999958, -40.938073933999931 ], [ -71.533597576999966, -40.937859782999965 ], [ -71.533823625999958, -40.937502863999953 ], [ -71.534013982999966, -40.937157841999976 ], [ -71.534204339999974, -40.93677712799996 ], [ -71.534382798999957, -40.936539181999933 ], [ -71.534668334999935, -40.936301235999963 ], [ -71.534758721999935, -40.936245612999983 ], [ -71.534977664999985, -40.936110878999955 ], [ -71.535358377999955, -40.936015699999984 ], [ -71.535673127999985, -40.935877087999984 ], [ -71.535798578999959, -40.935789651999983 ], [ -71.535902073999978, -40.935708655999974 ], [ -71.536072216999969, -40.93557549999997 ], [ -71.536179291999986, -40.935385142999962 ], [ -71.536214983999969, -40.935123402999977 ], [ -71.536191189999954, -40.934909250999965 ], [ -71.536012729999982, -40.934683201999974 ], [ -71.535869962999982, -40.934528536999949 ], [ -71.535715297999957, -40.934421461999932 ], [ -71.535501145999945, -40.934326282999962 ], [ -71.535310788999936, -40.934207309999977 ], [ -71.535203712999987, -40.934076439999956 ], [ -71.535215610999956, -40.933850390999964 ], [ -71.535310788999936, -40.933541060999971 ], [ -71.535429761999978, -40.933433984999965 ], [ -71.535643913999934, -40.933303114999944 ], [ -71.535881859999961, -40.933148449999976 ], [ -71.536191189999954, -40.932946195999932 ], [ -71.536429135999981, -40.932672557999979 ], [ -71.536726568999939, -40.932458405999967 ], [ -71.537119179999934, -40.932244254999944 ], [ -71.537321433999978, -40.931958718999965 ], [ -71.537595071999988, -40.93169697899998 ], [ -71.537749736999956, -40.931470929999932 ], [ -71.537749736999956, -40.931375750999962 ], [ -71.537559379999948, -40.931161599999939 ], [ -71.53736902299994, -40.930911756999933 ], [ -71.537392817999944, -40.930673809999973 ], [ -71.537571276999984, -40.930423966999967 ], [ -71.537868709999941, -40.930174123999961 ], [ -71.538070963999985, -40.929959971999949 ], [ -71.538166141999966, -40.929698230999975 ], [ -71.538225628999953, -40.929424592999965 ], [ -71.538273217999972, -40.929091468999957 ], [ -71.538344601999938, -40.928794035999942 ], [ -71.538439616999938, -40.928582078999966 ], [ -71.538499266999963, -40.928449013999966 ], [ -71.538677726999936, -40.928139683999973 ], [ -71.538682777999952, -40.928131663999977 ], [ -71.538813172999937, -40.927924617999963 ], [ -71.538915672999963, -40.927770867999982 ], [ -71.539153618999933, -40.927449640999953 ], [ -71.539284488999954, -40.927259283999945 ], [ -71.53939156499996, -40.927033234999953 ], [ -71.539547077999941, -40.926834523999958 ], [ -71.539605715999983, -40.926759596999943 ], [ -71.539748483999972, -40.926795288999983 ], [ -71.539909611999974, -40.926841324999941 ], [ -71.540164889999971, -40.926914261999968 ], [ -71.540390937999973, -40.926842877999945 ], [ -71.540569397999946, -40.926640623999958 ], [ -71.540724062999971, -40.92645026699995 ], [ -71.540902522999943, -40.92617662899994 ], [ -71.541247543999987, -40.925986271999932 ], [ -71.541497387999982, -40.925986271999932 ], [ -71.541759128999956, -40.926045758999976 ], [ -71.541937587999939, -40.926129039999978 ], [ -71.542270712999937, -40.926140936999957 ], [ -71.542532452999978, -40.926010066999936 ], [ -71.542663323999989, -40.925819709999985 ], [ -71.542770398999949, -40.92552227699997 ], [ -71.54299644799994, -40.925224844999946 ], [ -71.543389058999935, -40.924963103999971 ], [ -71.543627004999962, -40.92483223399995 ], [ -71.543983924999964, -40.924689465999961 ], [ -71.544221870999934, -40.924522903999957 ], [ -71.544364637999934, -40.924344443999985 ], [ -71.544352740999955, -40.924165984999945 ], [ -71.544364637999934, -40.923963729999969 ], [ -71.544531200999984, -40.923844756999983 ], [ -71.544864324999935, -40.923761475999981 ], [ -71.545114168999987, -40.923761475999981 ], [ -71.54538780699994, -40.923654399999975 ], [ -71.54553057399994, -40.923428351999974 ], [ -71.545542471999966, -40.923237994999965 ], [ -71.545542471999966, -40.923107123999955 ], [ -71.545471087999942, -40.92295245899993 ], [ -71.54538780699994, -40.92284538399997 ], [ -71.545221243999947, -40.922785896999983 ], [ -71.545078476999947, -40.922643129999983 ], [ -71.545161757999949, -40.92244087499995 ], [ -71.545280730999934, -40.922333799999933 ], [ -71.545542471999966, -40.922274312999946 ], [ -71.545720930999948, -40.922155339999961 ], [ -71.545970774999944, -40.922191031999944 ], [ -71.546149233999984, -40.922369491999973 ], [ -71.546410974999958, -40.92244087499995 ], [ -71.546660817999964, -40.922345696999969 ], [ -71.546779790999949, -40.922191031999944 ], [ -71.546958250999978, -40.921917393999934 ], [ -71.547112915999946, -40.921655652999959 ], [ -71.547219991999953, -40.921441501999936 ], [ -71.547386553999957, -40.921227349999981 ], [ -71.54755311599996, -40.920929917999956 ], [ -71.54755311599996, -40.920632484999942 ], [ -71.54755311599996, -40.92027556599993 ], [ -71.547565012999939, -40.919704494999962 ], [ -71.547529320999956, -40.919383267999933 ], [ -71.547374656999978, -40.919085834999976 ], [ -71.547231888999988, -40.918859786999974 ], [ -71.547029634999944, -40.918621839999958 ], [ -71.546851174999972, -40.91841958599997 ], [ -71.546589433999941, -40.918336304999968 ], [ -71.546327693999956, -40.918431483999939 ], [ -71.546113541999944, -40.918490969999937 ], [ -71.545828006999955, -40.918467174999932 ], [ -71.54556626599998, -40.918253023999966 ], [ -71.545411600999955, -40.918086461999962 ], [ -71.545340216999989, -40.917836617999967 ], [ -71.545340216999989, -40.917658158999984 ], [ -71.545482984999978, -40.917479698999955 ], [ -71.545685238999965, -40.917408314999932 ], [ -71.545697135999944, -40.917146574999947 ], [ -71.545673341999986, -40.916908628999977 ], [ -71.545459189999974, -40.916777757999967 ], [ -71.54529262799997, -40.916611195999963 ], [ -71.545280730999934, -40.916373249999936 ], [ -71.54529262799997, -40.916135303999965 ], [ -71.54529262799997, -40.915873562999934 ], [ -71.545256935999987, -40.915671308999947 ], [ -71.545137962999945, -40.915552335999962 ], [ -71.544852427999956, -40.915385772999969 ], [ -71.544611715999963, -40.915257120999968 ], [ -71.544536434999941, -40.915203325999983 ], [ -71.544245664999949, -40.914995541999986 ], [ -71.543799515999979, -40.914846825999973 ], [ -71.543264137999984, -40.914787338999929 ], [ -71.54299644799994, -40.914817081999956 ], [ -71.542401582999958, -40.914965798999958 ], [ -71.541895947999933, -40.915144257999941 ], [ -71.541420054999946, -40.915471433999983 ], [ -71.541033392999964, -40.915887839999982 ], [ -71.540616986999964, -40.916244758999937 ], [ -71.540260067999952, -40.916274501999965 ], [ -71.539813918999982, -40.916036555999938 ], [ -71.539457, -40.916006812999967 ], [ -71.538862134999988, -40.916363731999979 ], [ -71.538415985999961, -40.916750393999962 ], [ -71.537969836999935, -40.917345259999934 ], [ -71.53764266099995, -40.917821151999931 ], [ -71.537345227999936, -40.917910381999945 ], [ -71.536869335999938, -40.917612948999931 ], [ -71.536750362999953, -40.917137056999934 ], [ -71.536690876999955, -40.916690907999964 ], [ -71.536690876999955, -40.91618527199995 ], [ -71.536720619999983, -40.915560663999941 ], [ -71.536912638999979, -40.914657058999978 ], [ -71.536956657999951, -40.914178903999982 ], [ -71.536970225999937, -40.914117682999972 ], [ -71.537018051999951, -40.913597608999964 ], [ -71.537107281999965, -40.913121715999978 ], [ -71.537255998999967, -40.912586337999983 ], [ -71.537374971999952, -40.912169931999983 ], [ -71.537493944999937, -40.911694039999929 ], [ -71.537553430999935, -40.911218147999932 ], [ -71.537702147999937, -40.910682768999948 ], [ -71.537702147999937, -40.910117646999936 ], [ -71.537493944999937, -40.909760727999981 ], [ -71.537315484999965, -40.909433551999939 ], [ -71.537345227999936, -40.90901714599994 ], [ -71.53740471499998, -40.90839253799993 ], [ -71.537583173999963, -40.908005874999958 ], [ -71.537880606999977, -40.907619212999975 ], [ -71.538178039999934, -40.907083833999934 ], [ -71.538505215999976, -40.90654845499995 ], [ -71.538921620999986, -40.90610230599998 ], [ -71.539457, -40.90571564399994 ], [ -71.539962634999938, -40.905120778999958 ], [ -71.540260067999952, -40.904496169999959 ], [ -71.540230324999982, -40.903871561999949 ], [ -71.540051864999953, -40.903395668999963 ], [ -71.539516486999958, -40.902860290999968 ], [ -71.538981107999973, -40.902443884999968 ], [ -71.538356498999974, -40.901908505999984 ], [ -71.537672403999977, -40.901581329999942 ], [ -71.536720619999983, -40.901045951999947 ], [ -71.536155497999971, -40.900837748999948 ], [ -71.535798578999959, -40.900718775999962 ], [ -71.535441659999947, -40.900510572999963 ], [ -71.535025253999947, -40.900540315999933 ], [ -71.534817050999948, -40.90077826199996 ], [ -71.534668334999935, -40.900718775999962 ], [ -71.534489874999963, -40.900421342999948 ], [ -71.533954495999978, -40.900332112999934 ], [ -71.533865266999953, -40.900094166999963 ], [ -71.53410321299998, -40.899677761999953 ], [ -71.534430388999965, -40.899350585999969 ], [ -71.534608847999948, -40.898874693999971 ], [ -71.534489874999963, -40.898398800999985 ], [ -71.534489874999963, -40.897922908999931 ], [ -71.53434115899995, -40.897595732999946 ], [ -71.533924752999951, -40.897328043999948 ], [ -71.533657063999954, -40.896792664999964 ], [ -71.533389373999967, -40.896287029999939 ], [ -71.533121684999969, -40.896049083999969 ], [ -71.532735022999987, -40.895602934999943 ], [ -71.53249707699996, -40.895186528999943 ], [ -71.532407846999945, -40.894770122999944 ], [ -71.532229386999973, -40.894294230999947 ], [ -71.532169900999975, -40.893877824999947 ], [ -71.532050927999933, -40.893461419999937 ], [ -71.531902210999988, -40.89316398699998 ], [ -71.531902210999988, -40.892866554999955 ], [ -71.531768894999971, -40.89261251299996 ], [ -71.531657497999959, -40.89247471699997 ], [ -71.531485805999978, -40.892122972999971 ], [ -71.531337088999976, -40.891766053999959 ], [ -71.531218115999934, -40.891438877999974 ], [ -71.531069399999978, -40.891081958999962 ], [ -71.530563764999954, -40.890695295999933 ], [ -71.530177101999982, -40.89048709399998 ], [ -71.529760695999983, -40.890219403999936 ], [ -71.529314546999956, -40.89007068799998 ], [ -71.52898737199996, -40.889802997999936 ], [ -71.528868398999975, -40.889386592999983 ], [ -71.528868398999975, -40.888761983999984 ], [ -71.528630451999959, -40.88804814599996 ], [ -71.528333019999934, -40.887780456999963 ], [ -71.528184302999989, -40.887483023999948 ], [ -71.528243789999976, -40.887126104999936 ], [ -71.528570965999961, -40.886590725999952 ], [ -71.528927884999973, -40.886144576999982 ], [ -71.529225317999988, -40.88578765799997 ], [ -71.529522749999956, -40.885311765999973 ], [ -71.529771159999939, -40.884993658999974 ], [ -71.529936179999936, -40.884782338999969 ], [ -71.530117615999984, -40.884419467999976 ], [ -71.530385304999982, -40.883973318999949 ], [ -71.530771966999964, -40.882962047999968 ], [ -71.531099142999949, -40.882337439999958 ], [ -71.531545291999976, -40.881653344999961 ], [ -71.532140156999958, -40.881236938999962 ], [ -71.532675535999942, -40.881058478999933 ], [ -71.533984239999938, -40.880761046999964 ], [ -71.53496576699996, -40.880582586999935 ], [ -71.535828321999986, -40.880582586999935 ], [ -71.536720619999983, -40.880552843999965 ], [ -71.53722625499995, -40.880255410999951 ], [ -71.537791376999962, -40.879957978999983 ], [ -71.538594444999944, -40.879809261999981 ], [ -71.539575972999955, -40.879749775999983 ], [ -71.540379040999937, -40.879868748999968 ], [ -71.541836460999946, -40.879898491999938 ], [ -71.54278824499994, -40.879898491999938 ], [ -71.543680542999937, -40.879720031999966 ], [ -71.544572840999933, -40.879482085999939 ], [ -71.545375908999972, -40.879482085999939 ], [ -71.546178976999954, -40.879482085999939 ], [ -71.546773842999983, -40.879392856999971 ], [ -71.547219991999953, -40.879006193999942 ], [ -71.54769588399995, -40.878530301999945 ], [ -71.548201518999974, -40.878024665999931 ], [ -71.548766640999986, -40.877846206999948 ], [ -71.549331762999941, -40.877756976999933 ], [ -71.54992662799998, -40.877429800999948 ], [ -71.550551236999979, -40.87713236899998 ], [ -71.551086615999964, -40.876894422999953 ], [ -71.551534316999948, -40.876839151999945 ], [ -71.551839228999938, -40.876593808999985 ], [ -71.552202729999976, -40.876252629999954 ], [ -71.552567955999962, -40.875956429999974 ], [ -71.552865597999983, -40.875522170999943 ], [ -71.553102745999979, -40.875134267999954 ], [ -71.553539520999948, -40.875079575999962 ], [ -71.55397421899994, -40.87497090599993 ], [ -71.554003934999969, -40.874913311999933 ], [ -71.554148078999958, -40.874633922999976 ], [ -71.554196827999988, -40.874205174999929 ], [ -71.554495121999935, -40.873865433999981 ], [ -71.554931042999954, -40.873711715999946 ], [ -71.555369537999979, -40.873701995999966 ], [ -71.555930737999972, -40.873644535999972 ], [ -71.55605875599997, -40.873604674999967 ], [ -71.556428872999959, -40.873489432999975 ], [ -71.556805146999977, -40.873481086999959 ], [ -71.557488875999979, -40.873371381999959 ], [ -71.557996185999968, -40.873454662999961 ], [ -71.558379735999949, -40.87363522499993 ], [ -71.558756010999957, -40.873626872999978 ], [ -71.559253081999941, -40.873521299999936 ], [ -71.559561589999987, -40.873370393999949 ], [ -71.55980978499997, -40.87327034499998 ], [ -71.560431287999961, -40.873162004999983 ], [ -71.560706966999987, -40.873155880999946 ], [ -71.561348040999974, -40.873027797999953 ], [ -71.561883419999958, -40.87284933899997 ], [ -71.562983920999955, -40.872224729999971 ], [ -71.563400325999964, -40.871659607999959 ], [ -71.563251609999952, -40.871094485999947 ], [ -71.562983920999955, -40.87082679699995 ], [ -71.563043406999952, -40.870469877999938 ], [ -71.563281352999979, -40.870053471999938 ], [ -71.563727501999949, -40.86999398599994 ], [ -71.564352110999948, -40.86999398599994 ], [ -71.565184921999958, -40.869696552999983 ], [ -71.56577978699994, -40.869518092999954 ], [ -71.566761314999951, -40.869428863999985 ], [ -71.567415666999977, -40.869577579999941 ], [ -71.567891558999975, -40.869577579999941 ], [ -71.568873086999986, -40.869637065999939 ], [ -71.569467951999968, -40.869785782999941 ], [ -71.56982487099998, -40.869726295999953 ], [ -71.57006281699995, -40.869369376999941 ], [ -71.570360249999965, -40.868923227999971 ], [ -71.570806398999935, -40.868774511999959 ], [ -71.571401263999974, -40.868417592999947 ], [ -71.572382791999985, -40.868179646999977 ], [ -71.572977656999967, -40.868298619999962 ], [ -71.57336431899995, -40.868417592999947 ], [ -71.573810467999976, -40.868239132999975 ], [ -71.574524306999933, -40.868060673999935 ], [ -71.575119171999972, -40.868209389999947 ], [ -71.575743779999982, -40.868209389999947 ], [ -71.576517104999937, -40.868030929999975 ], [ -71.576963253999963, -40.867763240999977 ], [ -71.577766321999945, -40.867555037999978 ], [ -71.578212470999972, -40.867674010999963 ], [ -71.578747849999957, -40.867792983999948 ], [ -71.579312971999968, -40.867644267999935 ], [ -71.579759120999938, -40.867436064999936 ], [ -71.58011603999995, -40.867049402999953 ], [ -71.58032424299995, -40.866543766999939 ], [ -71.580591931999948, -40.866097617999969 ], [ -71.580800134999947, -40.866008387999955 ], [ -71.581484229999944, -40.866008387999955 ], [ -71.582079094999983, -40.86612736099994 ], [ -71.582941649999952, -40.866097617999969 ], [ -71.583239082999967, -40.865978644999984 ], [ -71.583893433999947, -40.865829928999972 ], [ -71.584785731999943, -40.865651468999943 ], [ -71.585499569999968, -40.865413522999972 ], [ -71.586272894999979, -40.864997116999973 ], [ -71.587254422999933, -40.864491481999949 ], [ -71.588027747999945, -40.864342765999936 ], [ -71.588741585999969, -40.864491481999949 ], [ -71.589009274999967, -40.864818657999933 ], [ -71.589217477999966, -40.865383779999945 ], [ -71.589455423999937, -40.866038131999971 ], [ -71.589604140999938, -40.866573509999967 ], [ -71.589574396999978, -40.86707914599998 ], [ -71.589306707999981, -40.867644267999935 ], [ -71.589157991999969, -40.868506821999972 ], [ -71.589217477999966, -40.869131430999971 ], [ -71.589217477999966, -40.86996424199998 ], [ -71.589009274999967, -40.870559107999952 ], [ -71.588741585999969, -40.871213458999932 ], [ -71.588444152999955, -40.871838067999931 ], [ -71.588224686999979, -40.872342841999966 ], [ -71.587756488999958, -40.873045643999944 ], [ -71.587265724999952, -40.874544574999959 ], [ -71.586770797999975, -40.876124536999953 ], [ -71.586390083999959, -40.877457034999964 ], [ -71.585666727999978, -40.879417710999974 ], [ -71.584080221999955, -40.883289223999952 ], [ -71.583973145999948, -40.883467683999982 ], [ -71.583330691999947, -40.883467683999982 ], [ -71.582811373999959, -40.883529419999945 ], [ -71.582088017999979, -40.883757847999959 ], [ -71.581516947999944, -40.884081454999944 ], [ -71.580931701999987, -40.884640890999947 ], [ -71.580653797999958, -40.885252278999985 ], [ -71.580225494999979, -40.886108884999942 ], [ -71.579690115999938, -40.886394420999977 ], [ -71.578690742999981, -40.886394420999977 ], [ -71.577655676999939, -40.88657287999996 ], [ -71.577691368999979, -40.887286717999984 ], [ -71.57819105599998, -40.887643637999929 ], [ -71.578369515999952, -40.88832178399997 ], [ -71.578369515999952, -40.888928546999978 ], [ -71.578440898999986, -40.889927919999934 ], [ -71.578226747999963, -40.890570374999982 ], [ -71.577976904999957, -40.891248520999966 ], [ -71.577548601999979, -40.891712515999984 ], [ -71.577048914999978, -40.891998050999973 ], [ -71.576406459999987, -40.892176510999946 ], [ -71.575764005999986, -40.892497737999975 ], [ -71.575549853999973, -40.893282959999965 ], [ -71.575549853999973, -40.89367557099996 ], [ -71.575300010999968, -40.894282333999968 ], [ -71.575157242999978, -40.894924787999969 ], [ -71.575157242999978, -40.895638626999983 ], [ -71.575264318999984, -40.89635246499995 ], [ -71.575442778999957, -40.89713768699994 ], [ -71.575442778999957, -40.897922908999931 ], [ -71.575442778999957, -40.898672438999938 ], [ -71.575335702999951, -40.899421969999935 ], [ -71.575085858999955, -40.900135807999959 ], [ -71.574943091999955, -40.90077826199996 ], [ -71.574479096999937, -40.901099489999979 ], [ -71.574050793999959, -40.901385024999968 ], [ -71.573586798999941, -40.901492100999974 ], [ -71.573194187999945, -40.902027478999969 ], [ -71.573194187999945, -40.90249147399993 ], [ -71.573229879999985, -40.902919776999966 ], [ -71.573158495999962, -40.903526539999973 ], [ -71.572694500999944, -40.903919150999968 ], [ -71.572301889999949, -40.904347453999947 ], [ -71.572052046999943, -40.904775756999982 ], [ -71.571516667999958, -40.905061291999971 ], [ -71.570945596999934, -40.905560978999972 ], [ -71.570838520999985, -40.90598928199995 ], [ -71.570909904999951, -40.906239124999956 ], [ -71.571231132999969, -40.906453276999969 ], [ -71.571409591999952, -40.906810195999981 ], [ -71.571373899999969, -40.907345574999965 ], [ -71.570981288999974, -40.907952336999983 ], [ -71.570552985999939, -40.908487715999968 ], [ -71.569946223999978, -40.909094478999975 ], [ -71.569696379999982, -40.90962985699997 ], [ -71.569482228999959, -40.910236619999978 ], [ -71.569303768999987, -40.91148583699993 ], [ -71.569303768999987, -40.912056907999954 ], [ -71.569303768999987, -40.912770745999978 ], [ -71.569303768999987, -40.913163356999974 ], [ -71.569482228999959, -40.913555967999969 ], [ -71.569624995999959, -40.913948578999964 ], [ -71.569732071999965, -40.914376881999942 ], [ -71.569741478999958, -40.914697495999974 ], [ -71.569755660999988, -40.915180887999952 ], [ -71.569957246999934, -40.915559039999948 ], [ -71.569975548999935, -40.916031313999952 ], [ -71.569805507999945, -40.916467271999977 ], [ -71.569579304999934, -40.917138571999942 ], [ -71.569537262999972, -40.917661709999948 ], [ -71.56962357499998, -40.918281024999942 ], [ -71.569625668999947, -40.918335050999985 ], [ -71.569805834999954, -40.919081075999941 ], [ -71.569805834999954, -40.919085033999977 ], [ -71.569805834999954, -40.919451286999958 ], [ -71.569805834999954, -40.919509378999976 ], [ -71.56963927299995, -40.920009065999977 ], [ -71.569448915999942, -40.920532547999983 ], [ -71.569283436999967, -40.921241742999939 ], [ -71.569282353999938, -40.92124638599995 ], [ -71.569280021999987, -40.921260963999941 ], [ -71.569232210999985, -40.92155977699997 ], [ -71.569196136999949, -40.921785240999952 ], [ -71.569187175999957, -40.921841250999933 ], [ -71.569077241999935, -40.922407786999941 ], [ -71.569097807999981, -40.922938531999932 ], [ -71.569020612999964, -40.923459284999979 ], [ -71.568903546999934, -40.923700734999954 ], [ -71.568639899999937, -40.924244506999969 ], [ -71.568187801999954, -40.925101112999982 ], [ -71.568187801999954, -40.925600799999984 ], [ -71.56802123999995, -40.926433610999936 ], [ -71.567545346999964, -40.927218832999984 ], [ -71.567117043999986, -40.927718519999985 ], [ -71.566664946999936, -40.928218206999929 ], [ -71.566046286999949, -40.92876548299995 ], [ -71.565522805999933, -40.928979633999973 ], [ -71.565046912999946, -40.929146195999976 ], [ -71.564571020999949, -40.929693472999929 ], [ -71.563999950999971, -40.930193158999941 ], [ -71.563595441999951, -40.930764229999966 ], [ -71.563428879999947, -40.931287710999982 ], [ -71.563571647999936, -40.931906370999968 ], [ -71.563833387999978, -40.932525030999955 ], [ -71.563833387999978, -40.933000922999952 ], [ -71.563666825999974, -40.933405431999972 ], [ -71.563309906999962, -40.933786144999942 ], [ -71.562976781999964, -40.934047885999973 ], [ -71.562691246999975, -40.934285831999944 ], [ -71.562596068999937, -40.93490449199993 ], [ -71.562286738999944, -40.935570740999935 ], [ -71.562167765999959, -40.936451141999953 ], [ -71.561858435999966, -40.936950828999954 ], [ -71.561097007999933, -40.938045380999938 ], [ -71.560525936999966, -40.938806807999981 ], [ -71.55985968799996, -40.939734797999961 ], [ -71.559145849999936, -40.940734171999964 ], [ -71.558574778999969, -40.941424214999984 ], [ -71.557765762999963, -40.94204287499997 ], [ -71.557266075999962, -40.942376 ], [ -71.556837772999984, -40.942709123999975 ], [ -71.556528442999934, -40.942899480999984 ], [ -71.556338085999982, -40.942828096999961 ], [ -71.555885988999933, -40.942590150999933 ], [ -71.555481479999969, -40.942471177999948 ], [ -71.554934203999949, -40.942471177999948 ], [ -71.55450590099997, -40.94242358899993 ], [ -71.554267954999943, -40.942233231999978 ], [ -71.554030008999973, -40.941947696999932 ], [ -71.553577910999934, -40.941947696999932 ], [ -71.553149607999956, -40.942328409999959 ], [ -71.552602331999935, -40.94297086499995 ], [ -71.552174028999957, -40.943375372999981 ], [ -71.551721931999964, -40.943970238999952 ], [ -71.551103271999978, -40.944684076999977 ], [ -71.550532200999953, -40.94513617399997 ], [ -71.550056308999956, -40.945564476999948 ], [ -71.549604210999973, -40.945826217999979 ], [ -71.549247291999961, -40.946206931999939 ], [ -71.549247291999961, -40.946492466999985 ], [ -71.549315882999963, -40.946550505999937 ], [ -71.549556621999955, -40.946754207999959 ], [ -71.549657663999938, -40.946798413999943 ], [ -71.549937335999971, -40.946920769999963 ], [ -71.550097253999979, -40.947027381999931 ], [ -71.550151487999983, -40.947063537999952 ], [ -71.550279080999985, -40.947346246999984 ], [ -71.550423247999959, -40.947775220999972 ], [ -71.550247246999959, -40.948215783999956 ], [ -71.55000066599996, -40.948365295999963 ], [ -71.549556412999948, -40.948469662999969 ], [ -71.549176744999954, -40.948478062999982 ], [ -71.548934636999945, -40.948821047999957 ], [ -71.549202709999975, -40.949152746999971 ], [ -71.549335794999934, -40.949293857999976 ], [ -71.549281790999942, -40.949587663999978 ], [ -71.548720389999971, -40.949888193999982 ], [ -71.548295876999987, -40.950428785999975 ], [ -71.548050123999985, -40.950677313999961 ], [ -71.547687051999958, -40.951117506999935 ], [ -71.547193630999971, -40.951565082999934 ], [ -71.547282934999942, -40.952188847999935 ], [ -71.54730144499996, -40.952670122999962 ], [ -71.547575902999938, -40.953244776999952 ], [ -71.547596318999979, -40.953775527999937 ], [ -71.547428786999944, -40.954359953999983 ], [ -71.547064628999976, -40.954849688999957 ], [ -71.546760191999965, -40.955194046999964 ], [ -71.546076707999987, -40.955641316999959 ], [ -71.545914692999986, -40.956369672999983 ], [ -71.545342890999962, -40.957251137999947 ], [ -71.545095200999981, -40.957450182999935 ], [ -71.545110067999985, -40.957837002999952 ], [ -71.544623177999938, -40.958378958999958 ], [ -71.54425344699996, -40.958724752999956 ], [ -71.544082073999959, -40.959210220999978 ], [ -71.543914499999971, -40.959794641999963 ], [ -71.543356790999951, -40.960194101999946 ], [ -71.543110810999963, -40.96043812299996 ], [ -71.542868629999987, -40.960781096999938 ], [ -71.542637149999962, -40.961204674999976 ], [ -71.542313542999977, -40.961718637999979 ], [ -71.542091918999972, -40.962127790999943 ], [ -71.542066078999937, -40.96217549499994 ], [ -71.541761507999979, -40.962632350999968 ], [ -71.54169283899995, -40.962743277999948 ], [ -71.541514043999939, -40.963032100999953 ], [ -71.541437230999975, -40.963132684999948 ], [ -71.541346889999943, -40.963250983999956 ], [ -71.54109835099996, -40.963576436999972 ], [ -71.540890227999967, -40.964007455999933 ], [ -71.54041626999998, -40.964733680999984 ], [ -71.539992493999989, -40.96522020499998 ], [ -71.53963571099996, -40.965750268999955 ], [ -71.539338845999964, -40.96613945799993 ], [ -71.538856369999962, -40.966721808999978 ], [ -71.538495946999944, -40.967157412999939 ], [ -71.538130000999956, -40.967449082999963 ], [ -71.537776984999937, -40.968078095999942 ], [ -71.537793366999949, -40.968505397999934 ], [ -71.537571548999949, -40.969226056999958 ], [ -71.537147723999965, -40.969712571999935 ], [ -71.536852932999977, -40.96995078499998 ], [ -71.536583800999949, -40.970227590999968 ], [ -71.536488621999979, -40.970436982999956 ], [ -71.536398370999962, -40.970442623999929 ], [ -71.536184050999964, -40.970456018999982 ], [ -71.535898515999975, -40.970398911999951 ], [ -71.535708158999967, -40.97030373299998 ], [ -71.535598489999984, -40.97030373299998 ], [ -71.535460694999983, -40.97030373299998 ], [ -71.535194195999964, -40.970456018999982 ], [ -71.535164372999986, -40.970585251999978 ], [ -71.535137088999988, -40.970703482999966 ], [ -71.535289373999944, -40.970893839999974 ], [ -71.535292626999933, -40.970926370999962 ], [ -71.535308409999971, -40.971084196999982 ], [ -71.535308409999971, -40.971312624999939 ], [ -71.535270337999975, -40.971483945999978 ], [ -71.535156123999968, -40.971693338999955 ], [ -71.53494673199998, -40.971807552999962 ], [ -71.534858879999945, -40.971827825999981 ], [ -71.53469926799994, -40.971864659999937 ], [ -71.534356624999987, -40.971902730999943 ], [ -71.534071089999941, -40.971902730999943 ], [ -71.533897254999943, -40.971891866999954 ], [ -71.533766518999983, -40.971883695999963 ], [ -71.533645800999977, -40.971788395999965 ], [ -71.533506714999987, -40.971413309999946 ], [ -71.533618596999986, -40.971077722999951 ], [ -71.533986304999985, -40.970831044999954 ], [ -71.534220260999973, -40.970348717999968 ], [ -71.534509939999964, -40.969770627999935 ], [ -71.534683474999952, -40.969339146999971 ], [ -71.534857656999975, -40.969002187999934 ], [ -71.53528511199994, -40.968610136999985 ], [ -71.535713212999951, -40.968312606999973 ], [ -71.535810642999934, -40.96814034099998 ], [ -71.536066422999966, -40.96768809699995 ], [ -71.536240593999935, -40.967351135999934 ], [ -71.535980335999966, -40.967068754999957 ], [ -71.53559801199998, -40.966933114999961 ], [ -71.534972793999941, -40.967045909999968 ], [ -71.534683779999966, -40.967718522999974 ], [ -71.534193196999979, -40.968012921999957 ], [ -71.533757686999934, -40.968117035999967 ], [ -71.533200099999988, -40.968367887999932 ], [ -71.532843416999981, -40.968902430999947 ], [ -71.532475714999975, -40.969149103999939 ], [ -71.532058909999932, -40.969529396999974 ], [ -71.532051034999938, -40.969536581999932 ], [ -71.532033207999973, -40.969658801999969 ], [ -71.532001628999978, -40.96987529699993 ], [ -71.531985752999958, -40.969897729999957 ], [ -71.531762151999942, -40.970213686999955 ], [ -71.531465694999952, -40.970692880999934 ], [ -71.531273010999939, -40.970804019999946 ], [ -71.530911165999953, -40.97093191099998 ], [ -71.530720808999945, -40.97093191099998 ], [ -71.530492380999988, -40.970912875999943 ], [ -71.53030202399998, -40.970760589999941 ], [ -71.530225880999978, -40.970589268999959 ], [ -71.530225880999978, -40.970379875999981 ], [ -71.530309747999979, -40.970052018999979 ], [ -71.530732549999982, -40.969615068999985 ], [ -71.530841907999957, -40.969135484999981 ], [ -71.531010605999938, -40.968654596999954 ], [ -71.531123743999956, -40.968273966999959 ], [ -71.531134834999989, -40.968038486999944 ], [ -71.531112893999989, -40.967990215999976 ], [ -71.53105388299997, -40.967860392999967 ], [ -71.531015861999947, -40.96777674599997 ], [ -71.530906019999975, -40.96777674599997 ], [ -71.530754120999973, -40.96777674599997 ], [ -71.53074483599994, -40.967784870999935 ], [ -71.530563764999954, -40.967943307999974 ], [ -71.530492380999988, -40.968157459999929 ], [ -71.530434132999972, -40.968334131999939 ], [ -71.530230639999957, -40.96856196799996 ], [ -71.530040282999948, -40.968657145999941 ], [ -71.530008301999942, -40.968674366999949 ], [ -71.529730952999955, -40.968823708999935 ], [ -71.529564390999951, -40.968776119999973 ], [ -71.529564390999951, -40.968644434999931 ], [ -71.529564390999951, -40.96856196799996 ], [ -71.529754747999959, -40.968228842999963 ], [ -71.530040282999948, -40.967871923999951 ], [ -71.530278228999975, -40.967419826999958 ], [ -71.530444790999979, -40.967062907999946 ], [ -71.530621464999967, -40.966709398999967 ], [ -71.53078779599997, -40.966089009999962 ], [ -71.530712764999976, -40.965757529999962 ], [ -71.530406287999938, -40.965592934999961 ], [ -71.530197377999968, -40.965480738999929 ], [ -71.530070729999977, -40.965245676999984 ], [ -71.529908920999958, -40.965249210999957 ], [ -71.529680217999953, -40.965622577999966 ], [ -71.529582348999952, -40.965782353999941 ], [ -71.528988116999983, -40.966087112999958 ], [ -71.528903758999945, -40.966130376999956 ], [ -71.528866889999961, -40.966168479999965 ], [ -71.528480965999961, -40.966567319999967 ], [ -71.528379819999941, -40.966912105999938 ], [ -71.528367985999978, -40.966952444999947 ], [ -71.528069159999973, -40.967292129999976 ], [ -71.52738865699996, -40.967590667999957 ], [ -71.527086855999983, -40.967930414999955 ], [ -71.526534736999963, -40.968325169999957 ], [ -71.525848258999986, -40.968389739999964 ], [ -71.525351058999945, -40.968589710999936 ], [ -71.524789194999983, -40.968651542999964 ], [ -71.524167370999976, -40.968854239999985 ], [ -71.523600015999989, -40.96877213199997 ], [ -71.523033295999937, -40.968784543999959 ], [ -71.522672755999963, -40.969220101999952 ], [ -71.522418628999958, -40.969586260999961 ], [ -71.522361521999983, -40.969800411999984 ], [ -71.522390074999976, -40.970100223999964 ], [ -71.522518565999974, -40.970342928999969 ], [ -71.52277554799997, -40.97051425099994 ], [ -71.523003975999984, -40.970728401999963 ], [ -71.52326095799998, -40.971170981999933 ], [ -71.523289510999973, -40.971356579999963 ], [ -71.523389448999978, -40.971513623999954 ], [ -71.523774920999983, -40.971713498999975 ], [ -71.524003349999987, -40.971927649999941 ], [ -71.523934820999955, -40.972053286999937 ], [ -71.523917688999973, -40.972084694999978 ], [ -71.523732090999943, -40.972313122999935 ], [ -71.523589323999943, -40.97239878399995 ], [ -71.523573357999965, -40.972406765999949 ], [ -71.523332341999946, -40.972527274999948 ], [ -71.523118189999934, -40.972641488999955 ], [ -71.522932591999961, -40.97288419399996 ], [ -71.522875484999986, -40.973141174999967 ], [ -71.522932591999961, -40.973241112999972 ], [ -71.522943869999949, -40.973265924999964 ], [ -71.523003975999984, -40.973398156999963 ], [ -71.522925694999969, -40.973458018999963 ], [ -71.522761270999979, -40.973583754999936 ], [ -71.522632779999981, -40.973797906999948 ], [ -71.522718440999938, -40.97399778099998 ], [ -71.522846931999936, -40.974183378999953 ], [ -71.522689886999956, -40.974354700999982 ], [ -71.522347244999935, -40.974426083999958 ], [ -71.522133092999979, -40.974640235999971 ], [ -71.522018878999972, -40.97478300399996 ], [ -71.521861834999982, -40.974968601999933 ], [ -71.521761896999976, -40.975168475999965 ], [ -71.521776173999967, -40.975296966999963 ], [ -71.521883248999984, -40.975339796999947 ], [ -71.521918941999957, -40.975354073999938 ], [ -71.522004601999981, -40.975339796999947 ], [ -71.522218753999937, -40.975339796999947 ], [ -71.522447181999951, -40.975339796999947 ], [ -71.522732717999986, -40.975468287999945 ], [ -71.522946868999952, -40.975596778999943 ], [ -71.523175296999966, -40.975725269999941 ], [ -71.523418001999971, -40.975825206999957 ], [ -71.523746367999934, -40.975910867999971 ], [ -71.524103286999946, -40.975996528999985 ], [ -71.524417375999974, -40.976082188999953 ], [ -71.524788571999977, -40.97619640299996 ], [ -71.525145490999932, -40.976296340999966 ], [ -71.525545239999985, -40.97633917099995 ], [ -71.525873605999948, -40.976296340999966 ], [ -71.526059203999978, -40.976067912999952 ], [ -71.526116310999953, -40.975839483999948 ], [ -71.52623052499996, -40.975639609999973 ], [ -71.526473229999965, -40.975439734999952 ], [ -71.526673104999986, -40.97526841399997 ], [ -71.526915809999934, -40.97508281599994 ], [ -71.52715851499994, -40.974825833999944 ], [ -71.527401219999945, -40.974568851999948 ], [ -71.527658201999941, -40.974368976999983 ], [ -71.527900906999946, -40.974140548999969 ], [ -71.527954319999935, -40.974090474999969 ], [ -71.52812933499996, -40.973926397999946 ], [ -71.528486253999972, -40.973826459999941 ], [ -71.528800342999943, -40.973897843999964 ], [ -71.529014494999956, -40.974140548999969 ], [ -71.529083328999945, -40.974263467999947 ], [ -71.529214368999988, -40.974497467999981 ], [ -71.529499904999966, -40.974882940999976 ], [ -71.529771162999964, -40.975154198999974 ], [ -71.530042421999951, -40.975396904999968 ], [ -71.530399340999963, -40.975596778999943 ], [ -71.530813366999951, -40.975668162999966 ], [ -71.531227392999938, -40.975696716999948 ], [ -71.531427267999959, -40.975967974999946 ], [ -71.53144154499995, -40.976296340999966 ], [ -71.531382764999933, -40.976341289999937 ], [ -71.531198839999945, -40.976481938999939 ], [ -71.531000182999946, -40.976613859999929 ], [ -71.530577339999979, -40.977050811999959 ], [ -71.53014537699994, -40.977249370999971 ], [ -71.529530883999939, -40.977645508999956 ], [ -71.52923390899997, -40.978034674999947 ], [ -71.52899610999998, -40.978418038999962 ], [ -71.528569632999961, -40.978760525999974 ], [ -71.528207360999943, -40.979151121999962 ], [ -71.527655157999959, -40.979545883999947 ], [ -71.527607271999955, -40.979925078999941 ], [ -71.527310915999976, -40.980408761999968 ], [ -71.52707623699996, -40.980796554999984 ], [ -71.527079843999957, -40.980891011999972 ], [ -71.526715662999948, -40.981232125999952 ], [ -71.526531227999953, -40.981380225999942 ], [ -71.526282581999965, -40.98148021399993 ], [ -71.526176250999981, -40.981959242999949 ], [ -71.526176142999986, -40.981959729999971 ], [ -71.525876161999975, -40.982348951999938 ], [ -71.525493766999944, -40.982213280999929 ], [ -71.525488576999976, -40.98207731499997 ], [ -71.525471961999983, -40.98164204099993 ], [ -71.525275898999951, -40.981407747999981 ], [ -71.524891793999984, -40.981227093999962 ], [ -71.524389004999989, -40.981283128999962 ], [ -71.524273456999936, -40.981524251999986 ], [ -71.523896560999958, -40.981532508999976 ], [ -71.523698787999933, -40.981253233999951 ], [ -71.52337872399994, -40.981116188999977 ], [ -71.523001828999952, -40.981124443999931 ], [ -71.522701832999985, -40.981513658999972 ], [ -71.522712636999984, -40.981797029999939 ], [ -71.522917782999968, -40.982269719999977 ], [ -71.52312894399995, -40.982397296999977 ], [ -71.523235024999963, -40.982648376999975 ], [ -71.523330202999944, -40.982862528999931 ], [ -71.523307155999987, -40.983069948999969 ], [ -71.523306407999939, -40.983076679999954 ], [ -71.52317882899996, -40.983203837999952 ], [ -71.523044667999955, -40.983338420999985 ], [ -71.522997078999936, -40.983552571999951 ], [ -71.522997078999936, -40.983814312999982 ], [ -71.522735337999961, -40.98414743799998 ], [ -71.522497391999934, -40.984480561999931 ], [ -71.522426007999968, -40.984956453999985 ], [ -71.522521185999949, -40.985360962999948 ], [ -71.522735337999961, -40.985551319999956 ], [ -71.52302087299995, -40.985908238999968 ], [ -71.522925694999969, -40.986074800999972 ], [ -71.522687748999942, -40.986431719999985 ], [ -71.522640158999934, -40.986669665999955 ], [ -71.522687748999942, -40.987002790999952 ], [ -71.522592569999972, -40.98743109399993 ], [ -71.52223565099996, -40.987740423999981 ], [ -71.521854936999944, -40.988073547999932 ], [ -71.521593196999959, -40.988454261999948 ], [ -71.52130766099998, -40.98890635999993 ], [ -71.521045919999949, -40.989429840999946 ], [ -71.520879357999945, -40.989858143999982 ], [ -71.520617616999971, -40.990357830999983 ], [ -71.520451054999967, -40.990928900999961 ], [ -71.520260697999959, -40.991523766999933 ], [ -71.520070340999951, -40.992237604999957 ], [ -71.519665832999976, -40.992951442999981 ], [ -71.519332708999968, -40.993427335999968 ], [ -71.518856815999982, -40.993903227999965 ], [ -71.51859507599994, -40.994521887999952 ], [ -71.518238155999938, -40.995021573999963 ], [ -71.517690879999975, -40.995711617999973 ], [ -71.517333960999963, -40.996306482999955 ], [ -71.517096014999936, -40.997234472999935 ], [ -71.517096014999936, -40.997734159999936 ], [ -71.516762890999985, -40.998210051999934 ], [ -71.516215614999965, -40.998828711999977 ], [ -71.515764040999954, -40.999100494999936 ], [ -71.515458448999937, -40.999345757999947 ], [ -71.515281124999944, -40.99968275599997 ], [ -71.515234660999965, -40.999891874999946 ], [ -71.515210636999939, -41.0 ], [ -71.516666665999935, -41.0 ], [ -71.520833332999985, -41.0 ], [ -71.525, -41.0 ], [ -71.52916666699997, -41.0 ], [ -71.533333332999973, -41.0 ], [ -71.5375, -41.0 ], [ -71.541666666999959, -41.0 ], [ -71.545833333999951, -41.0 ], [ -71.55, -41.0 ], [ -71.554166665999958, -41.0 ], [ -71.55833333299995, -41.0 ], [ -71.5625, -41.0 ], [ -71.565073977999987, -41.0 ], [ -71.565182239999956, -41.0 ], [ -71.56522840599996, -40.999824408999984 ], [ -71.56528287499998, -40.99961723499996 ], [ -71.565329751999968, -40.999438938999958 ], [ -71.565361243999973, -40.99941641199996 ], [ -71.565881880999939, -40.99904399899998 ], [ -71.566321200999937, -40.999034212999959 ], [ -71.566946829999949, -40.998925738999958 ], [ -71.567629902999954, -40.998766461999935 ], [ -71.568312271999957, -40.998512661999939 ], [ -71.568805882999982, -40.998218049999934 ], [ -71.568904191999934, -40.997608515999957 ], [ -71.568906439999978, -40.997594575999983 ], [ -71.568893508999963, -40.997261738999953 ], [ -71.568816323999954, -40.996880817999966 ], [ -71.568613424999967, -40.99655221699993 ], [ -71.568293199999971, -40.996415302999935 ], [ -71.568432173999952, -40.995939527999951 ], [ -71.568669623999938, -40.99555159099998 ], [ -71.568969402999983, -40.995162262999941 ], [ -71.56897605599994, -40.995124996999948 ], [ -71.569071876999942, -40.994588263999958 ], [ -71.569077916999959, -40.99452234499995 ], [ -71.569115686999965, -40.994110107999973 ], [ -71.569165087999977, -40.993775881999966 ], [ -71.569276117999948, -40.993345745999932 ], [ -71.569497388999935, -40.993096482999931 ], [ -71.569577806999973, -40.993005891999985 ], [ -71.570070151999971, -40.992756319999955 ], [ -71.570238612999958, -40.992275382999935 ], [ -71.570540291999976, -40.991935527999942 ], [ -71.570723783999938, -40.991745771999945 ], [ -71.570962953999981, -40.991498435999972 ], [ -71.571186354999952, -40.991317471999935 ], [ -71.57132870199996, -40.991202164999947 ], [ -71.571757994999984, -40.990859457999932 ], [ -71.572422604999986, -40.990227887999936 ], [ -71.572413978999975, -40.990006112999936 ], [ -71.572411408999983, -40.989940029999957 ], [ -71.572341734999952, -40.989752514999964 ], [ -71.572321269999975, -40.989226274999965 ], [ -71.572244250999972, -40.988849852999977 ], [ -71.572163385999943, -40.988374479999948 ], [ -71.572022119999986, -40.987949973999946 ], [ -71.571879636999938, -40.987570511999934 ], [ -71.571619320999957, -40.987292715999956 ], [ -71.571414517999983, -40.986914644999956 ], [ -71.571520632999977, -40.986435096999969 ], [ -71.571545424999954, -40.986408447999963 ], [ -71.571557085999984, -40.986395913999957 ], [ -71.571706487999961, -40.98623532199997 ], [ -71.571973976999971, -40.985947797999984 ], [ -71.572001495999984, -40.985893371999964 ], [ -71.57226634999995, -40.985369555999966 ], [ -71.572374380999975, -40.984939483999938 ], [ -71.572867699999961, -40.984640358999968 ], [ -71.572873055999935, -40.984635289999972 ], [ -71.573535206999964, -40.984008718999974 ], [ -71.574205158999973, -40.983516571999985 ], [ -71.574691107999968, -40.98302853399997 ], [ -71.57496737699995, -40.982806450999931 ], [ -71.575140285999964, -40.982667454999955 ], [ -71.575238326999965, -40.982588642999985 ], [ -71.576093790999948, -40.98190326799994 ], [ -71.576177394999945, -40.981835738999962 ], [ -71.576701383999989, -40.981412500999966 ], [ -71.576817777999963, -40.981121789999975 ], [ -71.577264244999981, -40.980998706999969 ], [ -71.577564175999953, -40.980916021999974 ], [ -71.577598633999969, -40.980199482999978 ], [ -71.577776299999982, -40.979956917999971 ], [ -71.577815845999964, -40.979689091999944 ], [ -71.577825650999955, -40.979622688999939 ], [ -71.57786952899994, -40.979587690999949 ], [ -71.578191479999987, -40.979330895999965 ], [ -71.578227911999988, -40.979135945999985 ], [ -71.578245546999938, -40.979041577999965 ], [ -71.578283595999949, -40.978783875999966 ], [ -71.578337059999967, -40.97842176599994 ], [ -71.578344241999957, -40.978373118999968 ], [ -71.578385897999965, -40.978319648999957 ], [ -71.578644064999935, -40.977988266999944 ], [ -71.579007777999948, -40.977642498999955 ], [ -71.579185607999989, -40.977404429999979 ], [ -71.579154356999936, -40.97726531099994 ], [ -71.579110144999959, -40.977068492999933 ], [ -71.579109823999943, -40.977060254999969 ], [ -71.57909717299998, -40.976735657999939 ], [ -71.579210756999942, -40.976449508999963 ], [ -71.579393302999961, -40.976256350999961 ], [ -71.579444396999975, -40.975967098999945 ], [ -71.579492926999933, -40.975887763999935 ], [ -71.579628931999935, -40.975665428999946 ], [ -71.579740345999937, -40.975483293999957 ], [ -71.580043831999944, -40.975192890999949 ], [ -71.580021561999956, -40.97462167499998 ], [ -71.580197275999979, -40.974329631999979 ], [ -71.580430901999989, -40.973847220999971 ], [ -71.580360710999969, -40.973374356999955 ], [ -71.580346318999943, -40.973277399999972 ], [ -71.580015138999954, -40.972857155999975 ], [ -71.579627263999953, -40.972582234999948 ], [ -71.579305206999948, -40.972395872999982 ], [ -71.578974038999945, -40.97197562499997 ], [ -71.578646554999978, -40.971649829999933 ], [ -71.578128466999942, -40.971233763999976 ], [ -71.577674445999946, -40.970861278999962 ], [ -71.577025108999976, -40.970353607999982 ], [ -71.576569173999985, -40.969931641999949 ], [ -71.576554128999987, -40.969545133999929 ], [ -71.57654886499995, -40.96940989999996 ], [ -71.576651243999947, -40.968835894999984 ], [ -71.576950861999933, -40.968446549999953 ], [ -71.577000210999984, -40.968112319999932 ], [ -71.577046922999955, -40.967634095999983 ], [ -71.577285113999949, -40.967345160999969 ], [ -71.577329882999948, -40.966759141999944 ], [ -71.577393081999958, -40.966379950999965 ], [ -71.577867069999968, -40.965937561999965 ], [ -71.578372657999978, -40.965305576999981 ], [ -71.578657050999936, -40.965021183999966 ], [ -71.579067841999972, -40.96464199299993 ], [ -71.579573428999936, -40.964136404999977 ], [ -71.579510230999972, -40.963788812999951 ], [ -71.578878245999988, -40.963314824999941 ], [ -71.578562253999962, -40.963409621999972 ], [ -71.578183062999983, -40.963788812999951 ], [ -71.577993466999942, -40.963978408999935 ], [ -71.577582676999953, -40.964136404999977 ], [ -71.577235085999973, -40.964136404999977 ], [ -71.576666298999953, -40.964262801999951 ], [ -71.576223909999953, -40.964452396999945 ], [ -71.576034313999969, -40.964420797999935 ], [ -71.576002714999959, -40.963978408999935 ], [ -71.576223909999953, -40.963662415999977 ], [ -71.576413504999948, -40.963346423999951 ], [ -71.576919092999958, -40.963030430999936 ], [ -71.577077088999943, -40.962777636999931 ], [ -71.577013890999979, -40.962461644999962 ], [ -71.576761096999974, -40.962177251999947 ], [ -71.576729497999963, -40.961956056999952 ], [ -71.576919092999958, -40.961671663999937 ], [ -71.577171886999963, -40.961418869999932 ], [ -71.577456279999979, -40.961197674999937 ], [ -71.577677474999973, -40.960881682999968 ], [ -71.577772272999937, -40.960565690999942 ], [ -71.577961867999988, -40.960218098999974 ], [ -71.577867069999968, -40.959965304999969 ], [ -71.577709073999984, -40.959649312999943 ], [ -71.577740672999937, -40.959333319999985 ], [ -71.578088264999963, -40.959238521999964 ], [ -71.578688650999936, -40.959175323999943 ], [ -71.579067841999972, -40.958985727999959 ], [ -71.579415432999951, -40.958543338999959 ], [ -71.579889421999951, -40.95810094999996 ], [ -71.580363410999951, -40.95772175899998 ], [ -71.58074260099994, -40.957468964999975 ], [ -71.58121658999994, -40.95715297199996 ], [ -71.58172217799995, -40.956773780999981 ], [ -71.582354162999934, -40.956457788999955 ], [ -71.582828150999944, -40.95620499499995 ], [ -71.58317574299997, -40.955857402999982 ], [ -71.583491734999939, -40.95522541899993 ], [ -71.583712929999933, -40.954814627999951 ], [ -71.583902525999974, -40.954498635999983 ], [ -71.583997322999949, -40.954277440999931 ], [ -71.584060521999959, -40.954056246999983 ], [ -71.583965723999938, -40.953898249999952 ], [ -71.583839326999964, -40.953519059999962 ], [ -71.583997322999949, -40.953266265999957 ], [ -71.584092120999969, -40.952981871999953 ], [ -71.584344914999974, -40.952634280999973 ], [ -71.584313315999964, -40.952381486999968 ], [ -71.584028922999948, -40.952255089999937 ], [ -71.583807727999954, -40.951939096999979 ], [ -71.583870925999975, -40.951559906999933 ], [ -71.584028922999948, -40.951243913999974 ], [ -71.584218517999943, -40.951054318999979 ], [ -71.584408113999984, -40.950611928999933 ], [ -71.584724105999953, -40.950169539999933 ], [ -71.585008498999969, -40.949853546999975 ], [ -71.585387689999948, -40.94966395199998 ], [ -71.585766880999984, -40.949411157999975 ], [ -71.585766880999984, -40.949031966999939 ], [ -71.585482487999968, -40.948779172999934 ], [ -71.585166494999953, -40.948557978999929 ], [ -71.584787303999974, -40.948305184999981 ], [ -71.584755704999964, -40.948020790999976 ], [ -71.585008498999969, -40.947831195999981 ], [ -71.585450888999958, -40.947546802999966 ], [ -71.585861678999947, -40.947357206999982 ], [ -71.586304067999947, -40.947136012999977 ], [ -71.586462063999988, -40.946851618999972 ], [ -71.586588460999963, -40.946567225999956 ], [ -71.586778056999947, -40.946188034999977 ], [ -71.586854197999969, -40.946070607999957 ], [ -71.587202740999942, -40.945748818999959 ], [ -71.58757779299998, -40.945546823999962 ], [ -71.587883902999977, -40.945251839999969 ], [ -71.588041929999974, -40.944898106999972 ], [ -71.588058609999962, -40.944860769999934 ], [ -71.587915966999958, -40.94447682699996 ], [ -71.587760471999957, -40.944256663999965 ], [ -71.587745676999987, -40.94423571599998 ], [ -71.587745676999987, -40.943856524999944 ], [ -71.587745676999987, -40.943477333999965 ], [ -71.587903672999971, -40.943066543999976 ], [ -71.588188065999987, -40.94278215099996 ], [ -71.588662054999986, -40.94262415399993 ], [ -71.589072844999976, -40.942466157999945 ], [ -71.589515234999965, -40.94227656299995 ], [ -71.58973642899997, -40.941928970999982 ], [ -71.589831226999934, -40.941486581999982 ], [ -71.590273615999934, -40.941044191999936 ], [ -71.59071600599998, -40.940759798999977 ], [ -71.591126795999969, -40.940475405999962 ], [ -71.591569184999969, -40.940317409999977 ], [ -71.592043173999969, -40.940317409999977 ], [ -71.592422364999948, -40.940317409999977 ], [ -71.592738356999973, -40.940254210999967 ], [ -71.593180746999963, -40.940064615999972 ], [ -71.593433540999968, -40.939875019999931 ], [ -71.593654734999973, -40.939622225999983 ], [ -71.593939127999988, -40.939369431999978 ], [ -71.594128723999972, -40.938895443999968 ], [ -71.594286719999957, -40.938263458999984 ], [ -71.594381517999977, -40.937821069999984 ], [ -71.594602712999972, -40.937410278999948 ], [ -71.595013502999961, -40.937125885999933 ], [ -71.595361093999941, -40.936967889999949 ], [ -71.595866681999951, -40.936809893999964 ], [ -71.596245872999987, -40.936493900999949 ], [ -71.596467067999981, -40.936209507999934 ], [ -71.596656662999976, -40.935861916999954 ], [ -71.59684625899996, -40.935482725999975 ], [ -71.59725704899995, -40.93513513399995 ], [ -71.597825834999981, -40.934945538999955 ], [ -71.59820502599996, -40.934755942999971 ], [ -71.598868609999954, -40.934597946999929 ], [ -71.599342598999954, -40.934408350999945 ], [ -71.599721789999933, -40.93412395799993 ], [ -71.600100980999969, -40.93377636699995 ], [ -71.600606568999979, -40.933428774999982 ], [ -71.600890961999937, -40.933017984999935 ], [ -71.600827762999984, -40.932701991999977 ], [ -71.600796163999973, -40.932133205999946 ], [ -71.600574968999979, -40.931943610999951 ], [ -71.600448571999948, -40.931690816999946 ], [ -71.600480171999948, -40.931374823999931 ], [ -71.600511770999958, -40.930995632999952 ], [ -71.600669766999943, -40.930711239999937 ], [ -71.601017358999968, -40.930521644999942 ], [ -71.601649343999952, -40.930426846999978 ], [ -71.602376125999967, -40.930426846999978 ], [ -71.602818515999957, -40.930237250999937 ], [ -71.603355702999977, -40.930110853999963 ], [ -71.604145683999946, -40.929763262999984 ], [ -71.604746068999987, -40.929573666999943 ], [ -71.60531485599995, -40.929257674999974 ], [ -71.60575724499995, -40.928846884999984 ], [ -71.606073236999976, -40.928436094999938 ], [ -71.606578824999985, -40.927835708999964 ], [ -71.607147611999949, -40.927582914999959 ], [ -71.607675961999973, -40.927248993999967 ], [ -71.608158786999979, -40.926919330999965 ], [ -71.608316783999953, -40.926761334999981 ], [ -71.608348382999964, -40.926540139999929 ], [ -71.608253584999943, -40.92622414799996 ], [ -71.607969191999985, -40.926002952999966 ], [ -71.607811195999943, -40.925813357999971 ], [ -71.607558401999938, -40.925402566999935 ], [ -71.607337206999944, -40.925054975999956 ], [ -71.607305607999933, -40.924833780999961 ], [ -71.60721080999997, -40.924422990999972 ], [ -71.607337206999944, -40.924075398999946 ], [ -71.607432004999964, -40.923601410999936 ], [ -71.607558401999938, -40.923285417999978 ], [ -71.607905992999974, -40.923001024999962 ], [ -71.608158786999979, -40.922653432999937 ], [ -71.608601176999969, -40.922305841999957 ], [ -71.608822371999963, -40.921863451999968 ], [ -71.609011966999958, -40.921515860999932 ], [ -71.609454355999958, -40.921105069999953 ], [ -71.610023142999978, -40.920757478999974 ], [ -71.610433932999968, -40.920315088999985 ], [ -71.610971119999988, -40.919967497999949 ], [ -71.611381909999977, -40.919683104999933 ], [ -71.611919096999941, -40.919461909999939 ], [ -71.612551081999982, -40.919430310999985 ], [ -71.612930272999961, -40.91917751699998 ], [ -71.613151467999955, -40.91870352799998 ], [ -71.61340426199996, -40.918229538999981 ], [ -71.613499058999935, -40.917818748999935 ], [ -71.613467459999981, -40.917439557999955 ], [ -71.613499058999935, -40.916839172999971 ], [ -71.61378345299994, -40.916333584999961 ], [ -71.613873885999965, -40.915938642999947 ], [ -71.613871909999943, -40.915922830999932 ], [ -71.613713794999967, -40.915669846999947 ], [ -71.613713794999967, -40.915353615999948 ], [ -71.613713794999967, -40.914816024999936 ], [ -71.613713794999967, -40.914436547999969 ], [ -71.613998401999936, -40.914278432999936 ], [ -71.613998401999936, -40.913930579999942 ], [ -71.613966778999952, -40.913740840999935 ], [ -71.613808663999976, -40.913361364999957 ], [ -71.614030024999977, -40.913140003999956 ], [ -71.614219762999937, -40.912823772999957 ], [ -71.614188139999953, -40.912444296999979 ], [ -71.613998401999936, -40.912159689999953 ], [ -71.613618925999958, -40.911906704999979 ], [ -71.613618925999958, -40.911590474999969 ], [ -71.613618925999958, -40.911179374999961 ], [ -71.613713794999967, -40.911021259999984 ], [ -71.613903532999984, -40.910831521999967 ], [ -71.613903532999984, -40.910483668999973 ], [ -71.613871909999943, -40.910135814999933 ], [ -71.613587301999985, -40.909882830999948 ], [ -71.613492432999976, -40.909629846999962 ], [ -71.613492432999976, -40.909408484999972 ], [ -71.613492432999976, -40.909029008999937 ], [ -71.61352405599996, -40.908712778999984 ], [ -71.613713794999967, -40.908523039999977 ], [ -71.613808663999976, -40.908270055999935 ], [ -71.613808663999976, -40.907890579999957 ], [ -71.613808663999976, -40.907447856999966 ], [ -71.613779255999987, -40.907153777999952 ], [ -71.613777040999935, -40.907131626999956 ], [ -71.613808663999976, -40.906594034999955 ], [ -71.614032306999945, -40.906280934999984 ], [ -71.614124893999985, -40.906151312999953 ], [ -71.614441123999939, -40.905898327999978 ], [ -71.61469410899997, -40.905613720999952 ], [ -71.614978715999939, -40.905297490999942 ], [ -71.615294945999949, -40.904949636999959 ], [ -71.615864160999934, -40.904064191999964 ], [ -71.615959029999942, -40.903526600999953 ], [ -71.616085521999935, -40.902989008999953 ], [ -71.616306883999982, -40.902546285999961 ], [ -71.616559867999968, -40.902135186999942 ], [ -71.616907720999961, -40.90169246399995 ], [ -71.617318820999969, -40.901344610999956 ], [ -71.617571804999955, -40.901091626999971 ], [ -71.617761542999972, -40.900648903999979 ], [ -71.617982904999963, -40.900237804999961 ], [ -71.61836238099994, -40.899858327999937 ], [ -71.618805103999989, -40.899447228999975 ], [ -71.619437563999952, -40.899130997999976 ], [ -71.619943532999969, -40.898909636999974 ], [ -71.620512747999953, -40.898625029999948 ], [ -71.62098709299994, -40.898372045999963 ], [ -71.62133494699998, -40.898119060999932 ], [ -71.621651176999933, -40.897771207999938 ], [ -71.621914727999979, -40.897447915999976 ], [ -71.622325827999987, -40.897258177999959 ], [ -71.622673680999981, -40.897100062999982 ], [ -71.622989910999934, -40.896752208999942 ], [ -71.623306141999933, -40.896499224999957 ], [ -71.623622371999943, -40.896119748999979 ], [ -71.623622371999943, -40.89580351799998 ], [ -71.623369387999958, -40.89567702599993 ], [ -71.623053156999958, -40.895645402999946 ], [ -71.622800172999973, -40.895392418999961 ], [ -71.623116403999973, -40.894981318999953 ], [ -71.623464256999966, -40.894728334999968 ], [ -71.623875355999985, -40.894570219999935 ], [ -71.624223209999968, -40.894253989999982 ], [ -71.624950539999986, -40.894222366999941 ], [ -71.625330015999964, -40.894317235999949 ], [ -71.625741115999972, -40.894127496999943 ], [ -71.626310329999967, -40.893558282999948 ], [ -71.62665818399995, -40.893526659999964 ], [ -71.627227397999945, -40.893526659999964 ], [ -71.627417136999952, -40.893273674999932 ], [ -71.627638497999953, -40.892989067999963 ], [ -71.627954727999963, -40.892799329999946 ], [ -71.628334204999987, -40.892736083999978 ], [ -71.628808549999974, -40.892609591999985 ], [ -71.629188026999941, -40.892514722999977 ], [ -71.629567502999976, -40.89232498399997 ], [ -71.629662371999984, -40.891913884999951 ], [ -71.629946978999953, -40.891439538999975 ], [ -71.63013671799996, -40.891313046999983 ], [ -71.630484570999954, -40.891091685999982 ], [ -71.630547816999979, -40.890743831999941 ], [ -71.630737554999939, -40.890364355999964 ], [ -71.631180277999988, -40.89001650299997 ], [ -71.631686246999948, -40.88966864899993 ], [ -71.632097345999966, -40.889478910999969 ], [ -71.632603314999983, -40.889447287999985 ], [ -71.633109282999953, -40.889415664999945 ], [ -71.633425513999953, -40.889289172999952 ], [ -71.633963104999964, -40.889036187999977 ], [ -71.634595565999973, -40.888909695999985 ], [ -71.635354518999975, -40.88884644999996 ], [ -71.635765617999937, -40.888625088999959 ], [ -71.636176717999945, -40.888498596999966 ], [ -71.636587816999963, -40.888150742999983 ], [ -71.637157031999948, -40.887771266999948 ], [ -71.637789492999957, -40.887328544999946 ], [ -71.638421952999977, -40.88704393699993 ], [ -71.638959544999977, -40.88685419899997 ], [ -71.639433890999953, -40.886759329999961 ], [ -71.639813366999988, -40.886696083999936 ], [ -71.640287712999964, -40.886032 ], [ -71.640635565999958, -40.885652523999966 ], [ -71.640888549999943, -40.885209800999974 ], [ -71.641236403999983, -40.884703831999957 ], [ -71.641805617999978, -40.884482470999956 ], [ -71.642153471999961, -40.884166240999946 ], [ -71.642438078999987, -40.883660271999929 ], [ -71.642596193999964, -40.883312418999935 ], [ -71.642627816999948, -40.882996187999936 ], [ -71.642627816999948, -40.88252184299995 ], [ -71.643260277999957, -40.882110742999942 ], [ -71.643450015999974, -40.881762889999948 ], [ -71.643861115999982, -40.881446659999938 ], [ -71.644145722999951, -40.881351790999929 ], [ -71.64455682199997, -40.881320167999945 ], [ -71.64487330999998, -40.881415739999966 ], [ -71.645561880999935, -40.881354919999978 ], [ -71.645745772999987, -40.881206643999974 ], [ -71.64611077099994, -40.880914656999948 ], [ -71.646788662999938, -40.880660500999966 ], [ -71.64747704499996, -40.880595171999971 ], [ -71.647959928999967, -40.880061880999961 ], [ -71.648513364999985, -40.879810573999976 ], [ -71.649543630999972, -40.879692358999932 ], [ -71.650231997999981, -40.879627013999936 ], [ -71.650724189999949, -40.879327585999931 ], [ -71.651215568999987, -40.879082195999956 ], [ -71.651572807999969, -40.878596795999954 ], [ -71.651568023999971, -40.878477004999979 ], [ -71.651557541999978, -40.878214501999935 ], [ -71.65134709299997, -40.877697143999967 ], [ -71.651267636999933, -40.877266806999955 ], [ -71.65130260799998, -40.877179329999933 ], [ -71.651440190999949, -40.87683517499994 ], [ -71.651929573999951, -40.87654030799996 ], [ -71.652418771999976, -40.876240941999981 ], [ -71.653037337999933, -40.875988114999984 ], [ -71.65372386599995, -40.875877774999935 ], [ -71.654636185999948, -40.875852264999935 ], [ -71.654790423999941, -40.87585321399996 ], [ -71.655411767999965, -40.875744364999946 ], [ -71.656092531999946, -40.875490088999982 ], [ -71.656901499999947, -40.875327389999939 ], [ -71.657962286999975, -40.875158877999979 ], [ -71.658699666999951, -40.874763726999959 ], [ -71.659312429999943, -40.874366945999952 ], [ -71.65985064299997, -40.873737792999975 ], [ -71.660021150999967, -40.873256675999983 ], [ -71.66045582299995, -40.873152107999942 ], [ -71.660701870999958, -40.873002373999952 ], [ -71.660814764999941, -40.872711657999957 ], [ -71.660996796999939, -40.872518383999932 ], [ -71.661485923999976, -40.872218980999946 ], [ -71.661724396999944, -40.871880347999934 ], [ -71.661769484999979, -40.871451643999933 ], [ -71.661772972999984, -40.871437184999934 ], [ -71.661858926999969, -40.87108092699998 ], [ -71.661866875999976, -40.871047981999936 ], [ -71.661932223999941, -40.870777130999954 ], [ -71.662030973999947, -40.870698224999956 ], [ -71.662233902999958, -40.870536073999972 ], [ -71.662538362999953, -40.87029045099996 ], [ -71.662709667999934, -40.869903847999979 ], [ -71.663219993999974, -40.869320340999934 ], [ -71.663649041999975, -40.869076336999967 ], [ -71.664090430999977, -40.869066136999948 ], [ -71.664905071999954, -40.869047304999981 ], [ -71.665651728999933, -40.868885984999963 ], [ -71.666271001999974, -40.868727606999983 ], [ -71.667012052999951, -40.868426854999939 ], [ -71.667800926999973, -40.867692827999974 ], [ -71.668403019999971, -40.867107172999965 ], [ -71.669198477999942, -40.866611573999933 ], [ -71.669374685999969, -40.86627436699996 ], [ -71.669329877999985, -40.866113265999957 ], [ -71.669229129999962, -40.865751037999985 ], [ -71.669284776999973, -40.865500276999967 ], [ -71.669334565999975, -40.865275915999973 ], [ -71.669142440999963, -40.864763530999937 ], [ -71.669122038999944, -40.864709119999929 ], [ -71.668923860999939, -40.864425598999958 ], [ -71.668893188999959, -40.86417871499998 ], [ -71.668832928999961, -40.863711931999944 ], [ -71.668936377999955, -40.863187337999932 ], [ -71.668919212999981, -40.862760072999947 ], [ -71.668777463999959, -40.862331189999963 ], [ -71.668566939999948, -40.861813864999931 ], [ -71.668111404999934, -40.861396747999947 ], [ -71.667905656999949, -40.860924327999953 ], [ -71.667390566999984, -40.860648138999977 ], [ -71.666769626999951, -40.860317399999985 ], [ -71.666621082999939, -40.86023827899993 ], [ -71.666499868999949, -40.860228685999971 ], [ -71.666180911999959, -40.860203443999978 ], [ -71.665978970999959, -40.859825468999929 ], [ -71.665679289999957, -40.859449752999979 ], [ -71.665420927999946, -40.859217136999973 ], [ -71.665154013999938, -40.858845163999945 ], [ -71.665170227999965, -40.858828717999984 ], [ -71.665635445999953, -40.85835684999995 ], [ -71.665937853999935, -40.858061745999976 ], [ -71.666492194999933, -40.857765315999984 ], [ -71.667293337999979, -40.85741365399997 ], [ -71.667731684999978, -40.857403509999983 ], [ -71.668346223999947, -40.857056158999967 ], [ -71.669081175999963, -40.856606978999935 ], [ -71.669880482999986, -40.85621032399996 ], [ -71.670250841999973, -40.856057689999943 ], [ -71.670687191999946, -40.855998062999959 ], [ -71.671439471999975, -40.855980630999966 ], [ -71.672101637999958, -40.855709765999961 ], [ -71.67213189499995, -40.855697388999943 ], [ -71.672302761999958, -40.855627493999975 ], [ -71.672796666999943, -40.855377451999971 ], [ -71.673463764999951, -40.854790263999973 ], [ -71.674017072999959, -40.854543340999953 ], [ -71.674519403999966, -40.854576703999953 ], [ -71.675145466999936, -40.854517159999943 ], [ -71.676016321999953, -40.854352891999952 ], [ -71.676453804999937, -40.854248198999983 ], [ -71.676820331999977, -40.85400109699998 ], [ -71.676991516999976, -40.853614475999962 ], [ -71.67701544199997, -40.853386463999982 ], [ -71.677036499999986, -40.853185767999946 ], [ -71.677035819999958, -40.853168886999981 ], [ -71.677025893999939, -40.852922448999948 ], [ -71.677024905999986, -40.852897927999948 ], [ -71.677071880999961, -40.852518692999979 ], [ -71.677204402999962, -40.852334472999985 ], [ -71.677490143999933, -40.851937259999943 ], [ -71.677977233999968, -40.851592818999961 ], [ -71.678347547999977, -40.851440159999981 ], [ -71.678853844999935, -40.851572449999935 ], [ -71.679235577999975, -40.851703131999955 ], [ -71.679545691999976, -40.851601387999949 ], [ -71.67957746899998, -40.851400265999985 ], [ -71.67957746899998, -40.851172985999938 ], [ -71.67957746899998, -40.851147091999962 ], [ -71.679292647999944, -40.851052150999976 ], [ -71.679090699999961, -40.850821353999947 ], [ -71.679071119999946, -40.850798976999954 ], [ -71.679067345999954, -40.850776335999967 ], [ -71.679026953999937, -40.850533983999981 ], [ -71.679007825999975, -40.850419214999931 ], [ -71.679104994999989, -40.850048674999982 ], [ -71.679187441999943, -40.849734271999978 ], [ -71.67940896999994, -40.849291216999973 ], [ -71.679510823999976, -40.848944913999958 ], [ -71.679567203999966, -40.848753219999935 ], [ -71.679662144999952, -40.848341811999944 ], [ -71.679662144999952, -40.848025342999961 ], [ -71.679788731999963, -40.847708874999967 ], [ -71.679852025999935, -40.847392406999973 ], [ -71.679946965999989, -40.84701264499995 ], [ -71.68001025999996, -40.846696175999966 ], [ -71.680105199999957, -40.846253120999961 ], [ -71.68029508099994, -40.845841711999981 ], [ -71.680358374999969, -40.845303715999933 ], [ -71.680421668999941, -40.844987247999939 ], [ -71.680611549999981, -40.84451254499993 ], [ -71.680706489999977, -40.844322663999947 ], [ -71.680833077999978, -40.844101135999949 ], [ -71.681117898999958, -40.843753020999941 ], [ -71.681339426999955, -40.843373258999975 ], [ -71.681560954999952, -40.842961849999938 ], [ -71.681719188999978, -40.842645381999944 ], [ -71.682035656999972, -40.842265619999978 ], [ -71.682257184999969, -40.841949151999984 ], [ -71.682415418999938, -40.84144280199996 ], [ -71.682731886999989, -40.840873158999955 ], [ -71.682985061999943, -40.840556690999961 ], [ -71.683459764999952, -40.840335162999963 ], [ -71.68368129199996, -40.839955400999941 ], [ -71.683934466999972, -40.839797166999972 ], [ -71.684250934999966, -40.839607285999932 ], [ -71.684440815999949, -40.839354111999967 ], [ -71.684440815999949, -40.839100936999955 ], [ -71.684567403999949, -40.838879408999958 ], [ -71.684757284999989, -40.838721174999932 ], [ -71.685137046999955, -40.838626233999946 ], [ -71.685453514999949, -40.838436352999963 ], [ -71.685896570999944, -40.838278118999938 ], [ -71.686371272999963, -40.837961650999944 ], [ -71.686687740999957, -40.837676828999975 ], [ -71.687162443999966, -40.837392007999938 ], [ -71.687700439999958, -40.836854011999947 ], [ -71.688048554999966, -40.836474249999981 ], [ -71.688270082999964, -40.836094487999958 ], [ -71.688428316999989, -40.835809665999932 ], [ -71.688713138999958, -40.835398257999941 ], [ -71.689061253999967, -40.834986848999961 ], [ -71.689314427999989, -40.834638733999952 ], [ -71.689757483999983, -40.834290618999944 ], [ -71.690042305999953, -40.833847562999949 ], [ -71.690327126999989, -40.83337285999994 ], [ -71.690485360999958, -40.832898157999978 ], [ -71.690611947999969, -40.832550042999969 ], [ -71.69086512299998, -40.832265220999943 ], [ -71.69102030099998, -40.832127284999956 ], [ -71.69114994499995, -40.832012046999978 ], [ -71.691498059999958, -40.831758871999966 ], [ -71.691719587999955, -40.831505696999955 ], [ -71.691941114999963, -40.831220875999975 ], [ -71.692130995999946, -40.830904407999981 ], [ -71.692130995999946, -40.830556291999983 ], [ -71.691941114999963, -40.830239823999932 ], [ -71.69175123399998, -40.829923355999938 ], [ -71.691466412999944, -40.829701827999941 ], [ -71.691339825999933, -40.829448652999929 ], [ -71.691371471999958, -40.829163831999949 ], [ -71.691498059999958, -40.828815716999941 ], [ -71.69175123399998, -40.828530894999972 ], [ -71.692162642999961, -40.828372660999946 ], [ -71.692384170999958, -40.828372660999946 ], [ -71.692827226999952, -40.828246073999935 ], [ -71.693206988999975, -40.827929604999952 ], [ -71.693618396999966, -40.827676430999929 ], [ -71.693808277999949, -40.827265021999949 ], [ -71.694093099999975, -40.826758672999972 ], [ -71.694282980999958, -40.826632084999972 ], [ -71.69453615599997, -40.826410557999964 ], [ -71.694694389999938, -40.825999148999983 ], [ -71.694884270999978, -40.825872560999983 ], [ -71.695118273999981, -40.825830014999951 ], [ -71.695232385999986, -40.825809267999944 ], [ -71.695397963999937, -40.825680679999948 ], [ -71.695666247999952, -40.825472330999958 ], [ -71.696172597999976, -40.825314096999932 ], [ -71.696457418999955, -40.825124215999949 ], [ -71.696678946999953, -40.824712806999969 ], [ -71.696773886999949, -40.824427985999932 ], [ -71.696932121999964, -40.824079869999935 ], [ -71.697090355999933, -40.823605167999972 ], [ -71.697311883999987, -40.823257052999963 ], [ -71.697470117999956, -40.822908937999955 ], [ -71.697596704999967, -40.822529175999932 ], [ -71.698039760999961, -40.822086119999938 ], [ -71.698356228999955, -40.82186459199994 ], [ -71.698609403999967, -40.821516476999932 ], [ -71.699115752999944, -40.821294948999935 ], [ -71.699463867999953, -40.820851893999929 ], [ -71.699495514999967, -40.820408837999935 ], [ -71.69968539599995, -40.819712607999975 ], [ -71.699906923999947, -40.819427785999949 ], [ -71.700191744999984, -40.818953083999929 ], [ -71.700381625999967, -40.818699908999974 ], [ -71.700666447999936, -40.818446733999963 ], [ -71.701141149999955, -40.818161912999983 ], [ -71.701869026999987, -40.818098618999954 ], [ -71.702217141999938, -40.818098618999954 ], [ -71.702565257999936, -40.817972031999943 ], [ -71.702945019999959, -40.817655563999949 ], [ -71.70335642799995, -40.817402388999938 ], [ -71.703767836999987, -40.817339094999966 ], [ -71.704052658999956, -40.817465682999966 ], [ -71.70395771799997, -40.817687210999964 ], [ -71.703736189999972, -40.818035325999972 ], [ -71.703799483999944, -40.818320146999952 ], [ -71.704274186999953, -40.818478380999977 ], [ -71.704590654999947, -40.818478380999977 ], [ -71.705002063999984, -40.818446733999963 ], [ -71.70538182599995, -40.818351793999966 ], [ -71.705666646999987, -40.818225206999955 ], [ -71.705919821999942, -40.81806697199994 ], [ -71.706109702999981, -40.817877091999947 ], [ -71.706236289999936, -40.817592269999977 ], [ -71.70626793699995, -40.817054273999929 ], [ -71.70626793699995, -40.816737805999935 ], [ -71.706331230999979, -40.816389689999937 ], [ -71.706521111999962, -40.816104868999957 ], [ -71.706805932999941, -40.815914987999975 ], [ -71.707122400999936, -40.815693459999977 ], [ -71.707470515999944, -40.81547193199998 ], [ -71.707945218999953, -40.815092169999957 ], [ -71.708198393999965, -40.814933935999932 ], [ -71.708640015999947, -40.814797903999931 ], [ -71.708893190999959, -40.814766256999974 ], [ -71.709367892999978, -40.814639668999973 ], [ -71.709874242999945, -40.814481434999948 ], [ -71.710348944999964, -40.814323200999979 ], [ -71.711013527999967, -40.814259906999951 ], [ -71.711235055999964, -40.814291553999965 ], [ -71.711519877999933, -40.814259906999951 ], [ -71.711773051999955, -40.814070025999968 ], [ -71.712184460999936, -40.813816851999945 ], [ -71.712469282999962, -40.813816851999945 ], [ -71.712785750999956, -40.813816851999945 ], [ -71.713355393999962, -40.813943438999956 ], [ -71.713830095999981, -40.814038379999943 ], [ -71.714336445999948, -40.814196613999968 ], [ -71.714811147999967, -40.814354847999937 ], [ -71.715475731999959, -40.814449787999934 ], [ -71.715823846999967, -40.814449787999934 ], [ -71.716361842999959, -40.814449787999934 ], [ -71.716741604999982, -40.814418141999965 ], [ -71.717058072999976, -40.814354847999937 ], [ -71.717314605999945, -40.814178481999932 ], [ -71.717564422999942, -40.814006732999985 ], [ -71.717754303999982, -40.813911791999942 ], [ -71.718039124999962, -40.813880144999985 ], [ -71.718355592999956, -40.813911791999942 ], [ -71.718703708999954, -40.814070025999968 ], [ -71.718988529999933, -40.814418141999965 ], [ -71.719368291999956, -40.814544728999977 ], [ -71.719716406999964, -40.814544728999977 ], [ -71.720001228999934, -40.814481434999948 ], [ -71.720222755999941, -40.814323200999979 ], [ -71.720475930999953, -40.814196613999968 ], [ -71.720950633999962, -40.814070025999968 ], [ -71.721330395999985, -40.814354847999937 ], [ -71.721646863999979, -40.814418141999965 ], [ -71.721900037999944, -40.814386494999951 ], [ -71.722279799999967, -40.814259906999951 ], [ -71.722912736999945, -40.814228260999982 ], [ -71.723703907999948, -40.814291553999965 ], [ -71.724336844999982, -40.814291553999965 ], [ -71.72496978099997, -40.814228260999982 ], [ -71.725666010999987, -40.814101672999982 ], [ -71.726488828999948, -40.813880144999985 ], [ -71.727216705999979, -40.813500382999962 ], [ -71.727944582999953, -40.813152267999953 ], [ -71.728514225999959, -40.813120621999985 ], [ -71.72905222199995, -40.813025680999942 ], [ -71.729780099999971, -40.813025680999942 ], [ -71.730425469999943, -40.813146875999962 ], [ -71.731014325999979, -40.813152267999953 ], [ -71.731362440999987, -40.813215561999982 ], [ -71.731678908999982, -40.813342148999936 ], [ -71.731963730999951, -40.813437089999979 ], [ -71.732280198999945, -40.813532029999976 ], [ -71.732754901999954, -40.813532029999976 ], [ -71.733197956999959, -40.813342148999936 ], [ -71.733672659999968, -40.813278855999954 ], [ -71.734179008999945, -40.813183914999968 ], [ -71.734748651999951, -40.813088974999971 ], [ -71.735191707999945, -40.812930740999946 ], [ -71.735571469999968, -40.812772505999931 ], [ -71.735951231999934, -40.81255097899998 ], [ -71.736394286999939, -40.812266156999954 ], [ -71.736774048999962, -40.811791454999934 ], [ -71.737058870999988, -40.811348398999939 ], [ -71.737312044999953, -40.810936989999959 ], [ -71.737755100999948, -40.810367346999953 ], [ -71.737913334999973, -40.809924291999948 ], [ -71.738103215999956, -40.809386294999968 ], [ -71.738577918999965, -40.809006532999945 ], [ -71.739326843999947, -40.808827391999955 ], [ -71.739738561999957, -40.80873238099997 ], [ -71.740118609999968, -40.808637368999939 ], [ -71.740466986999934, -40.808637368999939 ], [ -71.740720351999983, -40.808827391999955 ], [ -71.740942045999986, -40.809207439999966 ], [ -71.741163739999934, -40.809207439999966 ], [ -71.741512116999957, -40.809207439999966 ], [ -71.741892164999967, -40.809207439999966 ], [ -71.742113858999971, -40.809365792999984 ], [ -71.742335552999975, -40.809460804999958 ], [ -71.742747271999974, -40.809460804999958 ], [ -71.743095647999951, -40.80942913399997 ], [ -71.743412354999975, -40.809270780999952 ], [ -71.74379240199994, -40.80914409899998 ], [ -71.744267461999982, -40.809239110999954 ], [ -71.744712264999976, -40.809239110999954 ], [ -71.744774191999966, -40.809239110999954 ], [ -71.745154238999987, -40.809175768999978 ], [ -71.745439274999967, -40.808890733999931 ], [ -71.745439274999967, -40.808605697999951 ], [ -71.74556595699994, -40.808415673999946 ], [ -71.745597627999985, -40.80794061499995 ], [ -71.745692639999959, -40.807813931999931 ], [ -71.746136028999956, -40.807718920999946 ], [ -71.74635772299996, -40.807465555999954 ], [ -71.74635772299996, -40.806990495999969 ], [ -71.746231039999941, -40.806642118999946 ], [ -71.745850992999976, -40.806325412999968 ], [ -71.745787651999933, -40.805913694999958 ], [ -71.745882663999964, -40.805660329999967 ], [ -71.746294381999974, -40.805533646999947 ], [ -71.746579416999964, -40.805153599999983 ], [ -71.746769440999969, -40.804963575999977 ], [ -71.747371182999984, -40.804868563999946 ], [ -71.747877912999968, -40.804615198999954 ], [ -71.748194618999946, -40.804298492999976 ], [ -71.748511325999971, -40.80401345699994 ], [ -71.749081396999941, -40.803696750999961 ], [ -71.749239749999958, -40.803190020999978 ], [ -71.749176408999972, -40.802714961999982 ], [ -71.749018055999954, -40.802493266999932 ], [ -71.748891372999935, -40.802081548999979 ], [ -71.748859701999947, -40.801606489999983 ], [ -71.748542995999969, -40.801353124999935 ], [ -71.74841631399994, -40.800909735999937 ], [ -71.748859701999947, -40.800656370999945 ], [ -71.74920807899997, -40.800339664999967 ], [ -71.749398102999976, -40.799927946999958 ], [ -71.749809820999985, -40.799611239999933 ], [ -71.750063185999977, -40.799199521999981 ], [ -71.750221538999938, -40.798977827999977 ], [ -71.750506574999974, -40.798281073999931 ], [ -71.750506574999974, -40.797837684999934 ], [ -71.750506574999974, -40.797655600999974 ], [ -71.750431573999947, -40.797202226999957 ], [ -71.750379891999955, -40.796982577999984 ], [ -71.750348221999957, -40.796697542999937 ], [ -71.750317726999981, -40.796337370999936 ], [ -71.75017190899996, -40.795818650999934 ], [ -71.749900719999971, -40.795347936999974 ], [ -71.749487623999983, -40.794452944999932 ], [ -71.749347572999966, -40.794073638999976 ], [ -71.74932995599994, -40.794066748999967 ], [ -71.748772604999942, -40.793848755999932 ], [ -71.748769608999964, -40.793776180999942 ], [ -71.748797045999936, -40.793496804999961 ], [ -71.74873370399996, -40.793211768999981 ], [ -71.748493929999938, -40.792928982999968 ], [ -71.748287565999988, -40.792716882999969 ], [ -71.747894178999957, -40.792298595999966 ], [ -71.747446455999977, -40.792070674999934 ], [ -71.747064763999958, -40.791935713999976 ], [ -71.746502610999983, -40.791949105999947 ], [ -71.746050081999954, -40.791676275999976 ], [ -71.745472087999985, -40.79141502799996 ], [ -71.745349946999966, -40.791359820999958 ], [ -71.744918436999967, -40.79134583299998 ], [ -71.744469179999953, -40.791331268999954 ], [ -71.743897209999943, -40.791106290999949 ], [ -71.74357766299994, -40.790969839999946 ], [ -71.743264043999943, -40.790977300999941 ], [ -71.742735399999958, -40.790821319999964 ], [ -71.742413683999985, -40.790802394999957 ], [ -71.742197403999967, -40.790789672999949 ], [ -71.741596113999947, -40.791011200999947 ], [ -71.740678355999933, -40.791074493999929 ], [ -71.739887184999986, -40.791264374999969 ], [ -71.739222601999984, -40.791264374999969 ], [ -71.738114962999987, -40.791264374999969 ], [ -71.737102263999986, -40.791296021999983 ], [ -71.736385442999961, -40.791148600999975 ], [ -71.736058733999982, -40.791053963999957 ], [ -71.735094414999935, -40.790505122999946 ], [ -71.734580736999987, -40.790184178999937 ], [ -71.734006961999967, -40.789914176999957 ], [ -71.733879739999963, -40.789917192999951 ], [ -71.733873832999961, -40.789773277999984 ], [ -71.73356021799998, -40.78978071399996 ], [ -71.733126213999981, -40.789885537999965 ], [ -71.732688334999978, -40.789895915999978 ], [ -71.732178545999943, -40.789669404999984 ], [ -71.731742695999969, -40.789729250999983 ], [ -71.731627093999975, -40.790015597999968 ], [ -71.731635024999946, -40.790208984999936 ], [ -71.731580639999947, -40.790399344999969 ], [ -71.731267020999951, -40.790406773999962 ], [ -71.730891268999983, -40.790415673999973 ], [ -71.73057764899994, -40.790423101999977 ], [ -71.729826145999937, -40.79044089599995 ], [ -71.729672837999942, -40.790597723999952 ], [ -71.729587384999945, -40.790685138999947 ], [ -71.729719390999946, -40.790871086999971 ], [ -71.730024003999972, -40.790863874999957 ], [ -71.73009514599994, -40.790862190999974 ], [ -71.730169076999971, -40.791148550999935 ], [ -71.730110814999989, -40.791244465999966 ], [ -71.729930314999933, -40.791392794999979 ], [ -71.72975256899997, -40.791680611999936 ], [ -71.729312833999984, -40.791646003999972 ], [ -71.729053416999989, -40.791458569999975 ], [ -71.728679685999964, -40.791516933999958 ], [ -71.728563157999986, -40.791708763999964 ], [ -71.728510788999984, -40.791948594999951 ], [ -71.728177856999935, -40.792182132999983 ], [ -71.727829741999983, -40.792466954999952 ], [ -71.727481626999975, -40.792593541999963 ], [ -71.727165158999981, -40.792656835999935 ], [ -71.726690455999972, -40.792656835999935 ], [ -71.726279047999981, -40.792751775999932 ], [ -71.725994225999955, -40.792846716999975 ], [ -71.72555116999996, -40.792973303999929 ], [ -71.725501207999969, -40.792985794999936 ], [ -71.725444507999953, -40.792999969999983 ], [ -71.725424582999949, -40.793004950999944 ], [ -71.725139761999969, -40.793131537999955 ], [ -71.724854939999943, -40.793258125999955 ], [ -71.72466505899996, -40.793353065999952 ], [ -71.724380237999981, -40.793384712999966 ], [ -71.724193343999957, -40.793228967999937 ], [ -71.724190356999941, -40.793226478999941 ], [ -71.724411884999938, -40.793036597999958 ], [ -71.724486705999936, -40.792991704999963 ], [ -71.724728352999989, -40.792846716999975 ], [ -71.725027099999977, -40.792652215999965 ], [ -71.725389246999953, -40.792310528999963 ], [ -71.725944615999936, -40.792058808999968 ], [ -71.726487264999946, -40.791568795999979 ], [ -71.726855106999949, -40.791366522999965 ], [ -71.727295956999967, -40.791356096999948 ], [ -71.727532886999938, -40.791066883999974 ], [ -71.727457125999933, -40.79073554799993 ], [ -71.727260098999977, -40.790409910999983 ], [ -71.726943630999983, -40.790061795999975 ], [ -71.726627162999989, -40.789776973999949 ], [ -71.726622363999979, -40.789776014999973 ], [ -71.726591410999958, -40.789769823999961 ], [ -71.726310693999949, -40.789713680999967 ], [ -71.726025872999969, -40.789776973999949 ], [ -71.725741050999943, -40.789682033999952 ], [ -71.725683787999969, -40.789650220999931 ], [ -71.725462074999939, -40.789527046999979 ], [ -71.725456229999963, -40.789523799999984 ], [ -71.724949880999986, -40.789523799999984 ], [ -71.724222003999955, -40.789523799999984 ], [ -71.723937181999986, -40.789555445999952 ], [ -71.723620713999935, -40.789966854999932 ], [ -71.723430832999952, -40.790220029999944 ], [ -71.722956129999943, -40.790378263999969 ], [ -71.722702955999978, -40.790378263999969 ], [ -71.722564057999989, -40.790301097999929 ], [ -71.722418133999952, -40.790220029999944 ], [ -71.722230125999943, -40.79020436199994 ], [ -71.722038371999986, -40.790188382999929 ], [ -71.721690256999977, -40.790283323999972 ], [ -71.721437081999966, -40.79050485099998 ], [ -71.721310494999955, -40.790568144999952 ], [ -71.720994026999961, -40.790631438999981 ], [ -71.72064802899996, -40.790631438999981 ], [ -71.720550970999966, -40.790631438999981 ], [ -71.72017604399997, -40.790479880999953 ], [ -71.719922763999989, -40.790333364999981 ], [ -71.719590382999968, -40.790120805999948 ], [ -71.719322692999981, -40.78982337399998 ], [ -71.718995516999939, -40.789525940999965 ], [ -71.718698084999971, -40.789169021999953 ], [ -71.718400651999957, -40.788841845999968 ], [ -71.71792475999996, -40.788544412999954 ], [ -71.717597583999975, -40.788514669999984 ], [ -71.717240664999963, -40.788514669999984 ], [ -71.71685400299998, -40.788603899999941 ], [ -71.716378109999937, -40.788663385999939 ], [ -71.715783244999955, -40.788663385999939 ], [ -71.715337095999985, -40.788663385999939 ], [ -71.71483146099996, -40.788841845999968 ], [ -71.714266338999948, -40.789109534999966 ], [ -71.713939162999964, -40.789377224999953 ], [ -71.713671472999977, -40.789496197999938 ], [ -71.713314553999965, -40.789525940999965 ], [ -71.712719688999982, -40.789585427999953 ], [ -71.712184309999941, -40.789585427999953 ], [ -71.711767904999988, -40.789734143999965 ], [ -71.711559701999988, -40.79006131999995 ], [ -71.711262268999974, -40.790299265999977 ], [ -71.710994579999976, -40.790388495999935 ], [ -71.710578173999977, -40.790150549999964 ], [ -71.71031048499998, -40.790150549999964 ], [ -71.70989407899998, -40.790388495999935 ], [ -71.709656132999953, -40.790447981999932 ], [ -71.709418186999983, -40.790745414999947 ], [ -71.709566902999939, -40.790953617999946 ], [ -71.709864335999953, -40.791072590999931 ], [ -71.710013051999965, -40.791221306999944 ], [ -71.710042794999936, -40.791518739999958 ], [ -71.710042794999936, -40.791697198999941 ], [ -71.710042794999936, -40.791964888999985 ], [ -71.70989407899998, -40.79229206399998 ], [ -71.70968587599998, -40.792351550999967 ], [ -71.709418186999983, -40.792351550999967 ], [ -71.709209983999983, -40.792054117999953 ], [ -71.709001780999984, -40.791816171999983 ], [ -71.708644861999971, -40.791786428999956 ], [ -71.708317685999987, -40.791786428999956 ], [ -71.707990509999945, -40.791667455999971 ], [ -71.707812050999962, -40.791370022999956 ], [ -71.707693077999977, -40.791132076999929 ], [ -71.70787153699996, -40.790953617999946 ], [ -71.707990509999945, -40.790656184999932 ], [ -71.707901280999977, -40.790388495999935 ], [ -71.707603847999962, -40.790299265999977 ], [ -71.707127955999965, -40.790329008999947 ], [ -71.706741292999936, -40.790299265999977 ], [ -71.706533089999937, -40.790120805999948 ], [ -71.706265400999939, -40.790001832999963 ], [ -71.706176170999981, -40.789793629999963 ], [ -71.706295143999967, -40.789496197999938 ], [ -71.706711549999966, -40.78940696799998 ], [ -71.707127955999965, -40.789228507999951 ], [ -71.707752563999975, -40.789139278999983 ], [ -71.70807973999996, -40.789020305999941 ], [ -71.708644861999971, -40.788871588999939 ], [ -71.709418186999983, -40.788752615999954 ], [ -71.710221254999965, -40.788484926999956 ], [ -71.710875606999934, -40.788246980999929 ], [ -71.711262268999974, -40.787949547999972 ], [ -71.711767904999988, -40.787681858999974 ], [ -71.712095080999973, -40.787414168999931 ], [ -71.71236276999997, -40.787116736999963 ], [ -71.71236276999997, -40.786849046999976 ], [ -71.71257097299997, -40.78652187199998 ], [ -71.712719688999982, -40.786105465999981 ], [ -71.712719688999982, -40.785689059999982 ], [ -71.712719688999982, -40.785213167999984 ], [ -71.71257097299997, -40.78491573499997 ], [ -71.712243796999985, -40.78473727599993 ], [ -71.711886877999973, -40.784529072999931 ], [ -71.711857133999956, -40.784201896999946 ], [ -71.712303282999983, -40.783844977999934 ], [ -71.712333026999943, -40.783428571999934 ], [ -71.712005850999958, -40.783309598999949 ], [ -71.711738160999971, -40.782952679999937 ], [ -71.711708417999944, -40.782595760999982 ], [ -71.711738160999971, -40.782298327999968 ], [ -71.711797647999958, -40.782000895999943 ], [ -71.711857133999956, -40.781762949999973 ], [ -71.712005850999958, -40.781554746999973 ], [ -71.712303282999983, -40.781406029999971 ], [ -71.712719688999982, -40.781316800999946 ], [ -71.713106350999965, -40.781197827999961 ], [ -71.713403783999979, -40.781049110999959 ], [ -71.713730959999964, -40.780811164999932 ], [ -71.713998648999961, -40.780543475999934 ], [ -71.714147365999963, -40.780127069999935 ], [ -71.714206851999961, -40.779532204999953 ], [ -71.714206851999961, -40.778996825999968 ], [ -71.714444797999988, -40.778877852999983 ], [ -71.714950433999945, -40.778639906999956 ], [ -71.71524786599997, -40.778342473999942 ], [ -71.715366838999955, -40.778193757999929 ], [ -71.715604785999972, -40.778015297999957 ], [ -71.715872474999969, -40.77777735199993 ], [ -71.715991447999954, -40.777509662999933 ], [ -71.715934711999978, -40.777322621999986 ], [ -71.715923147999945, -40.777038906999962 ], [ -71.715919885999938, -40.777018554999984 ], [ -71.715839765999988, -40.776518668999984 ], [ -71.715954880999959, -40.776258030999941 ], [ -71.71601054599995, -40.776131997999983 ], [ -71.716382370999952, -40.776028703999941 ], [ -71.716563987999962, -40.775835351999945 ], [ -71.716466974999946, -40.775721340999951 ], [ -71.71636495599995, -40.775601447999975 ], [ -71.716289271999983, -40.775270101999979 ], [ -71.716273099999967, -40.775212013999976 ], [ -71.716148118999968, -40.774763104999977 ], [ -71.716143587999966, -40.77474682999997 ], [ -71.716131148999978, -40.774441629999956 ], [ -71.716122324999958, -40.774225128999944 ], [ -71.716042784999956, -40.774158925999984 ], [ -71.715733098999976, -40.773901166999963 ], [ -71.715535907999936, -40.773712234999948 ], [ -71.715150534999964, -40.773482716999979 ], [ -71.714773041999933, -40.773446586999967 ], [ -71.714335262999953, -40.773456892999945 ], [ -71.714304160999973, -40.773320705999936 ], [ -71.714259591999962, -40.773125544999971 ], [ -71.714063533999933, -40.772891566999931 ], [ -71.714053827999976, -40.772653202999948 ], [ -71.714230469999961, -40.772410452999964 ], [ -71.714530453999942, -40.772070262999932 ], [ -71.71494880399996, -40.77158322899993 ], [ -71.715188680999972, -40.771293971999967 ], [ -71.71542541499997, -40.771000285999946 ], [ -71.715663272999961, -40.770661554999947 ], [ -71.715953528999933, -40.770082997999964 ], [ -71.715994385999977, -40.76955983299996 ], [ -71.716069608999987, -40.769080876999965 ], [ -71.716123841999945, -40.768886023999983 ], [ -71.716238537999971, -40.768649231999973 ], [ -71.716229859999942, -40.768436270999985 ], [ -71.716226565999989, -40.768355420999967 ], [ -71.716211231999978, -40.767979114999946 ], [ -71.716174600999977, -40.76791893199993 ], [ -71.716011335999951, -40.76765069399994 ], [ -71.716076303999955, -40.767389040999944 ], [ -71.716118149999943, -40.767220511999938 ], [ -71.71615314099995, -40.766553429999931 ], [ -71.716328868999938, -40.766216160999932 ], [ -71.71643751299996, -40.765830953999966 ], [ -71.716299731999982, -40.765501069999971 ], [ -71.716273231999935, -40.765473110999949 ], [ -71.716036791999954, -40.765223652999964 ], [ -71.71551937199996, -40.764803669999935 ], [ -71.715190482999958, -40.764433266999959 ], [ -71.71518767799995, -40.764364393999983 ], [ -71.715171066999972, -40.763956537999945 ], [ -71.715033296999934, -40.76362665299996 ], [ -71.715017728999953, -40.763244369999938 ], [ -71.714877003999959, -40.762914553999963 ], [ -71.714797498999985, -40.76248875899995 ], [ -71.714840194999965, -40.762010568999983 ], [ -71.715079856999978, -40.761716813999954 ], [ -71.715002366999954, -40.761340491999931 ], [ -71.714870280999946, -40.761150025999939 ], [ -71.714809470999967, -40.761113800999965 ], [ -71.714484984999956, -40.760920502999966 ], [ -71.714326000999961, -40.760781596999948 ], [ -71.714224084999955, -40.760692551999966 ], [ -71.714212367999949, -40.760404715999982 ], [ -71.713887352999961, -40.760128753999936 ], [ -71.713568013999975, -40.759992212999975 ], [ -71.713809688999959, -40.759747932999971 ], [ -71.714127012999938, -40.759835001999932 ], [ -71.714558842999963, -40.759680781999975 ], [ -71.714671516999942, -40.759394519999944 ], [ -71.714854926999976, -40.759246145999953 ], [ -71.715279058999954, -40.758903030999932 ], [ -71.715582826999935, -40.758657285999959 ], [ -71.715833255999939, -40.75870090799998 ], [ -71.716092320999962, -40.758883880999974 ], [ -71.716287450999971, -40.759023340999931 ], [ -71.716726965999953, -40.759058005999975 ], [ -71.717356824999968, -40.75918722199998 ], [ -71.717913973999941, -40.758985019999955 ], [ -71.718597159999945, -40.758824860999937 ], [ -71.71895916699998, -40.758483196999975 ], [ -71.71945509699998, -40.758376966999947 ], [ -71.719884885999988, -40.758173255999964 ], [ -71.720573929999944, -40.758157002999951 ], [ -71.721011605999934, -40.758146677999946 ], [ -71.721325075999971, -40.758139280999956 ], [ -71.722068510999975, -40.757932661999973 ], [ -71.722329608999985, -40.758165091999956 ], [ -71.722643078999965, -40.758157691999941 ], [ -71.723195224999984, -40.75790606299995 ], [ -71.72394838699995, -40.757937794999975 ], [ -71.724370917999977, -40.758277177999958 ], [ -71.724465618999943, -40.758353242999931 ], [ -71.724668482999959, -40.758681579999973 ], [ -71.724997576999954, -40.759056452999971 ], [ -71.725328512999965, -40.759476297999981 ], [ -71.725717696999936, -40.759800229999939 ], [ -71.726168987999984, -40.760122691999982 ], [ -71.726562041999955, -40.760541064999984 ], [ -71.727075446999947, -40.760862054999961 ], [ -71.727594744999976, -40.761326958999973 ], [ -71.727863641999988, -40.761487091999982 ], [ -71.727980086999935, -40.761556436999967 ], [ -71.72861478599998, -40.761730493999949 ], [ -71.72865490099997, -40.761698032999959 ], [ -71.728660618999982, -40.761765423999975 ], [ -71.728682642999956, -40.761759732999963 ], [ -71.729466173999981, -40.761557287999949 ], [ -71.729887306999956, -40.761070134999954 ], [ -71.730387102999941, -40.76105830299997 ], [ -71.730946977999963, -40.760995526999977 ], [ -71.731370122999977, -40.760557839999933 ], [ -71.732032824999976, -40.759970420999935 ], [ -71.732706212999972, -40.759571817999984 ], [ -71.733255571999962, -40.75918065299993 ], [ -71.733739679999985, -40.758786529999952 ], [ -71.734104904999981, -40.758446910999965 ], [ -71.734347258999946, -40.758221549999973 ], [ -71.734874332999937, -40.757880501999978 ], [ -71.735463415999959, -40.757601461999968 ], [ -71.735928481999963, -40.757415435999974 ], [ -71.736207520999983, -40.757415435999974 ], [ -71.736331538999934, -40.757539453999982 ], [ -71.736362542999984, -40.75800451899994 ], [ -71.736486560999936, -40.758283558999949 ], [ -71.736672586999987, -40.758469584999943 ], [ -71.736982630999933, -40.758686615999977 ], [ -71.737447695999947, -40.759120676999942 ], [ -71.737726735999956, -40.75949272899993 ], [ -71.738129792999985, -40.759709759999964 ], [ -71.738532849999956, -40.759895785999959 ], [ -71.738966910999977, -40.760236834999944 ], [ -71.73927695499998, -40.760546877999957 ], [ -71.739773024999977, -40.760918930999935 ], [ -71.740517129999944, -40.76138399599995 ], [ -71.741106212999966, -40.761756048999985 ], [ -71.741447260999962, -40.76206609299993 ], [ -71.74181931399994, -40.762252118999982 ], [ -71.742408396999963, -40.762531157999945 ], [ -71.742842457999984, -40.762593166999977 ], [ -71.74343154099995, -40.762593166999977 ], [ -71.743710580999959, -40.762407140999983 ], [ -71.743865601999971, -40.762159105999956 ], [ -71.744082632999948, -40.761911070999929 ], [ -71.744392676999951, -40.761570022999933 ], [ -71.744640711999978, -40.761290982999981 ], [ -71.744981759999973, -40.761073952999936 ], [ -71.74547782999997, -40.760887925999953 ], [ -71.74572586499994, -40.760887925999953 ], [ -71.74600490399996, -40.761042947999954 ], [ -71.74628394399997, -40.761166965999962 ], [ -71.74653197899994, -40.761166965999962 ], [ -71.746997043999954, -40.761042947999954 ], [ -71.747400100999982, -40.760794912999984 ], [ -71.747710144999985, -40.760546877999957 ], [ -71.748113201999956, -40.76029884299993 ], [ -71.748671280999986, -40.760205829999961 ], [ -71.74910534199995, -40.760174825999968 ], [ -71.749601411999947, -40.760019803999967 ], [ -71.750097481999944, -40.759678755999971 ], [ -71.750469534999979, -40.759399715999962 ], [ -71.750841586999968, -40.758934650999947 ], [ -71.751554687999942, -40.758562597999969 ], [ -71.751988748999963, -40.758283558999949 ], [ -71.752670844999955, -40.757973514999946 ], [ -71.753197919999934, -40.757632466999951 ], [ -71.753693989999988, -40.757322422999948 ], [ -71.754097046999959, -40.757074387999978 ], [ -71.754562111999974, -40.756888361999984 ], [ -71.755089186999953, -40.756640326999957 ], [ -71.755616260999943, -40.756361286999947 ], [ -71.756236348999948, -40.756175260999953 ], [ -71.75691844499994, -40.75614425699996 ], [ -71.757662549999964, -40.756051243999934 ], [ -71.758344645999955, -40.756020238999952 ], [ -71.759057746999986, -40.755648186999963 ], [ -71.759646829999951, -40.755462159999979 ], [ -71.760700978999978, -40.754966089999982 ], [ -71.761352070999976, -40.75462504199993 ], [ -71.761879144999966, -40.754439015999935 ], [ -71.762530236999964, -40.75409796799994 ], [ -71.762964298999975, -40.753818928999976 ], [ -71.763305346999971, -40.75357089299996 ], [ -71.763584385999934, -40.75329185399994 ], [ -71.763739407999935, -40.75304381899997 ], [ -71.764049451999938, -40.752795783999943 ], [ -71.764332919999958, -40.752701294999952 ], [ -71.764421503999984, -40.752671766999981 ], [ -71.764886569999987, -40.75251674499998 ], [ -71.765196613999933, -40.752361722999979 ], [ -71.76544464899996, -40.752082682999969 ], [ -71.765568665999979, -40.75171063099998 ], [ -71.76572368799998, -40.751400586999978 ], [ -71.765878709999981, -40.751028534999932 ], [ -71.766188753999984, -40.75071849099993 ], [ -71.766436788999954, -40.750563468999985 ], [ -71.76677783699995, -40.750408446999984 ], [ -71.767242902999953, -40.750284429999965 ], [ -71.767769976999944, -40.750222420999933 ], [ -71.767924998999945, -40.750222420999933 ], [ -71.768452072999935, -40.750222420999933 ], [ -71.76935119999996, -40.749726350999936 ], [ -71.769785261999971, -40.749447310999983 ], [ -71.770281331999968, -40.749168271999963 ], [ -71.770839409999951, -40.748548183999958 ], [ -71.770839409999951, -40.748207135999962 ], [ -71.771211462999986, -40.747711065999965 ], [ -71.771459497999956, -40.747432026999945 ], [ -71.771459497999956, -40.74709097899995 ], [ -71.771490501999949, -40.746625912999946 ], [ -71.771800545999952, -40.746501895999984 ], [ -71.771986571999946, -40.746160846999942 ], [ -71.772017576999986, -40.745850803999929 ], [ -71.772389628999974, -40.745540759999983 ], [ -71.772761681999953, -40.745416741999975 ], [ -71.773195742999974, -40.745416741999975 ], [ -71.773691812999971, -40.745354733999932 ], [ -71.774311900999976, -40.74523071599998 ], [ -71.774776965999934, -40.744982680999954 ], [ -71.775118013999986, -40.744703641999934 ], [ -71.775397053999939, -40.744300584999962 ], [ -71.775800110999967, -40.743959536999967 ], [ -71.776265175999981, -40.743835518999958 ], [ -71.776606223999977, -40.743804514999965 ], [ -71.77716430299995, -40.743773509999983 ], [ -71.777629368999953, -40.74371150199994 ], [ -71.778063429999975, -40.743401457999937 ], [ -71.778807534999942, -40.743029404999959 ], [ -71.779086574999951, -40.742750365999939 ], [ -71.779582644999948, -40.742533334999962 ], [ -71.779954696999937, -40.742316304999974 ], [ -71.780047709999963, -40.741975256999979 ], [ -71.780078714999945, -40.74157219999995 ], [ -71.780078714999945, -40.74113813799994 ], [ -71.779985701999976, -40.740735080999968 ], [ -71.780078714999945, -40.740208006999978 ], [ -71.780109718999938, -40.739990975999945 ], [ -71.780326749999972, -40.739742940999975 ], [ -71.780543779999959, -40.739587919999963 ], [ -71.780791814999986, -40.739184862999934 ], [ -71.780791814999986, -40.738781805999963 ], [ -71.780884827999955, -40.738564774999929 ], [ -71.781318889999966, -40.738471761999961 ], [ -71.781752950999987, -40.738626783999962 ], [ -71.781938976999982, -40.738936827999964 ], [ -71.782280024999977, -40.739432897999961 ], [ -71.782776094999974, -40.739742940999975 ], [ -71.782993125999951, -40.739990975999945 ], [ -71.783210156999985, -40.74061106399995 ], [ -71.783551204999981, -40.740921107999952 ], [ -71.783985265999945, -40.741076129999954 ], [ -71.784574348999968, -40.741107133999947 ], [ -71.784822383999938, -40.741262155999948 ], [ -71.785225440999966, -40.74132416499998 ], [ -71.785628497999937, -40.74132416499998 ], [ -71.786093563999941, -40.74113813799994 ], [ -71.786465615999987, -40.740952111999945 ], [ -71.786806663999982, -40.740828094999983 ], [ -71.787302733999979, -40.740828094999983 ], [ -71.787705790999951, -40.740828094999983 ], [ -71.788170856999955, -40.741045124999971 ], [ -71.788542909999933, -40.741200146999972 ], [ -71.789007974999947, -40.741231150999965 ], [ -71.789380027999982, -40.741386172999967 ], [ -71.789752079999971, -40.741634207999937 ], [ -71.790031119999981, -40.741789229999938 ], [ -71.790341162999937, -40.742068269999947 ], [ -71.790806228999941, -40.742192286999966 ], [ -71.791333302999988, -40.742409317999943 ], [ -71.791736359999959, -40.742471326999976 ], [ -71.792263434999938, -40.742502330999969 ], [ -71.792635486999984, -40.742502330999969 ], [ -71.793100552999988, -40.742440321999936 ], [ -71.793441600999984, -40.742316304999974 ], [ -71.793813653999962, -40.742192286999966 ], [ -71.794185705999951, -40.742192286999966 ], [ -71.794462920999933, -40.74222126799998 ], [ -71.795084832999976, -40.742285299999935 ], [ -71.795363871999939, -40.742223291999949 ], [ -71.795704920999981, -40.742223291999949 ], [ -71.796045968999977, -40.742192286999966 ], [ -71.796294003999947, -40.741882242999964 ], [ -71.796418020999965, -40.741634207999937 ], [ -71.796387016999972, -40.741293159999941 ], [ -71.79634920999996, -40.741134779999982 ], [ -71.79607697299997, -40.740735080999968 ], [ -71.795952955999951, -40.740673072999982 ], [ -71.79551889399994, -40.740673072999982 ], [ -71.79527085899997, -40.740580059999957 ], [ -71.79499181999995, -40.740549054999974 ], [ -71.794712780999987, -40.740208006999978 ], [ -71.79446474599996, -40.739866958999983 ], [ -71.794092692999982, -40.739618923999956 ], [ -71.793689635999954, -40.739122853999959 ], [ -71.793317583999965, -40.738750800999981 ], [ -71.792852517999961, -40.738688792999938 ], [ -71.792449460999933, -40.738719796999931 ], [ -71.79189138199996, -40.738781805999963 ], [ -71.791395311999963, -40.738750800999981 ], [ -71.791240289999962, -40.738347743999952 ], [ -71.791178281999976, -40.738099708999982 ], [ -71.791023259999974, -40.737913682999931 ], [ -71.790837232999934, -40.737727656999937 ], [ -71.790806228999941, -40.737293595999972 ], [ -71.790744219999965, -40.736797525999975 ], [ -71.790713215999972, -40.736301455999978 ], [ -71.790589197999964, -40.735743376999949 ], [ -71.790403171999969, -40.735309314999938 ], [ -71.790217145999975, -40.734937262999949 ], [ -71.790186141999982, -40.734472196999945 ], [ -71.790124132999949, -40.733976126999949 ], [ -71.789907101999972, -40.733573069999977 ], [ -71.789442035999969, -40.732983986999955 ], [ -71.789194000999942, -40.732611934999966 ], [ -71.788883957999985, -40.732301890999963 ], [ -71.788604917999976, -40.732022851999943 ], [ -71.788294874999963, -40.731650798999965 ], [ -71.787922821999985, -40.731340754999962 ], [ -71.787364742999955, -40.731216737999944 ], [ -71.786837668999965, -40.731216737999944 ], [ -71.786155572999974, -40.730968702999974 ], [ -71.785504480999975, -40.730627654999978 ], [ -71.784636357999943, -40.730286605999936 ], [ -71.784233300999972, -40.730038570999966 ], [ -71.783892252999976, -40.729759531999946 ], [ -71.783768235999958, -40.729635514999984 ], [ -71.783569082999975, -40.729226332999986 ], [ -71.783427186999972, -40.728891408999971 ], [ -71.783303169999954, -40.728519356999982 ], [ -71.783148147999952, -40.728147303999947 ], [ -71.782962121999958, -40.727744247999965 ], [ -71.782776094999974, -40.727434203999962 ], [ -71.782652077999956, -40.727062150999984 ], [ -71.782528059999947, -40.72656608099993 ], [ -71.782373038999935, -40.726256036999985 ], [ -71.782062994999933, -40.726163023999959 ], [ -71.78150491599996, -40.726163023999959 ], [ -71.781070854999939, -40.72631804599996 ], [ -71.780481771999973, -40.72656608099993 ], [ -71.779816926999956, -40.726535102999947 ], [ -71.778993560999936, -40.72659708599997 ], [ -71.778466486999946, -40.72659708599997 ], [ -71.777629368999953, -40.72656608099993 ], [ -71.777040285999988, -40.72659708599997 ], [ -71.776451202999965, -40.726690098999939 ], [ -71.776079149999987, -40.72684512099994 ], [ -71.775882061999937, -40.727022499999975 ], [ -71.775855250999939, -40.72705906799996 ], [ -71.775468536999938, -40.727435705999937 ], [ -71.774799164999934, -40.727788531999977 ], [ -71.773927524999976, -40.72811560699995 ], [ -71.773252992999971, -40.728189101999931 ], [ -71.773009716999979, -40.728240317999962 ], [ -71.772234606999973, -40.728457347999949 ], [ -71.771441290999974, -40.728670932999933 ], [ -71.770950118999963, -40.728881673999979 ], [ -71.770498361999955, -40.729077435999955 ], [ -71.770473981999942, -40.729086577999965 ], [ -71.770316430999969, -40.729214247999948 ], [ -71.770172162999984, -40.729331153999965 ], [ -71.769740665999961, -40.729485572999977 ], [ -71.769487646999949, -40.729511996999975 ], [ -71.769010151999964, -40.729790535999939 ], [ -71.768483077999974, -40.73022459799995 ], [ -71.768244923999987, -40.730571004999945 ], [ -71.768172190999962, -40.730905260999975 ], [ -71.76806075199994, -40.73128608199994 ], [ -71.767822335999938, -40.731530395999982 ], [ -71.767327837999972, -40.731735835999984 ], [ -71.766911723999954, -40.731651328999931 ], [ -71.766849950999983, -40.731644759999938 ], [ -71.765661678999948, -40.732084859999929 ], [ -71.764824560999955, -40.732363899999939 ], [ -71.764328361999958, -40.732587189999947 ], [ -71.764026495999985, -40.732914335999965 ], [ -71.763678616999982, -40.733259392999969 ], [ -71.76359309999998, -40.733297580999931 ], [ -71.762809379999965, -40.733647549999944 ], [ -71.761031937999974, -40.734455386999969 ], [ -71.760160139999982, -40.734782362999965 ], [ -71.759573543999977, -40.735194341999943 ], [ -71.758827393999979, -40.735640745999945 ], [ -71.758198051999955, -40.735992518999979 ], [ -71.757488295999963, -40.736346210999955 ], [ -71.757065010999952, -40.736815494999973 ], [ -71.756750961999956, -40.737006666999946 ], [ -71.756152956999983, -40.737143402999948 ], [ -71.75555873899998, -40.737371877999976 ], [ -71.754967040999986, -40.737661511999931 ], [ -71.754297453999982, -40.738014224999972 ], [ -71.754027664999967, -40.738232737999965 ], [ -71.753755998999964, -40.738564774999929 ], [ -71.753740931999971, -40.738591074999931 ], [ -71.753644265999981, -40.738764484999933 ], [ -71.753624833999936, -40.738793728999951 ], [ -71.753416916999981, -40.739106633999938 ], [ -71.753188303999934, -40.739418200999978 ], [ -71.753045146999966, -40.739850171999933 ], [ -71.753053979999947, -40.740064237999945 ], [ -71.752625593999937, -40.740411183999981 ], [ -71.752075323999975, -40.740730424999981 ], [ -71.751442113999985, -40.740990420999935 ], [ -71.750924474999977, -40.741125211999929 ], [ -71.750447039999983, -40.741259042999957 ], [ -71.749856545999933, -40.741579232999982 ], [ -71.749590221999938, -40.741952914999956 ], [ -71.749398007999957, -40.742171773999985 ], [ -71.748776112999963, -40.742706983999938 ], [ -71.748278609999943, -40.743331059999946 ], [ -71.747809970999981, -40.743678946999978 ], [ -71.74721944199996, -40.74399912399997 ], [ -71.746352483999942, -40.74444832599994 ], [ -71.745787045999975, -40.744400566999957 ], [ -71.745299509999938, -40.744289728999945 ], [ -71.744817006999938, -40.744301212999972 ], [ -71.744343309999977, -40.744526762999953 ], [ -71.743948769999975, -40.744719815999929 ], [ -71.743341864999934, -40.74464242099998 ], [ -71.742898310999976, -40.744622359999937 ], [ -71.742457270999978, -40.74466345899998 ], [ -71.741785031999939, -40.744954940999946 ], [ -71.741188178999948, -40.745122182999978 ], [ -71.740706924999984, -40.745164231999979 ], [ -71.740064832999963, -40.745210098999962 ], [ -71.739511949999951, -40.745468121999977 ], [ -71.738842199999965, -40.745820748999961 ], [ -71.738411191999944, -40.746106482999949 ], [ -71.737848253999971, -40.746119847999978 ], [ -71.737164685999971, -40.746136072999946 ], [ -71.736360486999956, -40.746155155999929 ], [ -71.735884237999983, -40.746319509999978 ], [ -71.735418018999951, -40.746728511999947 ], [ -71.735131530999979, -40.746612861999949 ], [ -71.734843790999946, -40.746466630999976 ], [ -71.734588739999936, -40.746135956999979 ], [ -71.734179119999965, -40.745962002999931 ], [ -71.733648871999947, -40.745790905999968 ], [ -71.733039459999986, -40.745652293999967 ], [ -71.732396103999974, -40.745667537999964 ], [ -71.731678588999955, -40.745837588999962 ], [ -71.730947297999933, -40.745671241999958 ], [ -71.730205998999963, -40.745260237999958 ], [ -71.729868937999981, -40.74494578499997 ], [ -71.729662001999941, -40.744752726999934 ], [ -71.729176987999949, -40.744702982999968 ], [ -71.728655517999982, -40.744745931999944 ], [ -71.728293632999964, -40.744754493999949 ], [ -71.727930497999978, -40.744732471999953 ], [ -71.727528404999987, -40.744741981999937 ], [ -71.727083600999947, -40.744691277999948 ], [ -71.726714216999937, -40.744516345999955 ], [ -71.726425252999945, -40.744339510999964 ], [ -71.726132541999959, -40.744070929999964 ], [ -71.725593582999977, -40.743685724999978 ], [ -71.725146288999952, -40.743573849999962 ], [ -71.724859830999947, -40.743458173999954 ], [ -71.724614831999986, -40.743372128999965 ], [ -71.724413788999982, -40.743376877999935 ], [ -71.724183774999972, -40.743657810999935 ], [ -71.724068142999954, -40.743782985999985 ], [ -71.723782934999974, -40.743697888999975 ], [ -71.72345377399995, -40.74352199599997 ], [ -71.723045444999968, -40.743378581999934 ], [ -71.72264460599996, -40.74341865599996 ], [ -71.722060189999979, -40.743891616999974 ], [ -71.721637850999969, -40.744391360999941 ], [ -71.721214258999964, -40.744860521999954 ], [ -71.720751697999958, -40.745361211999978 ], [ -71.720736246999934, -40.745367906999945 ], [ -71.720324227999981, -40.745628385999964 ], [ -71.71991971999995, -40.745842537999977 ], [ -71.719610389999957, -40.746080483999947 ], [ -71.71927726499996, -40.746270840999955 ], [ -71.718944140999952, -40.746556375999944 ], [ -71.71858722099995, -40.746603964999963 ], [ -71.718325480999965, -40.74638981399994 ], [ -71.718325480999965, -40.746080483999947 ], [ -71.718135123999957, -40.745842537999977 ], [ -71.718016150999972, -40.745509412999979 ], [ -71.71780199899996, -40.745128699999952 ], [ -71.717564052999933, -40.744890752999936 ], [ -71.717349901999967, -40.744557628999985 ], [ -71.717159544999959, -40.744391066999981 ], [ -71.716778830999942, -40.744438655999943 ], [ -71.716493295999953, -40.744581422999943 ], [ -71.716064992999975, -40.744581422999943 ], [ -71.715612894999936, -40.744510039999966 ], [ -71.715541510999969, -40.744367271999977 ], [ -71.715660483999955, -40.74412932599995 ], [ -71.715922224999986, -40.743962763999946 ], [ -71.716112581999937, -40.743796200999952 ], [ -71.716302938999945, -40.743510665999963 ], [ -71.716326733999949, -40.743225130999974 ], [ -71.716279143999941, -40.742987184999947 ], [ -71.716112581999937, -40.742606470999931 ], [ -71.715922224999986, -40.742392318999975 ], [ -71.715589100999978, -40.742154372999948 ], [ -71.715089413999976, -40.742035399999963 ], [ -71.714697920999981, -40.741988420999974 ], [ -71.714577076999944, -40.74198643099993 ], [ -71.713933745999952, -40.742001570999946 ], [ -71.713292901999978, -40.742077870999935 ], [ -71.712451014999942, -40.742158895999978 ], [ -71.711847889999945, -40.742173077999951 ], [ -71.711827354999969, -40.742170968999972 ], [ -71.711734373999946, -40.742201961999967 ], [ -71.711472632999971, -40.742273345999934 ], [ -71.711091918999955, -40.742297140999938 ], [ -71.711024340999984, -40.742004302999931 ], [ -71.710954606999962, -40.741979800999957 ], [ -71.710707144999958, -40.741832560999967 ], [ -71.710186921999934, -40.741906008999933 ], [ -71.709910432999948, -40.742034949999947 ], [ -71.709740904999933, -40.741824654999959 ], [ -71.709766208999952, -40.741456726999957 ], [ -71.709875654999962, -40.741178655999931 ], [ -71.70986447599995, -40.740903417999959 ], [ -71.710017853999943, -40.740716147999933 ], [ -71.710128539999971, -40.740468657999941 ], [ -71.710036945999946, -40.740195309999933 ], [ -71.709785766999971, -40.739956321999955 ], [ -71.709530863999987, -40.739625587999967 ], [ -71.709478238999964, -40.739320712999984 ], [ -71.709709544999953, -40.739070389999938 ], [ -71.709739815999967, -40.738824788999977 ], [ -71.709488642999986, -40.738585800999942 ], [ -71.709320367999965, -40.73840608699993 ], [ -71.709341948999963, -40.737946412999975 ], [ -71.709528077999948, -40.737574706999965 ], [ -71.709716687999958, -40.737264163999953 ], [ -71.710061149999945, -40.736827514999959 ], [ -71.710528705999934, -40.736449193999931 ], [ -71.710876885999937, -40.736104288999968 ], [ -71.711143409999977, -40.735730690999958 ], [ -71.711372211999958, -40.735419200999957 ], [ -71.711642458999961, -40.735137346999977 ], [ -71.712002947999963, -40.734558006999976 ], [ -71.712138881999977, -40.734373535999964 ], [ -71.712305443999981, -40.734135589999937 ], [ -71.712424416999966, -40.733826259999944 ], [ -71.712376827999947, -40.733516929999951 ], [ -71.712353033999989, -40.733302777999938 ], [ -71.712138881999977, -40.733041037999953 ], [ -71.71190093599995, -40.732898269999964 ], [ -71.711567811999942, -40.732707912999956 ], [ -71.711425043999952, -40.732374788999948 ], [ -71.711329864999982, -40.73208925299997 ], [ -71.711115713999959, -40.731827512999985 ], [ -71.710877857999947, -40.731613441999968 ], [ -71.71087726199994, -40.731613107999976 ], [ -71.710449464999954, -40.73139920999995 ], [ -71.710398411999961, -40.731382191999955 ], [ -71.710092545999942, -40.731280235999975 ], [ -71.710091943999942, -40.731280096999967 ], [ -71.709473885999955, -40.731137468999975 ], [ -71.708997993999958, -40.731042289999948 ], [ -71.708684281999979, -40.73100926799998 ], [ -71.708545895999976, -40.730994700999929 ], [ -71.70811759299994, -40.730970906999971 ], [ -71.707903441999974, -40.730732959999955 ], [ -71.70787964699997, -40.730423630999951 ], [ -71.707903441999974, -40.730042916999935 ], [ -71.707951030999936, -40.729733586999942 ], [ -71.708093797999936, -40.729424256999948 ], [ -71.708188976999963, -40.729162515999974 ], [ -71.708307949999949, -40.728924569999947 ], [ -71.70856969099998, -40.728686623999977 ], [ -71.708831430999965, -40.728496266999969 ], [ -71.709021787999973, -40.728115552999952 ], [ -71.709021787999973, -40.72775863399994 ], [ -71.708783841999946, -40.72752068799997 ], [ -71.70856969099998, -40.727377919999981 ], [ -71.708071321999967, -40.727191031999951 ], [ -71.708002719999968, -40.727165305999961 ], [ -71.707998619999955, -40.727163768999958 ], [ -71.707832057999951, -40.727021000999969 ], [ -71.707594111999981, -40.726925822999931 ], [ -71.707498932999954, -40.726711670999975 ], [ -71.707594111999981, -40.726497519999953 ], [ -71.707832057999951, -40.726164394999955 ], [ -71.707903441999974, -40.72590265499997 ], [ -71.707974824999951, -40.725664707999954 ], [ -71.708141387999945, -40.725450556999931 ], [ -71.708617279999942, -40.725379172999965 ], [ -71.709069376999935, -40.725307788999942 ], [ -71.709521474999974, -40.72526019999998 ], [ -71.709973572999957, -40.725117431999934 ], [ -71.710354285999983, -40.72480810299993 ], [ -71.710592231999954, -40.724498772999937 ], [ -71.710687410999981, -40.724213236999958 ], [ -71.710996740999974, -40.723951496999973 ], [ -71.711425043999952, -40.723665960999938 ], [ -71.712162676999981, -40.723309041999983 ], [ -71.712828925999986, -40.722999711999933 ], [ -71.71323343399996, -40.722904533999952 ], [ -71.713899682999966, -40.722642792999977 ], [ -71.714375574999963, -40.722381051999946 ], [ -71.714922851999972, -40.721905159999949 ], [ -71.715327359999947, -40.721738597999945 ], [ -71.715922224999986, -40.721500651999975 ], [ -71.716588473999934, -40.721310294999967 ], [ -71.717064365999988, -40.72107234899994 ], [ -71.717326106999963, -40.720881991999931 ], [ -71.717778204999945, -40.720548866999934 ], [ -71.718420658999946, -40.720215742999983 ], [ -71.719039318999933, -40.719906412999933 ], [ -71.719586594999953, -40.719668466999963 ], [ -71.720110076999958, -40.71945431499995 ], [ -71.720585968999956, -40.719121190999942 ], [ -71.721157038999934, -40.718716681999979 ], [ -71.721728109999958, -40.718383557999971 ], [ -71.722346769999945, -40.71812181699994 ], [ -71.723298553999939, -40.717907665999974 ], [ -71.72379824099994, -40.718002843999955 ], [ -71.724178954999957, -40.717812486999946 ], [ -71.724821408999958, -40.71774110299998 ], [ -71.725155555999947, -40.717820661999951 ], [ -71.725321095999959, -40.717860075999965 ], [ -71.725362736999955, -40.717877922999946 ], [ -71.725523251999959, -40.717946714999982 ], [ -71.725654220999957, -40.718002843999955 ], [ -71.726058728999988, -40.718002843999955 ], [ -71.72651082699997, -40.71788387099997 ], [ -71.726724977999936, -40.717788692999932 ], [ -71.726915334999944, -40.717550745999972 ], [ -71.727177075999975, -40.717217621999964 ], [ -71.727462610999964, -40.717074853999975 ], [ -71.727748145999954, -40.716955880999933 ], [ -71.728081270999951, -40.716813113999933 ], [ -71.72836680599994, -40.716622756999982 ], [ -71.728557162999948, -40.716527577999955 ], [ -71.728703553999935, -40.71644218299997 ], [ -71.728842697999937, -40.716361015999951 ], [ -71.729175822999935, -40.716313426999932 ], [ -71.72946135799998, -40.716289631999985 ], [ -71.729723098999955, -40.716051685999957 ], [ -71.729865866999944, -40.715766150999968 ], [ -71.729961044999982, -40.715480614999933 ], [ -71.730103812999971, -40.715218874999948 ], [ -71.730103812999971, -40.714885749999951 ], [ -71.730175196999937, -40.714576419999958 ], [ -71.730270374999975, -40.714314678999983 ], [ -71.730365552999956, -40.714029143999937 ], [ -71.730460731999983, -40.713672224999982 ], [ -71.730651088999934, -40.713291510999966 ], [ -71.730651088999934, -40.712839413999973 ], [ -71.730508320999945, -40.71253008399998 ], [ -71.730341758999941, -40.712196958999982 ], [ -71.730056223999952, -40.711959012999955 ], [ -71.729913455999963, -40.711768655999947 ], [ -71.729794482999978, -40.711578298999939 ], [ -71.729818276999936, -40.711364147999973 ], [ -71.729984839999986, -40.711078612999984 ], [ -71.730056223999952, -40.710864460999971 ], [ -71.729961044999982, -40.710531335999974 ], [ -71.729699303999951, -40.710269595999932 ], [ -71.729437563999966, -40.710007854999958 ], [ -71.729199617999939, -40.709746113999984 ], [ -71.728961670999979, -40.709389194999972 ], [ -71.728747519999956, -40.709175043999949 ], [ -71.728509573999986, -40.708937097999979 ], [ -71.728392634999977, -40.708833915999946 ], [ -71.728105064999966, -40.708580177999977 ], [ -71.727931048999949, -40.708454499999959 ], [ -71.727676762999977, -40.708270848999973 ], [ -71.72743881599996, -40.707985312999938 ], [ -71.727153280999971, -40.707628393999983 ], [ -71.727099548999945, -40.707558541999958 ], [ -71.727032904999987, -40.707471904999977 ], [ -71.726915334999944, -40.707319063999932 ], [ -71.726629799999955, -40.707057322999958 ], [ -71.726538233999975, -40.707011539999939 ], [ -71.726338976999955, -40.706911911999953 ], [ -71.726201496999977, -40.706843171999935 ], [ -71.725742987999979, -40.70673777899998 ], [ -71.725654220999957, -40.706700403999946 ], [ -71.725249711999936, -40.706533841999942 ], [ -71.725018107999972, -40.70634083799996 ], [ -71.724964176999947, -40.706295895999972 ], [ -71.72489774099995, -40.706209529999967 ], [ -71.724726230999977, -40.705986565999979 ], [ -71.724607257999935, -40.705629646999967 ], [ -71.724654846999954, -40.705082370999946 ], [ -71.724678641999958, -40.704796834999968 ], [ -71.724726230999977, -40.70446371099996 ], [ -71.724987355999986, -40.704023177999943 ], [ -71.725173238999957, -40.703620429999944 ], [ -71.725142258999938, -40.703124740999954 ], [ -71.724832452999976, -40.702721992999955 ], [ -71.724367743999949, -40.702319244999956 ], [ -71.723964996999939, -40.701916497999946 ], [ -71.72368617099994, -40.701451788999975 ], [ -71.72343832699994, -40.700894138999956 ], [ -71.72343832699994, -40.700398448999977 ], [ -71.72343832699994, -40.700270652999961 ], [ -71.72343832699994, -40.699623934999977 ], [ -71.72343832699994, -40.698663536999959 ], [ -71.723407345999988, -40.69776509999997 ], [ -71.723469306999959, -40.69723842999997 ], [ -71.723964996999939, -40.69674274099998 ], [ -71.724243821999949, -40.696370973999933 ], [ -71.724615588999939, -40.695720380999944 ], [ -71.724863433999985, -40.695069788999945 ], [ -71.725080297999966, -40.694729002999964 ], [ -71.725080297999966, -40.694326254999964 ], [ -71.724770491999948, -40.694047429999955 ], [ -71.724398724999958, -40.693737623999937 ], [ -71.724336763999986, -40.693365856999947 ], [ -71.724646568999958, -40.693056050999985 ], [ -71.724863433999985, -40.692653303999975 ], [ -71.725049316999957, -40.692467419999957 ], [ -71.725235200999975, -40.692126633999976 ], [ -71.725142258999938, -40.691661924999948 ], [ -71.724708530999976, -40.691414080999948 ], [ -71.724402787999963, -40.691057379999961 ], [ -71.724336763999986, -40.69098035199994 ], [ -71.723903035999967, -40.690794468999968 ], [ -71.723651768999957, -40.690704730999983 ], [ -71.723469306999959, -40.690639565999959 ], [ -71.723275885999954, -40.690556226999945 ], [ -71.722964472999934, -40.690422048999949 ], [ -71.72253988999995, -40.690391720999969 ], [ -71.722106161999989, -40.690391720999969 ], [ -71.721734394999942, -40.690422701999978 ], [ -71.721207724999942, -40.690515643999959 ], [ -71.721052821999933, -40.69060858499995 ], [ -71.720712035999952, -40.690887410999949 ], [ -71.720619093999971, -40.691259177999939 ], [ -71.720588112999963, -40.691568982999968 ], [ -71.720619093999971, -40.692188594999948 ], [ -71.720712035999952, -40.692560361999938 ], [ -71.720773996999981, -40.692901147999976 ], [ -71.720773996999981, -40.693303895999975 ], [ -71.720619093999971, -40.693737623999937 ], [ -71.720495170999982, -40.693861546999983 ], [ -71.720123403999935, -40.693954487999974 ], [ -71.719906539999954, -40.694109390999984 ], [ -71.719565753999973, -40.694574099999954 ], [ -71.719472811999935, -40.695131749999973 ], [ -71.719441831999973, -40.695627439999953 ], [ -71.719420912999965, -40.695721576999972 ], [ -71.719386423999936, -40.695876773999942 ], [ -71.719317908999983, -40.696185089999972 ], [ -71.719163005999974, -40.696649798999943 ], [ -71.719039083999974, -40.69699058499998 ], [ -71.718884180999964, -40.697300390999942 ], [ -71.718760258999964, -40.697796079999932 ], [ -71.718698297999936, -40.698198827999931 ], [ -71.718574374999946, -40.69860157599993 ], [ -71.718419471999937, -40.698911380999959 ], [ -71.718357510999965, -40.69937608999993 ], [ -71.718264569999974, -40.699933740999938 ], [ -71.718202607999956, -40.700398448999977 ], [ -71.718078685999956, -40.700646293999966 ], [ -71.717866135999941, -40.70083522699997 ], [ -71.717608103999964, -40.700729102999958 ], [ -71.717559177999988, -40.700708980999934 ], [ -71.71749618399997, -40.700704006999956 ], [ -71.71712004799997, -40.700674306999929 ], [ -71.716713968999954, -40.700425003999953 ], [ -71.716668089999985, -40.700396836999971 ], [ -71.716348153999945, -40.700165775999949 ], [ -71.716099013999951, -40.700221161999934 ], [ -71.716031847999943, -40.700264308999976 ], [ -71.715793490999943, -40.700417429999959 ], [ -71.715292314999942, -40.700384209999982 ], [ -71.715276955999968, -40.700333486999966 ], [ -71.715220579999936, -40.700147302999937 ], [ -71.715153758999975, -40.70012233999995 ], [ -71.714980627999978, -40.700057662999939 ], [ -71.714546899999959, -40.700367468999957 ], [ -71.714299054999969, -40.700708254999938 ], [ -71.713927287999979, -40.701203944999975 ], [ -71.713555520999932, -40.701699633999965 ], [ -71.713152772999933, -40.702164342999936 ], [ -71.712842967999961, -40.702567089999945 ], [ -71.712533161999943, -40.702938856999936 ], [ -71.712130413999944, -40.703155720999973 ], [ -71.711727666999934, -40.703527487999963 ], [ -71.711479821999944, -40.704023177999943 ], [ -71.711262957999963, -40.704363963999981 ], [ -71.711234829999967, -40.704406155999948 ], [ -71.711139035999963, -40.704549846999953 ], [ -71.711011620999955, -40.704695464999929 ], [ -71.710922171999982, -40.704797691999943 ], [ -71.710643345999983, -40.705045536999933 ], [ -71.710395501999983, -40.70554122599998 ], [ -71.710364520999974, -40.705820050999932 ], [ -71.710364520999974, -40.706377701999941 ], [ -71.710395501999983, -40.706873390999931 ], [ -71.710612365999964, -40.70752398299993 ], [ -71.710682434999967, -40.707944400999963 ], [ -71.710705306999955, -40.708081633999939 ], [ -71.710487563999948, -40.708218590999934 ], [ -71.710225822999973, -40.708313768999972 ], [ -71.710068750999937, -40.708508794999943 ], [ -71.710021161999975, -40.70863796499998 ], [ -71.709902188999934, -40.708960891999936 ], [ -71.709807009999963, -40.709198837999963 ], [ -71.709640447999959, -40.709365400999957 ], [ -71.709378706999985, -40.709698524999965 ], [ -71.709235939999985, -40.710079238999981 ], [ -71.709235939999985, -40.710436157999936 ], [ -71.709402501999989, -40.71060271999994 ], [ -71.70949767999997, -40.710912049999934 ], [ -71.709463434999975, -40.711186012999974 ], [ -71.709450090999951, -40.71129276399995 ], [ -71.709235939999985, -40.711673477999966 ], [ -71.709116966999943, -40.712054191999982 ], [ -71.709045582999977, -40.712482494999961 ], [ -71.709045582999977, -40.712744234999946 ], [ -71.708974198999954, -40.713101153999958 ], [ -71.708879020999973, -40.713267716999951 ], [ -71.708664868999961, -40.713458073999959 ], [ -71.708450717999938, -40.713577046999944 ], [ -71.708260360999986, -40.713791197999967 ], [ -71.708141387999945, -40.714076732999956 ], [ -71.707974824999951, -40.714219500999945 ], [ -71.707736878999981, -40.714362268999935 ], [ -71.707284781999988, -40.714386062999949 ], [ -71.706999245999953, -40.714600214999962 ], [ -71.706808888999944, -40.715099901999963 ], [ -71.706523353999955, -40.715361641999948 ], [ -71.706261612999981, -40.715551998999956 ], [ -71.706095050999977, -40.715837534999935 ], [ -71.706095050999977, -40.716123069999981 ], [ -71.706095050999977, -40.716194453999947 ], [ -71.706095050999977, -40.716361015999951 ], [ -71.706071256999962, -40.71650378399994 ], [ -71.705761926999969, -40.716598961999978 ], [ -71.705476390999934, -40.716670345999944 ], [ -71.705402658999958, -40.716635937999968 ], [ -71.705119471999978, -40.71650378399994 ], [ -71.704833936999933, -40.716337220999947 ], [ -71.704548401999944, -40.716146863999938 ], [ -71.704191481999942, -40.716123069999981 ], [ -71.703691795999987, -40.716170658999943 ], [ -71.702977956999973, -40.716313426999932 ], [ -71.702692421999984, -40.716194453999947 ], [ -71.702454475999957, -40.715766150999968 ], [ -71.702240323999945, -40.715504409999937 ], [ -71.70157407499994, -40.715504409999937 ], [ -71.70105059399998, -40.715528204999941 ], [ -71.700563178999971, -40.715586693999967 ], [ -71.700241576999986, -40.715528204999941 ], [ -71.699765684999988, -40.715670971999941 ], [ -71.699075640999979, -40.716027890999953 ], [ -71.698790105999933, -40.716337220999947 ], [ -71.698718721999967, -40.716717934999963 ], [ -71.698647337999944, -40.716979675999937 ], [ -71.69848077599994, -40.717336594999949 ], [ -71.698195240999951, -40.717455567999934 ], [ -71.697719347999964, -40.71759833599998 ], [ -71.697469865999949, -40.717972559999964 ], [ -71.697386223999956, -40.718098021999936 ], [ -71.697291044999986, -40.718550119999975 ], [ -71.697148277999986, -40.718883244999972 ], [ -71.69700550999994, -40.719168779999961 ], [ -71.696648590999985, -40.719644671999959 ], [ -71.696363055999939, -40.720096769999941 ], [ -71.696029930999941, -40.720572661999938 ], [ -71.695720600999948, -40.720786812999961 ], [ -71.695458859999974, -40.721024759999978 ], [ -71.695173324999985, -40.721357883999985 ], [ -71.695101940999962, -40.721714802999941 ], [ -71.695197119999989, -40.721881364999945 ], [ -71.695197119999989, -40.722047927999938 ], [ -71.695030557999985, -40.722357257999931 ], [ -71.694892809999942, -40.722479699999951 ], [ -71.694816405999973, -40.722547614999939 ], [ -71.694779677999975, -40.722571224999967 ], [ -71.694759254999951, -40.722584353999935 ], [ -71.69454406899996, -40.722722687999976 ], [ -71.694483280999975, -40.722761765999962 ], [ -71.694197745999986, -40.722904533999952 ], [ -71.69388470399997, -40.722904533999952 ], [ -71.693793237999955, -40.722904533999952 ], [ -71.693364934999977, -40.722904533999952 ], [ -71.692936631999942, -40.722904533999952 ], [ -71.692532122999978, -40.722999711999933 ], [ -71.692151409999951, -40.72323765799996 ], [ -71.692127614999947, -40.72347560399993 ], [ -71.692056230999981, -40.723689755999942 ], [ -71.691818284999954, -40.72378493399998 ], [ -71.69155654399998, -40.723856317999946 ], [ -71.691318597999953, -40.724070469999958 ], [ -71.691175830999953, -40.724356004999947 ], [ -71.691056857999968, -40.724522566999951 ], [ -71.690866500999959, -40.724689128999955 ], [ -71.690634757999987, -40.724824312999942 ], [ -71.690591964999953, -40.72484927499994 ], [ -71.690580964999981, -40.724855691999949 ], [ -71.690297789999988, -40.725240001999964 ], [ -71.690247840999973, -40.725307788999942 ], [ -71.690132028999983, -40.725346386999945 ], [ -71.689749019999965, -40.725166243999979 ], [ -71.68970896899998, -40.725180542999965 ], [ -71.689317346999985, -40.725320365999949 ], [ -71.688814844999968, -40.725332080999976 ], [ -71.688344271999938, -40.725426761999984 ], [ -71.687820790999979, -40.725593324999977 ], [ -71.687487665999981, -40.725878859999966 ], [ -71.687297308999973, -40.72604542199997 ], [ -71.687059362999946, -40.72614060099994 ], [ -71.686678648999987, -40.726235778999978 ], [ -71.686664711999981, -40.726237520999973 ], [ -71.68629793599996, -40.72628336799994 ], [ -71.68627984699998, -40.726287387999946 ], [ -71.685869632999982, -40.726378546999968 ], [ -71.685417534999942, -40.726545108999971 ], [ -71.685108204999949, -40.726759260999984 ], [ -71.68482266999996, -40.726997206999954 ], [ -71.684679901999971, -40.727425509999932 ], [ -71.684608517999948, -40.727711044999978 ], [ -71.684537133999982, -40.728020374999971 ], [ -71.684465750999948, -40.728282115999946 ], [ -71.684251598999936, -40.728543855999931 ], [ -71.68403744799997, -40.728781801999958 ], [ -71.683775706999938, -40.728948364999951 ], [ -71.683299814999941, -40.729138721999959 ], [ -71.683061868999971, -40.729210104999936 ], [ -71.68280012799994, -40.729519434999929 ], [ -71.682514592999951, -40.72978117599996 ], [ -71.682110083999987, -40.729995327999973 ], [ -71.681848343999945, -40.730185683999935 ], [ -71.681539013999952, -40.730352246999985 ], [ -71.681301067999982, -40.730566397999951 ], [ -71.681063120999966, -40.730804343999978 ], [ -71.680801380999981, -40.731232646999956 ], [ -71.680634817999987, -40.731565771999954 ], [ -71.68041504699994, -40.731669640999939 ], [ -71.679992997999989, -40.73186911199997 ], [ -71.679429269999957, -40.732127455999944 ], [ -71.679040579999935, -40.732446171999982 ], [ -71.678445713999963, -40.732660323999937 ], [ -71.677969821999966, -40.732945858999983 ], [ -71.677529664999952, -40.733260256999984 ], [ -71.677470134999965, -40.733302777999938 ], [ -71.677184599999975, -40.733731080999974 ], [ -71.677089421999938, -40.734183178999956 ], [ -71.676946653999948, -40.734516302999964 ], [ -71.676814432999947, -40.734626487999947 ], [ -71.676661118999959, -40.73475424999998 ], [ -71.676327993999962, -40.73489701699998 ], [ -71.676102136999987, -40.735093413999948 ], [ -71.676072095999984, -40.735119536999946 ], [ -71.675780717999942, -40.735372908999977 ], [ -71.675542771999972, -40.735682238999971 ], [ -71.675296896999953, -40.735842057999946 ], [ -71.675066879999974, -40.735991568999964 ], [ -71.674972309999987, -40.736102585999959 ] ], [ [ -71.701558121999938, -40.719087657999978 ], [ -71.701779649999935, -40.719056010999964 ], [ -71.702064471999961, -40.719056010999964 ], [ -71.702254351999954, -40.719277538999961 ], [ -71.702475879999952, -40.719530713999973 ], [ -71.702602467999952, -40.719815534999952 ], [ -71.702507526999966, -40.720163649999961 ], [ -71.702380939999955, -40.720416824999973 ], [ -71.702191058999972, -40.720733292999967 ], [ -71.701811296999949, -40.72104976199995 ], [ -71.701558121999938, -40.72104976199995 ], [ -71.701304947999972, -40.721018114999936 ], [ -71.701178359999972, -40.720828233999953 ], [ -71.701115066999989, -40.720416824999973 ], [ -71.701051772999961, -40.719973768999978 ], [ -71.701051772999961, -40.719625653999969 ], [ -71.701146712999957, -40.719309185999975 ], [ -71.701558121999938, -40.719087657999978 ] ], [ [ -71.702665760999935, -40.717125554999939 ], [ -71.702918935999946, -40.717062260999967 ], [ -71.703258968999933, -40.717153988999939 ], [ -71.703359640999963, -40.717132732999971 ], [ -71.703438100999961, -40.717236711999931 ], [ -71.703456931999938, -40.717283788999964 ], [ -71.70342528499998, -40.717505316999961 ], [ -71.703380160999984, -40.717557961999944 ], [ -71.70323540399994, -40.717726843999969 ], [ -71.703045522999957, -40.71785343199997 ], [ -71.702810517999978, -40.718059060999963 ], [ -71.702792348999935, -40.718074959999967 ], [ -71.702602467999952, -40.718011665999938 ], [ -71.702444232999937, -40.71785343199997 ], [ -71.702349292999941, -40.717695197999944 ], [ -71.702306800999963, -40.717567722999945 ], [ -71.702349292999941, -40.717347081999947 ], [ -71.702367341999945, -40.717274886999974 ], [ -71.702380939999955, -40.717220494999935 ], [ -71.702665760999935, -40.717125554999939 ] ], [ [ -71.750239840999939, -40.748674967999932 ], [ -71.749757758999976, -40.749114127999974 ], [ -71.749558697999987, -40.748880281999959 ], [ -71.749601324999958, -40.748406582999962 ], [ -71.749846717999958, -40.748256676999972 ], [ -71.750340475999963, -40.748100846999932 ], [ -71.750475403999985, -40.748286701999973 ], [ -71.750239840999939, -40.748674967999932 ] ], [ [ -71.680819072999952, -40.773029402999953 ], [ -71.68087855999994, -40.773564781999937 ], [ -71.680759586999955, -40.774189389999947 ], [ -71.68067035699994, -40.774695025999961 ], [ -71.680610869999953, -40.775260147999973 ], [ -71.680491896999968, -40.775557579999941 ], [ -71.680343180999955, -40.776033471999938 ], [ -71.680253950999941, -40.776360647999979 ], [ -71.680105234999985, -40.776658080999937 ], [ -71.679926774999956, -40.776955513999951 ], [ -71.679778058999943, -40.777223202999949 ], [ -71.679659085999958, -40.777669351999975 ], [ -71.679629342999988, -40.778085757999975 ], [ -71.679837544999941, -40.77823447399993 ], [ -71.679986261999943, -40.778383189999943 ], [ -71.68001600499997, -40.778591392999942 ], [ -71.679926774999956, -40.778799595999942 ], [ -71.679718571999956, -40.778918568999984 ], [ -71.679421139999988, -40.779007798999942 ], [ -71.679153449999944, -40.779097028999956 ], [ -71.678915503999974, -40.779156514999954 ], [ -71.678588327999933, -40.779394460999981 ], [ -71.678380125999979, -40.779424203999952 ], [ -71.678112435999935, -40.779424203999952 ], [ -71.67775551699998, -40.779364717999954 ], [ -71.677606800999968, -40.779037541999969 ], [ -71.677428340999938, -40.778710365999984 ], [ -71.677249881999956, -40.77844267699993 ], [ -71.677071421999983, -40.778264216999958 ], [ -71.676833475999956, -40.778085757999975 ], [ -71.676595529999986, -40.777818067999931 ], [ -71.676417069999957, -40.777609864999931 ], [ -71.676208866999957, -40.777550378999933 ], [ -71.675911434999989, -40.777520635999963 ], [ -71.675614001999975, -40.777371918999961 ], [ -71.675435542999935, -40.777252945999976 ], [ -71.67510836699995, -40.777074486999936 ], [ -71.675019136999936, -40.776866283999937 ], [ -71.674959649999948, -40.776687823999964 ], [ -71.674781190999965, -40.776568850999979 ], [ -71.674424271999953, -40.776479620999964 ], [ -71.674007865999954, -40.776360647999979 ], [ -71.673650946999942, -40.776241674999937 ], [ -71.673413000999972, -40.776063215999955 ], [ -71.673234540999943, -40.775884755999982 ], [ -71.673175054999945, -40.775646809999955 ], [ -71.673175054999945, -40.775349376999941 ], [ -71.673175054999945, -40.775111430999971 ], [ -71.67326428399997, -40.774813998999946 ], [ -71.673442743999942, -40.774665281999944 ], [ -71.67371043299994, -40.774397592999946 ], [ -71.673859149999942, -40.774159646999976 ], [ -71.674067351999952, -40.773981186999947 ], [ -71.674364784999966, -40.773772984999937 ], [ -71.674632473999964, -40.773564781999937 ], [ -71.674810933999936, -40.773386321999965 ], [ -71.674900163999951, -40.773118632999967 ], [ -71.674900163999951, -40.77288068699994 ], [ -71.674900163999951, -40.772523767999985 ], [ -71.675048879999963, -40.772256077999941 ], [ -71.675257082999963, -40.771958645999973 ], [ -71.67531656999995, -40.771720698999957 ], [ -71.675435542999935, -40.771453009999959 ], [ -71.675643744999945, -40.771185320999962 ], [ -71.67573297499996, -40.770947374999935 ], [ -71.675911434999989, -40.770530968999935 ], [ -71.67594117799996, -40.770263279999938 ], [ -71.675881690999972, -40.770055076999938 ], [ -71.675703231999933, -40.769757643999981 ], [ -71.675495028999933, -40.769608927999968 ], [ -71.675257082999963, -40.769460210999966 ], [ -71.675078622999933, -40.769252008999956 ], [ -71.674929906999978, -40.769073548999984 ], [ -71.674751447999938, -40.768895088999955 ], [ -71.67466221799998, -40.768538169999943 ], [ -71.67466221799998, -40.768270480999945 ], [ -71.674572987999966, -40.768002791999947 ], [ -71.674394527999937, -40.767824331999975 ], [ -71.674097095999969, -40.767735101999961 ], [ -71.673799662999954, -40.767764844999931 ], [ -71.673650946999942, -40.767913561999933 ], [ -71.673531973999957, -40.768062277999945 ], [ -71.673323770999957, -40.768092020999973 ], [ -71.672996594999972, -40.768002791999947 ], [ -71.672908737999933, -40.767973505999976 ], [ -71.672752699999933, -40.767675615999963 ], [ -71.672877621999987, -40.767288952999934 ], [ -71.672937108999974, -40.766991520999966 ], [ -71.673085824999987, -40.766753574999939 ], [ -71.673175054999945, -40.766604857999937 ], [ -71.673175054999945, -40.766337168999939 ], [ -71.673204797999972, -40.766158708999967 ], [ -71.673353513999984, -40.766009992999955 ], [ -71.673621203999971, -40.76589101999997 ], [ -71.673948378999967, -40.765772046999984 ], [ -71.674216068999954, -40.765593586999955 ], [ -71.674394527999937, -40.76550435799993 ], [ -71.674632473999964, -40.765415127999972 ], [ -71.674900163999951, -40.765415127999972 ], [ -71.675167852999948, -40.765415127999972 ], [ -71.675405798999975, -40.765325897999958 ], [ -71.675584258999947, -40.765236667999943 ], [ -71.675792461999947, -40.76505820899996 ], [ -71.675911434999989, -40.764790518999973 ], [ -71.675911434999989, -40.764612059999934 ], [ -71.675851947999945, -40.764374113999963 ], [ -71.675792461999947, -40.764225396999962 ], [ -71.67594117799996, -40.763987450999934 ], [ -71.676119637999989, -40.763957707999964 ], [ -71.676387326999986, -40.763957707999964 ], [ -71.676655015999984, -40.763957707999964 ], [ -71.676833475999956, -40.763987450999934 ], [ -71.677011934999939, -40.763987450999934 ], [ -71.677279624999983, -40.763927964999937 ], [ -71.677577056999951, -40.763749504999964 ], [ -71.677844746999938, -40.763600788999952 ], [ -71.677933976999952, -40.763541301999965 ], [ -71.678261152999937, -40.76324386999994 ], [ -71.678528841999935, -40.763065409999967 ], [ -71.678856017999976, -40.762886949999938 ], [ -71.679212936999988, -40.76282746399994 ], [ -71.679331909999974, -40.76300592299998 ], [ -71.679391395999971, -40.763303355999938 ], [ -71.679450882999959, -40.763630531999979 ], [ -71.679569855999944, -40.763898220999977 ], [ -71.679599598999971, -40.764165910999964 ], [ -71.679688828999986, -40.764522829999976 ], [ -71.679748315999973, -40.764820261999944 ], [ -71.679778058999943, -40.765117694999958 ], [ -71.679778058999943, -40.765415127999972 ], [ -71.679629342999988, -40.76571255999994 ], [ -71.679569855999944, -40.765980249999984 ], [ -71.679540112999973, -40.766277681999952 ], [ -71.679540112999973, -40.766575114999966 ], [ -71.679569855999944, -40.766872547999981 ], [ -71.679748315999973, -40.767169979999949 ], [ -71.679926774999956, -40.767378182999948 ], [ -71.680075491999958, -40.767616128999975 ], [ -71.68022420799997, -40.767824331999975 ], [ -71.680343180999955, -40.768092020999973 ], [ -71.680521639999938, -40.768329966999943 ], [ -71.680729842999938, -40.768538169999943 ], [ -71.680729842999938, -40.768984318999969 ], [ -71.680789329999982, -40.769341237999981 ], [ -71.68084881599998, -40.769698157999983 ], [ -71.680789329999982, -40.77017404999998 ], [ -71.680759586999955, -40.77062019899995 ], [ -71.680759586999955, -40.770977117999962 ], [ -71.680819072999952, -40.771423266999932 ], [ -71.680819072999952, -40.771958645999973 ], [ -71.680819072999952, -40.772553510999956 ], [ -71.680819072999952, -40.773029402999953 ] ], [ [ -71.671230360999971, -40.769970962999935 ], [ -71.671049521999976, -40.770016171999941 ], [ -71.670973378999975, -40.769978100999936 ], [ -71.670840128999941, -40.769882922999955 ], [ -71.670840128999941, -40.769768708999948 ], [ -71.670878200999937, -40.769654493999951 ], [ -71.670935307999969, -40.769445101999963 ], [ -71.670954342999948, -40.769292815999961 ], [ -71.670992414999944, -40.769254744999955 ], [ -71.671125663999987, -40.769159566999974 ], [ -71.671296985999959, -40.769216673999949 ], [ -71.671411199999966, -40.769273780999981 ], [ -71.671506377999947, -40.769368958999962 ], [ -71.671528663999936, -40.769446958999936 ], [ -71.671506377999947, -40.769521244999964 ], [ -71.671449270999972, -40.769711601999973 ], [ -71.67139216399994, -40.769844850999959 ], [ -71.671277949999933, -40.76994002999993 ], [ -71.671230360999971, -40.769970962999935 ] ], [ [ -71.528240125999957, -40.973077800999931 ], [ -71.527883206999945, -40.973184876999937 ], [ -71.527776130999939, -40.972827956999936 ], [ -71.527811822999979, -40.972542421999947 ], [ -71.528025974999935, -40.972221194999975 ], [ -71.528240125999957, -40.971935659999986 ], [ -71.52859704499997, -40.971828583999979 ], [ -71.528953964999971, -40.971757199999956 ], [ -71.52923949999996, -40.971685815999933 ], [ -71.529525034999949, -40.971471664999967 ], [ -71.529739186999961, -40.971400280999944 ], [ -71.53016748999994, -40.971578739999984 ], [ -71.530238873999963, -40.97165012399995 ], [ -71.53016748999994, -40.971828583999979 ], [ -71.530024721999951, -40.971971350999979 ], [ -71.529774878999945, -40.972042734999945 ], [ -71.529596418999972, -40.972149810999952 ], [ -71.529275191999943, -40.972506729999964 ], [ -71.528918272999988, -40.97261380599997 ], [ -71.528632736999953, -40.972827956999936 ], [ -71.528240125999957, -40.973077800999931 ] ], [ [ -71.56420210999994, -40.977871621999952 ], [ -71.563954645999956, -40.977947763999964 ], [ -71.563764288999948, -40.977928728999984 ], [ -71.563631039999962, -40.977757406999956 ], [ -71.563497789999985, -40.977586085999974 ], [ -71.563440682999953, -40.97735765799996 ], [ -71.563478753999959, -40.977148264999983 ], [ -71.563535860999934, -40.976919836999969 ], [ -71.563573932999986, -40.976634301999979 ], [ -71.563726217999942, -40.976386837999939 ], [ -71.563859467999976, -40.976082266999981 ], [ -71.563874487999954, -40.975947089999977 ], [ -71.563878503999945, -40.975910945999942 ], [ -71.563935610999977, -40.975777695999966 ], [ -71.564145002999965, -40.975663481999959 ], [ -71.564259216999972, -40.975549267999952 ], [ -71.564259216999972, -40.975282767999943 ], [ -71.564297288999967, -40.975149517999967 ], [ -71.564373430999979, -40.974978196999984 ], [ -71.564487645999975, -40.974806875999946 ], [ -71.564639930999988, -40.974730732999944 ], [ -71.564860373999977, -40.974769634999973 ], [ -71.564963537999972, -40.974787839999976 ], [ -71.565058715999953, -40.974959160999958 ], [ -71.565077751999979, -40.975187589999962 ], [ -71.564944501999946, -40.975549267999952 ], [ -71.564925465999977, -40.975739623999971 ], [ -71.564887394999971, -40.97600612399998 ], [ -71.564887394999971, -40.976253587999963 ], [ -71.564887394999971, -40.976462980999941 ], [ -71.564735108999969, -40.976577194999948 ], [ -71.564506680999955, -40.976710444999981 ], [ -71.564487645999975, -40.976881765999963 ], [ -71.56444957399998, -40.977148264999983 ], [ -71.564354395999942, -40.977281514999959 ], [ -71.564392466999948, -40.977433800999961 ], [ -71.564316323999947, -40.977605121999943 ], [ -71.564259216999972, -40.977776442999982 ], [ -71.56420210999994, -40.977871621999952 ] ], [ [ -71.55796354499995, -40.97794612499996 ], [ -71.55792033299997, -40.978023906999965 ], [ -71.557825154999989, -40.978195227999947 ], [ -71.557753877999971, -40.978246139999953 ], [ -71.55755865499998, -40.978385584999955 ], [ -71.557330226999966, -40.978385584999955 ], [ -71.557120833999988, -40.978385584999955 ], [ -71.557052854999938, -40.978300610999952 ], [ -71.556968548999976, -40.978195227999947 ], [ -71.556968548999976, -40.978066340999931 ], [ -71.556968548999976, -40.977947763999964 ], [ -71.557177940999964, -40.977852585999983 ], [ -71.557255963999978, -40.977729977999957 ], [ -71.55731119099994, -40.977643192999949 ], [ -71.557501547999948, -40.977452835999941 ], [ -71.557710940999982, -40.977319586999954 ], [ -71.557844189999969, -40.977110193999977 ], [ -71.558072618999972, -40.976957908999964 ], [ -71.558224903999985, -40.976900800999942 ], [ -71.558434296999962, -40.976881765999963 ], [ -71.558491403999938, -40.976881765999963 ], [ -71.558624653999971, -40.976919836999969 ], [ -71.558662724999976, -40.976976943999944 ], [ -71.558681760999946, -40.977167300999952 ], [ -71.558586581999975, -40.97735765799996 ], [ -71.558453331999942, -40.977452835999941 ], [ -71.55828201099996, -40.977605121999943 ], [ -71.558148760999984, -40.97771933599995 ], [ -71.55801551199994, -40.977852585999983 ], [ -71.55796354499995, -40.97794612499996 ] ], [ [ -71.561422899999968, -40.979851332999942 ], [ -71.561403863999942, -40.980117832999952 ], [ -71.561384827999973, -40.98030818999996 ], [ -71.561335334999967, -40.980393035999953 ], [ -71.561251578999986, -40.980536617999974 ], [ -71.561099292999984, -40.980631795999955 ], [ -71.56087086499997, -40.980707938999956 ], [ -71.560728326999936, -40.980719816999965 ], [ -71.560642436999956, -40.980726974999982 ], [ -71.56050918699998, -40.980593724999949 ], [ -71.560471114999984, -40.980346260999966 ], [ -71.560471114999984, -40.980117832999952 ], [ -71.56050918699998, -40.979889403999948 ], [ -71.560642436999956, -40.979737118999935 ], [ -71.560737614999937, -40.979565797999953 ], [ -71.560832792999975, -40.979356404999976 ], [ -71.560889900999939, -40.979166047999968 ], [ -71.560895251999966, -40.979161766999937 ], [ -71.560985078999977, -40.979089905999956 ], [ -71.561118328999953, -40.979051833999961 ], [ -71.561170039999979, -40.979037730999949 ], [ -71.561347235999961, -40.979028404999951 ], [ -71.561395153999968, -40.978974496999967 ], [ -71.561518077999949, -40.978937619999954 ], [ -71.561689398999988, -40.978899548999948 ], [ -71.56186072099996, -40.978880512999979 ], [ -71.56195589899994, -40.978880512999979 ], [ -71.562051076999978, -40.97895665599998 ], [ -71.561974934999967, -40.979166047999968 ], [ -71.561917827999935, -40.979375440999945 ], [ -71.561815113999955, -40.979478153999935 ], [ -71.561746505999963, -40.979546761999984 ], [ -71.561537113999975, -40.979737118999935 ], [ -71.561422899999968, -40.979851332999942 ] ], [ [ -71.562622147999946, -40.980155903999957 ], [ -71.56283154099998, -40.980079760999956 ], [ -71.562983825999936, -40.980117832999952 ], [ -71.563061742999935, -40.980152462999968 ], [ -71.563155146999975, -40.980193975999953 ], [ -71.563174182999944, -40.980346260999966 ], [ -71.563174182999944, -40.980631795999955 ], [ -71.563138532999972, -40.980863525999951 ], [ -71.563136111999938, -40.980879259999938 ], [ -71.562964789999967, -40.981050580999977 ], [ -71.562698290999947, -40.981259973999954 ], [ -71.56258407699994, -40.981431294999936 ], [ -71.562393719999989, -40.981564544999969 ], [ -71.56222239899995, -40.981831044999979 ], [ -71.562127219999979, -40.981983329999935 ], [ -71.562070112999947, -40.982192722999969 ], [ -71.561974934999967, -40.982383079999977 ], [ -71.561898791999965, -40.982497293999984 ], [ -71.561892641999975, -40.982500807999941 ], [ -71.561765541999989, -40.982573436999985 ], [ -71.56159422099995, -40.982668614999966 ], [ -71.561327720999941, -40.982820899999979 ], [ -71.561137363999933, -40.983087399999931 ], [ -71.560985078999977, -40.983506184999953 ], [ -71.560756650999963, -40.983734612999967 ], [ -71.560490150999954, -40.984001112999977 ], [ -71.560295770999971, -40.984213162999936 ], [ -71.560280757999976, -40.984229540999934 ], [ -71.559938115999955, -40.984496040999943 ], [ -71.559690651999972, -40.984648326999945 ], [ -71.559481259999984, -40.984914825999965 ], [ -71.559443187999989, -40.985143253999979 ], [ -71.559195723999949, -40.985371682999983 ], [ -71.559024402999967, -40.985390717999962 ], [ -71.558815010999979, -40.985523967999939 ], [ -71.558853081999985, -40.985733360999973 ], [ -71.559024402999967, -40.98596178899993 ], [ -71.559081509999942, -40.986247323999976 ], [ -71.559024402999967, -40.986532859999954 ], [ -71.558834045999959, -40.986742251999942 ], [ -71.55864368899995, -40.986875501999975 ], [ -71.558301046999986, -40.986875501999975 ], [ -71.55801551199994, -40.986875501999975 ], [ -71.557710940999982, -40.986780323999938 ], [ -71.557368297999972, -40.986704180999936 ], [ -71.557025655999951, -40.986666108999941 ], [ -71.556816262999973, -40.986666108999941 ], [ -71.556473620999952, -40.986647073999961 ], [ -71.556264227999975, -40.986551894999934 ], [ -71.556130977999942, -40.986285395999971 ], [ -71.556137573999933, -40.986239222999984 ], [ -71.55614716499997, -40.986172088999979 ], [ -71.556188085999963, -40.985885645999929 ], [ -71.55630229999997, -40.985657217999972 ], [ -71.556492656999978, -40.985466860999964 ], [ -71.556702048999966, -40.985447824999937 ], [ -71.557044691999977, -40.985447824999937 ], [ -71.557216012999959, -40.985466860999964 ], [ -71.557444440999973, -40.985523967999939 ], [ -71.557749011999988, -40.985466860999964 ], [ -71.557882261999964, -40.985314575999951 ], [ -71.558034546999977, -40.985105182999973 ], [ -71.558110689999978, -40.984876754999959 ], [ -71.558377189999987, -40.984648326999945 ], [ -71.558605617999945, -40.984572183999944 ], [ -71.558891152999934, -40.984400862999962 ], [ -71.559138616999974, -40.984229540999934 ], [ -71.559348009999951, -40.984077255999978 ], [ -71.559538366999959, -40.983829791999938 ], [ -71.559785830999942, -40.983658470999956 ], [ -71.560033294999982, -40.983544256999949 ], [ -71.560147508999933, -40.983411006999972 ], [ -71.560318829999972, -40.983201613999938 ], [ -71.560452079999948, -40.983030292999956 ], [ -71.560604364999961, -40.982782828999973 ], [ -71.560718578999968, -40.982535364999933 ], [ -71.560832792999975, -40.982345007999982 ], [ -71.560853221999935, -40.982242865999979 ], [ -71.560889900999939, -40.982059472999936 ], [ -71.561001335999947, -40.981906248999962 ], [ -71.561042185999952, -40.981850079999958 ], [ -71.561251578999986, -40.981697794999945 ], [ -71.561327720999941, -40.981469366999931 ], [ -71.561441934999948, -40.981221902999948 ], [ -71.561556149999944, -40.980993473999945 ], [ -71.561727470999983, -40.980765045999931 ], [ -71.561829469999964, -40.980599296999969 ], [ -71.561879755999939, -40.980517581999948 ], [ -71.562070112999947, -40.98030818999996 ], [ -71.562317576999988, -40.980174939999984 ], [ -71.562622147999946, -40.980155903999957 ] ], [ [ -71.553507362999937, -40.986817416999941 ], [ -71.553389838999976, -40.986913572999981 ], [ -71.553320366999969, -40.987032669999962 ], [ -71.553256589999933, -40.987142001999985 ], [ -71.553142374999936, -40.987332358999936 ], [ -71.552837803999978, -40.987408500999948 ], [ -71.552438054999982, -40.987408500999948 ], [ -71.552209626999968, -40.987370429999942 ], [ -71.552186017999986, -40.987260254999967 ], [ -71.552152519999936, -40.987103929999932 ], [ -71.552361911999981, -40.986913572999981 ], [ -71.55245862299995, -40.98677387999993 ], [ -71.552533232999963, -40.986666108999941 ], [ -71.552678090999962, -40.986485037999955 ], [ -71.552685518999965, -40.986475752999979 ], [ -71.552875875999973, -40.986285395999971 ], [ -71.553009125999949, -40.986171181999964 ], [ -71.553218517999937, -40.986095038999963 ], [ -71.553446945999951, -40.986114073999943 ], [ -71.55361826799998, -40.986133109999969 ], [ -71.553832418999946, -40.986133109999969 ], [ -71.553941873999975, -40.986133109999969 ], [ -71.554246444999933, -40.986133109999969 ], [ -71.554360659999986, -40.986247323999976 ], [ -71.554208373999984, -40.986399609999978 ], [ -71.554018016999976, -40.986532859999954 ], [ -71.553789588999962, -40.986647073999961 ], [ -71.553599231999954, -40.986742251999942 ], [ -71.553507362999937, -40.986817416999941 ] ], [ [ -71.552095412999961, -40.994109062999939 ], [ -71.551905055999953, -40.994128098999965 ], [ -71.551695662999975, -40.994051955999964 ], [ -71.551448198999935, -40.993937741999957 ], [ -71.551257841999984, -40.993766420999975 ], [ -71.551196604999973, -40.993699616999947 ], [ -71.551048449999939, -40.993537992999961 ], [ -71.550960409999959, -40.993449952999981 ], [ -71.550896163999937, -40.993385706999959 ], [ -71.550705806999986, -40.993290528999978 ], [ -71.550515450999967, -40.993176314999971 ], [ -71.550363164999965, -40.992985957999963 ], [ -71.550172807999957, -40.992795600999955 ], [ -71.550001486999975, -40.992586207999977 ], [ -71.549982450999948, -40.992167422999955 ], [ -71.55003955799998, -40.992015137999942 ], [ -71.550191843999983, -40.991881887999966 ], [ -71.550458342999946, -40.991596352999977 ], [ -71.550743878999981, -40.991348888999937 ], [ -71.551010377999944, -40.991177567999955 ], [ -71.551333984999985, -40.991101424999954 ], [ -71.551638555999943, -40.991006245999984 ], [ -71.551924090999933, -40.990834924999945 ], [ -71.552171554999973, -40.990625532999957 ], [ -71.552419018999956, -40.99051131799996 ], [ -71.552704554999934, -40.990378068999973 ], [ -71.552875875999973, -40.990320961999942 ], [ -71.553085267999961, -40.990282889999946 ], [ -71.553159397999934, -40.990268063999963 ], [ -71.553275624999969, -40.99024481899994 ], [ -71.553485017999947, -40.990225782999971 ], [ -71.553694409999935, -40.990092532999938 ], [ -71.553751516999966, -40.989940247999982 ], [ -71.553789588999962, -40.989749890999974 ], [ -71.553846695999937, -40.989635676999967 ], [ -71.553903802999969, -40.989559533999966 ], [ -71.553960909999944, -40.989559533999966 ], [ -71.554113195999946, -40.989597604999972 ], [ -71.55434162399996, -40.989597604999972 ], [ -71.554474873999936, -40.989768926999943 ], [ -71.554627158999949, -40.98988314099995 ], [ -71.55470330199995, -40.990035425999963 ], [ -71.554741372999956, -40.990111568999964 ], [ -71.554741372999956, -40.990378068999973 ], [ -71.554844165999953, -40.990549389999956 ], [ -71.554855586999963, -40.990568424999935 ], [ -71.554912693999938, -40.990853960999971 ], [ -71.554798479999988, -40.991158531999929 ], [ -71.55460812299998, -40.991386959999943 ], [ -71.554584752999972, -40.991453174999947 ], [ -71.554508844999987, -40.991668248999929 ], [ -71.554493908999973, -40.991710566999984 ], [ -71.554398730999935, -40.991996101999973 ], [ -71.554056087999982, -40.992376815999933 ], [ -71.553561160999948, -40.992757529999949 ], [ -71.553479137999943, -40.99280226999997 ], [ -71.553142374999936, -40.992985957999963 ], [ -71.552913946999979, -40.993176314999971 ], [ -71.552685518999965, -40.993499920999966 ], [ -71.552495161999957, -40.993633170999942 ], [ -71.552304804999949, -40.993842563999976 ], [ -71.552304275999973, -40.993847322999954 ], [ -71.552285769999969, -40.994013884999958 ], [ -71.552095412999961, -40.994109062999939 ] ], [ [ -71.589495717999966, -40.822077416999946 ], [ -71.589367226999968, -40.82197747999993 ], [ -71.589267288999963, -40.821906095999964 ], [ -71.58923873599997, -40.821706220999943 ], [ -71.589210181999988, -40.821549176999952 ], [ -71.589224458999979, -40.821363578999978 ], [ -71.589281565999954, -40.821249364999971 ], [ -71.589410056999952, -40.821149426999966 ], [ -71.58953854799995, -40.821078043999933 ], [ -71.589630690999968, -40.821069 ], [ -71.589795529999947, -40.821149426999966 ], [ -71.589938296999946, -40.821163703999957 ], [ -71.590052510999953, -40.821249364999971 ], [ -71.590058615999965, -40.821322619999933 ], [ -71.590066787999945, -40.821420685999954 ], [ -71.59016672599995, -40.821506346999968 ], [ -71.590152448999959, -40.82167766799995 ], [ -71.590023957999961, -40.82186326599998 ], [ -71.589824082999939, -40.82197747999993 ], [ -71.589652761999957, -40.822048863999953 ], [ -71.589495717999966, -40.822077416999946 ] ], [ [ -71.585801689999983, -40.821961816999931 ], [ -71.585666558999947, -40.821991857999933 ], [ -71.585529854999947, -40.82198141899994 ], [ -71.585429887999965, -40.821925136999937 ], [ -71.58542412099996, -40.821776707999959 ], [ -71.585477036999976, -40.821613456999955 ], [ -71.585689661999936, -40.821595182999943 ], [ -71.585862578999979, -40.821546286999933 ], [ -71.58605744099998, -40.821528410999974 ], [ -71.586114900999974, -40.821482104999973 ], [ -71.586149365999972, -40.821377789999985 ], [ -71.586163630999977, -40.821287434999931 ], [ -71.586278550999964, -40.821194820999949 ], [ -71.586394005999978, -40.821192230999941 ], [ -71.586665837999988, -40.821172627999943 ], [ -71.586694079999972, -40.821365570999944 ], [ -71.586484951999978, -40.821473802999947 ], [ -71.586354367999945, -40.82162078999994 ], [ -71.586120495999978, -40.821626035999941 ], [ -71.58602577399995, -40.821704690999979 ], [ -71.585971634999964, -40.821836456999961 ], [ -71.585801689999983, -40.821961816999931 ] ], [ [ -71.589210181999988, -40.819793134999941 ], [ -71.58938150299997, -40.819736027999966 ], [ -71.589495717999966, -40.819764580999959 ], [ -71.589595654999982, -40.819878794999966 ], [ -71.589667038999949, -40.81996445599998 ], [ -71.58968131499995, -40.82010722299998 ], [ -71.589695591999941, -40.820235713999978 ], [ -71.589665228999934, -40.820311621999963 ], [ -71.589638484999966, -40.820378481999967 ], [ -71.589624207999975, -40.820521249999956 ], [ -71.58953854799995, -40.820606909999981 ], [ -71.589410056999952, -40.820664016999956 ], [ -71.589281565999954, -40.82074967799997 ], [ -71.58919590499994, -40.820806784999945 ], [ -71.589010306999967, -40.820835338999984 ], [ -71.588900254999942, -40.820749742999965 ], [ -71.588896327999976, -40.820746687999929 ], [ -71.588881816999958, -40.820735400999979 ], [ -71.588881816999958, -40.820492695999974 ], [ -71.588810432999935, -40.820378481999967 ], [ -71.588810432999935, -40.820192883999937 ], [ -71.588867539999967, -40.820092946999978 ], [ -71.589095967999981, -40.819907348999948 ], [ -71.589210181999988, -40.819793134999941 ] ] ] } },
{ "type": "Feature", "properties": { "gid": 41384, "entidad": 3.0, "objeto": "Espejo de agua perenne", "fna": "Lago Nahuel Huapi", "gna": "Lago", "nam": "Nahuel Huapi", "sag": "IGN" }, "geometry": { "type": "Polygon", "coordinates": [ [ [ -71.460070215999963, -41.009129601999973 ], [ -71.459704499999987, -41.009225020999963 ], [ -71.45896044999995, -41.009204366999938 ], [ -71.458354090999933, -41.009838545999969 ], [ -71.458240738999962, -41.00989887999998 ], [ -71.457984038999939, -41.01003551499997 ], [ -71.456525706999969, -41.009733494999978 ], [ -71.456414379999956, -41.009752030999948 ], [ -71.456252271999972, -41.009779021999975 ], [ -71.456215621999945, -41.009785123999961 ], [ -71.455534512999975, -41.010087754999972 ], [ -71.455357446999983, -41.01040459799998 ], [ -71.455239166999945, -41.010616249999941 ], [ -71.45520610799997, -41.010616954999932 ], [ -71.455109577999963, -41.010849686999961 ], [ -71.455001402999983, -41.010985393999931 ], [ -71.454930936999972, -41.011120296999934 ], [ -71.454718828999944, -41.01150596399998 ], [ -71.454675975999976, -41.011706978999939 ], [ -71.454265439999972, -41.012064049999935 ], [ -71.45385794799995, -41.012410200999966 ], [ -71.45362750299995, -41.01260595399998 ], [ -71.453331200999969, -41.012610649999942 ], [ -71.452991035999958, -41.01274338099995 ], [ -71.45282035799994, -41.012889945999973 ], [ -71.452798044999952, -41.012966649999953 ], [ -71.452739434999955, -41.013082241999939 ], [ -71.452729338999973, -41.013149157999976 ], [ -71.452665442999944, -41.01333047199995 ], [ -71.452629635999983, -41.013513370999931 ], [ -71.452410440999984, -41.01370861099997 ], [ -71.452278175999936, -41.013873413999931 ], [ -71.452259394999942, -41.014045329999931 ], [ -71.452089565999984, -41.014553964999948 ], [ -71.451948406999975, -41.015157275999968 ], [ -71.450946859999988, -41.016186256999958 ], [ -71.450640945999965, -41.016538169999933 ], [ -71.450517711999964, -41.016607491999935 ], [ -71.450261847999968, -41.016832093999938 ], [ -71.449635919999935, -41.017255138999985 ], [ -71.449095157999977, -41.017600140999946 ], [ -71.448432913999966, -41.01806206599997 ], [ -71.447812605999957, -41.018637440999953 ], [ -71.44735641699998, -41.019228382999984 ], [ -71.447089493999954, -41.019834359999948 ], [ -71.446864864999952, -41.020563310999933 ], [ -71.44685934499995, -41.020754001999933 ], [ -71.446447633999981, -41.020986303999962 ], [ -71.446245155999975, -41.021083268999973 ], [ -71.445559870999944, -41.021250782999971 ], [ -71.445042100999956, -41.021387839999932 ], [ -71.444554786999959, -41.021829467999964 ], [ -71.44428067299998, -41.022240638999961 ], [ -71.444037015999982, -41.022743180999953 ], [ -71.443625844999985, -41.023184808999929 ], [ -71.443326303999982, -41.02336745599996 ], [ -71.443320197999981, -41.023373278999941 ], [ -71.442603795999958, -41.024074536999933 ], [ -71.442151649999971, -41.024436684999955 ], [ -71.441673298999945, -41.024770799999942 ], [ -71.441176232999965, -41.024870910999937 ], [ -71.441172791999975, -41.024875055999985 ], [ -71.440867006999952, -41.025083276999965 ], [ -71.440335541999957, -41.025342282999929 ], [ -71.439189379999959, -41.025949344999958 ], [ -71.438817608999955, -41.026146252999979 ], [ -71.438502320999987, -41.026467373999935 ], [ -71.43788669099996, -41.026832964999983 ], [ -71.437470812999948, -41.027156212999955 ], [ -71.437243873999932, -41.027484988999959 ], [ -71.43687175499997, -41.027605480999966 ], [ -71.436654216999955, -41.027756651999937 ], [ -71.436373282999966, -41.027790247999974 ], [ -71.43591140999996, -41.028160113999945 ], [ -71.43582474699997, -41.028229512999985 ], [ -71.435470883999983, -41.028199024999935 ], [ -71.435271821999947, -41.028260405999958 ], [ -71.434765996999943, -41.028535504999979 ], [ -71.434202372999948, -41.028646454999944 ], [ -71.433833965999952, -41.028892830999951 ], [ -71.433673315999954, -41.029084183999942 ], [ -71.433544544999961, -41.029321914999969 ], [ -71.432874488999971, -41.030052884999975 ], [ -71.432356717999937, -41.030448827999976 ], [ -71.431705158999989, -41.030695148999939 ], [ -71.431695869999942, -41.030698660999974 ], [ -71.431107976999954, -41.030920912999932 ], [ -71.430087663999984, -41.031225483999947 ], [ -71.429082579999942, -41.031332083999985 ], [ -71.428336380999951, -41.031301626999948 ], [ -71.427788152999938, -41.031088426999929 ], [ -71.427126747999978, -41.030890714999941 ], [ -71.426724393999962, -41.030899191999936 ], [ -71.42630491999995, -41.030784155999982 ], [ -71.426040176999948, -41.030770674999985 ], [ -71.425749585999938, -41.030738679999956 ], [ -71.425460394999959, -41.030744769999956 ], [ -71.425220798999987, -41.030730756999958 ], [ -71.424981201999969, -41.03071674399996 ], [ -71.424492581999971, -41.030774672999939 ], [ -71.423752837999984, -41.030847412999947 ], [ -71.422746501999939, -41.031119485999966 ], [ -71.422350878999964, -41.03139145199998 ], [ -71.422041424999975, -41.031531360999963 ], [ -71.421834652999962, -41.031726281999966 ], [ -71.421606573999952, -41.03202646699998 ], [ -71.421476289999987, -41.03224836499993 ], [ -71.421168914999953, -41.032788432999951 ], [ -71.420603348999975, -41.033327249999957 ], [ -71.420246520999967, -41.033539583999982 ], [ -71.419898897999985, -41.033844217999956 ], [ -71.419615620999934, -41.03401215599996 ], [ -71.419373553999947, -41.034274514999936 ], [ -71.419100039999933, -41.034709050999936 ], [ -71.418896368999981, -41.03533269199994 ], [ -71.418841168999961, -41.03554348199998 ], [ -71.418665822999969, -41.035566220999954 ], [ -71.418437995999966, -41.035406982999973 ], [ -71.418099644999984, -41.035225546999982 ], [ -71.417578072999959, -41.035258830999965 ], [ -71.416640991999941, -41.035502529999974 ], [ -71.415380051999989, -41.035187536999956 ], [ -71.415002817999948, -41.035195446999978 ], [ -71.414657512999952, -41.035393885999952 ], [ -71.414580028999978, -41.035364708999964 ], [ -71.414560252999934, -41.035392395999963 ], [ -71.414046289999987, -41.035297216999936 ], [ -71.413579914999957, -41.035192520999942 ], [ -71.413123058999986, -41.035163967999949 ], [ -71.412799451999945, -41.035040235999929 ], [ -71.412342595999974, -41.034811806999983 ], [ -71.411933327999975, -41.034478682999975 ], [ -71.411581167999941, -41.034117004999985 ], [ -71.411381292999977, -41.033698219999962 ], [ -71.41136225799994, -41.033374612999978 ], [ -71.411385716999973, -41.033260665999933 ], [ -71.411428882999985, -41.033051005999937 ], [ -71.411600203999967, -41.032774988999961 ], [ -71.411638274999973, -41.032508488999952 ], [ -71.411614159999942, -41.032340918999978 ], [ -71.41058716699996, -41.031855227999984 ], [ -71.410391437999976, -41.03180416899994 ], [ -71.410020241999973, -41.031670918999964 ], [ -71.40964904599997, -41.031547186999944 ], [ -71.409515795999937, -41.03146152599993 ], [ -71.409249295999984, -41.031404418999955 ], [ -71.40889713599995, -41.031518632999962 ], [ -71.408497386999954, -41.031642364999982 ], [ -71.408164261999957, -41.03158525799995 ], [ -71.407840654999973, -41.031366347999949 ], [ -71.407659815999978, -41.031137919999935 ], [ -71.407498012999952, -41.03095708099994 ], [ -71.407288619999974, -41.030871419999983 ], [ -71.407003084999985, -41.030652509999982 ], [ -71.406774656999971, -41.030414562999965 ], [ -71.406603335999989, -41.030176616999938 ], [ -71.406355871999949, -41.02996722499995 ], [ -71.406013228999939, -41.029710242999954 ], [ -71.405775282999969, -41.029491332999953 ], [ -71.405556372999968, -41.02924386899997 ], [ -71.405213729999957, -41.029224832999944 ], [ -71.404794944999935, -41.029339046999951 ], [ -71.404395195999939, -41.029795903999968 ], [ -71.404166767999982, -41.030195652999964 ], [ -71.403824124999971, -41.030576366999981 ], [ -71.403224500999954, -41.03061443799993 ], [ -71.402643912999963, -41.030557330999955 ], [ -71.40241548399996, -41.030395527999985 ], [ -71.40178730699995, -41.030167099999971 ], [ -71.40152080699994, -41.02996722499995 ], [ -71.400978289999955, -41.029881563999936 ], [ -71.400445290999983, -41.029776867999942 ], [ -71.400150236999934, -41.029681688999972 ], [ -71.399798076999957, -41.029700724999941 ], [ -71.399474470999962, -41.029891081999949 ], [ -71.399293630999978, -41.03023372399997 ], [ -71.399312666999947, -41.030604919999973 ], [ -71.399360255999966, -41.030919008999945 ], [ -71.399364654999943, -41.030927664999979 ], [ -71.399401085999955, -41.030999354999949 ], [ -71.399518754999974, -41.031230909999977 ], [ -71.399755808999942, -41.031521360999932 ], [ -71.399968753999985, -41.031840900999953 ], [ -71.400043637999943, -41.032301 ], [ -71.400015083999961, -41.032672195999965 ], [ -71.399967494999942, -41.033224230999963 ], [ -71.399748583999951, -41.033690604999947 ], [ -71.399491602999944, -41.034233121999932 ], [ -71.399329798999986, -41.034651907999944 ], [ -71.399253656999974, -41.035146834999978 ], [ -71.399415459999943, -41.035527548999937 ], [ -71.399700994999989, -41.035851155999978 ], [ -71.399819015999981, -41.036302301999967 ], [ -71.399956072999942, -41.037033271999974 ], [ -71.40019972999994, -41.037642413999947 ], [ -71.400595672999941, -41.038266784999962 ], [ -71.400747957999954, -41.038769326999955 ], [ -71.400915471999951, -41.03974395399996 ], [ -71.401174356999945, -41.040870866999967 ], [ -71.401098214999934, -41.04148000899994 ], [ -71.400976385999968, -41.041982550999933 ], [ -71.400915471999951, -41.04278966399994 ], [ -71.400824100999955, -41.043307434999974 ], [ -71.400854557999935, -41.043825205999951 ], [ -71.400793643999975, -41.044556175999958 ], [ -71.400641357999973, -41.045226231999948 ], [ -71.400412929999959, -41.045744002999982 ], [ -71.400108107999984, -41.045999374999951 ], [ -71.399699397999939, -41.046223969999971 ], [ -71.399442415999943, -41.046381014999952 ], [ -71.399228264999977, -41.046552335999934 ], [ -71.399142603999962, -41.046766486999957 ], [ -71.398828078999941, -41.04690536399994 ], [ -71.398638803999972, -41.046988936999981 ], [ -71.398296160999962, -41.047245918999977 ], [ -71.398268854999969, -41.047281152999972 ], [ -71.398119129999941, -41.047474346999934 ], [ -71.397976361999952, -41.047777014999951 ], [ -71.39794434099997, -41.047824566999964 ], [ -71.398021186999983, -41.04786108199994 ], [ -71.398011722999968, -41.047947036999972 ], [ -71.397902490999968, -41.048063515999957 ], [ -71.397716592999984, -41.04814592799994 ], [ -71.397639927999933, -41.048111860999938 ], [ -71.397563262999938, -41.048077793999937 ], [ -71.397398211999985, -41.048036037999964 ], [ -71.397281513999985, -41.048051805999933 ], [ -71.397173733999978, -41.048141100999942 ], [ -71.396967694999944, -41.048311800999954 ], [ -71.396843996999962, -41.048371546999931 ], [ -71.396602319999943, -41.048301663999951 ], [ -71.396421000999965, -41.048161188999984 ], [ -71.396365507999974, -41.048019412999963 ], [ -71.396259360999977, -41.047869162999973 ], [ -71.39610532599994, -41.047786608999957 ], [ -71.396027789999948, -41.047731049999982 ], [ -71.395998488999965, -41.047617314999968 ], [ -71.395907339999951, -41.047533452999971 ], [ -71.395741073999943, -41.047460681999951 ], [ -71.395538805999934, -41.047436302999984 ], [ -71.395126528999981, -41.047521105999976 ], [ -71.394843819999949, -41.047708029999967 ], [ -71.394715143999974, -41.047977507999974 ], [ -71.394616562999943, -41.048161534999963 ], [ -71.394502348999936, -41.048549862999948 ], [ -71.394418591999965, -41.048945805999949 ], [ -71.394422640999949, -41.049308958999973 ], [ -71.39435601699995, -41.049746779999964 ], [ -71.394289391999962, -41.050156046999973 ], [ -71.39413710599996, -41.050355921999937 ], [ -71.394079998999985, -41.050565313999982 ], [ -71.39413710599996, -41.050831813999935 ], [ -71.39401337399994, -41.051288669999963 ], [ -71.393651695999949, -41.051678901999935 ], [ -71.393451820999985, -41.051897811999936 ], [ -71.392985446999944, -41.052183347999971 ], [ -71.392347750999988, -41.052411775999985 ], [ -71.392138358999944, -41.052411775999985 ], [ -71.391843305999942, -41.052621168999963 ], [ -71.391291270999943, -41.053068506999978 ], [ -71.390834413999983, -41.053201756999954 ], [ -71.390396592999934, -41.053249345999973 ], [ -71.389835040999969, -41.053249345999973 ], [ -71.389473362999979, -41.053135131999966 ], [ -71.389340112999946, -41.053020917999959 ], [ -71.389187826999944, -41.052935256999945 ], [ -71.388911809999968, -41.052782971999932 ], [ -71.388759523999965, -41.052668757999982 ], [ -71.388711934999947, -41.052335632999984 ], [ -71.38877453799995, -41.052229207999972 ], [ -71.388730970999973, -41.052050097999938 ], [ -71.388616756999966, -41.051973954999937 ], [ -71.388445434999937, -41.051888294999969 ], [ -71.388236042999949, -41.051888294999969 ], [ -71.387935143999982, -41.051920217999964 ], [ -71.387637840999957, -41.051878736999981 ], [ -71.387217633999967, -41.051954918999968 ], [ -71.386737486999948, -41.051868811999952 ], [ -71.386399098999959, -41.051907329999949 ], [ -71.386232435999943, -41.051866423999968 ], [ -71.386123080999937, -41.051888294999969 ], [ -71.386062125999956, -41.051917320999962 ], [ -71.385923206999962, -41.05210720499997 ], [ -71.385685260999935, -41.052402257999972 ], [ -71.385380689999977, -41.052697310999974 ], [ -71.385009493999974, -41.05287814999997 ], [ -71.38465733399994, -41.052868632999946 ], [ -71.384371797999961, -41.052830560999951 ], [ -71.384086262999972, -41.052868632999946 ], [ -71.383943494999983, -41.052897185999939 ], [ -71.383558338999933, -41.05304354499998 ], [ -71.383467602999986, -41.053078024999934 ], [ -71.383382392999977, -41.053148018999934 ], [ -71.383201102999976, -41.053296934999935 ], [ -71.382925085999943, -41.05345873899995 ], [ -71.382725210999979, -41.053630059999932 ], [ -71.382382568999958, -41.05396318499993 ], [ -71.382068479999987, -41.054096433999973 ], [ -71.381963783999936, -41.054115469999942 ], [ -71.381735354999932, -41.054191612999944 ], [ -71.38156403399995, -41.054248719999975 ], [ -71.381107177999979, -41.054343897999956 ], [ -71.380659838999975, -41.054477147999933 ], [ -71.380298160999985, -41.054629433999935 ], [ -71.380069732999971, -41.054753165999955 ], [ -71.379822268999988, -41.054857861999949 ], [ -71.379441554999971, -41.054943521999974 ], [ -71.379194090999988, -41.054762682999979 ], [ -71.378870483999947, -41.054543772999978 ], [ -71.378699162999965, -41.054343897999956 ], [ -71.37861350299994, -41.05421064899997 ], [ -71.37875626999994, -41.054020291999962 ], [ -71.379136983999956, -41.053877523999972 ], [ -71.379346376999933, -41.053753791999952 ], [ -71.379812750999974, -41.053649095999958 ], [ -71.379887948999965, -41.053628415999981 ], [ -71.379964646999952, -41.053590721999967 ], [ -71.380009122999979, -41.053427814999964 ], [ -71.380030502999944, -41.053322557999934 ], [ -71.380023978999986, -41.053141646999961 ], [ -71.380008310999983, -41.053056212999934 ], [ -71.37980225299998, -41.052927068999963 ], [ -71.379522100999964, -41.052837569999951 ], [ -71.379520040999978, -41.052780439999935 ], [ -71.379581214999973, -41.052731532999985 ], [ -71.379639642999962, -41.052606452999953 ], [ -71.379634836999969, -41.052473149999969 ], [ -71.379592296999988, -41.052340627999968 ], [ -71.379377096999974, -41.052306958999964 ], [ -71.379248569999959, -41.052233383999976 ], [ -71.379129876999968, -41.052083376999974 ], [ -71.379065269999955, -41.052037067999947 ], [ -71.378909872999941, -41.05191640399994 ], [ -71.378760309999961, -41.051957607999952 ], [ -71.378698105999945, -41.05197794999998 ], [ -71.378549914999951, -41.052057239999954 ], [ -71.378426192999939, -41.052116966999961 ], [ -71.378339861999962, -41.052166392999936 ], [ -71.37818892599995, -41.052169509999942 ], [ -71.378123633999962, -41.052104156999974 ], [ -71.377899525999965, -41.052076266999961 ], [ -71.377721066999982, -41.052069127999971 ], [ -71.377595617999987, -41.051991184999963 ], [ -71.377462029999947, -41.051908183999956 ], [ -71.377333506999946, -41.051834606999932 ], [ -71.377226023999981, -41.051646251999955 ], [ -71.377242312999954, -41.051478623999969 ], [ -71.377257071999964, -41.051326735999965 ], [ -71.377295616999959, -41.051099267999973 ], [ -71.377397093999946, -41.050999793999949 ], [ -71.377320165999947, -41.05075362499997 ], [ -71.377183108999986, -41.050327225999979 ], [ -71.376771937999933, -41.049976968999943 ], [ -71.376330309999958, -41.049718083999949 ], [ -71.375705938999943, -41.049428740999986 ], [ -71.375218625999935, -41.049230769999951 ], [ -71.374961516999974, -41.04915932199998 ], [ -71.374462135999977, -41.04945212299998 ], [ -71.374233707999963, -41.049699586999964 ], [ -71.373472280999977, -41.050251621999962 ], [ -71.372806031999971, -41.050613299999952 ], [ -71.372406281999986, -41.050746549999985 ], [ -71.371816175999982, -41.050974977999942 ], [ -71.371149926999976, -41.051222441999982 ], [ -71.369969713999978, -41.051527012999941 ], [ -71.369265393999967, -41.051584119999973 ], [ -71.368123251999975, -41.051926761999937 ], [ -71.366943039999967, -41.052231332999952 ], [ -71.365915112999971, -41.05242168999996 ], [ -71.365001399999983, -41.052764332999971 ], [ -71.364316114999951, -41.053011796999954 ], [ -71.363668900999983, -41.053278295999974 ], [ -71.363066241999945, -41.053525220999973 ], [ -71.362533242999973, -41.053738420999935 ], [ -71.361619529999984, -41.054073448999929 ], [ -71.360538302999942, -41.054271419999964 ], [ -71.359487532999935, -41.054515076999962 ], [ -71.358741333999944, -41.054697819999944 ], [ -71.357751477999955, -41.054865333999942 ], [ -71.357325078999963, -41.055017618999955 ], [ -71.357096650999949, -41.055276504999938 ], [ -71.356411365999975, -41.055504932999952 ], [ -71.355954508999957, -41.055535389999932 ], [ -71.354690539999979, -41.055733360999966 ], [ -71.353913883999951, -41.055946560999985 ], [ -71.353670226999952, -41.056220674999963 ], [ -71.353259055999956, -41.057119158999967 ], [ -71.352954484999941, -41.058063328999935 ], [ -71.352832656999965, -41.059144555999978 ], [ -71.352756513999964, -41.060271468999929 ], [ -71.352726056999984, -41.061550666999949 ], [ -71.352634684999941, -41.062312094999982 ], [ -71.352451942999949, -41.062631893999935 ], [ -71.352147371999934, -41.06325626499995 ], [ -71.351949400999956, -41.063880635999965 ], [ -71.351690514999973, -41.064444091999974 ], [ -71.351172744999985, -41.06491617699993 ], [ -71.350472230999969, -41.065251204999981 ], [ -71.350314852999986, -41.065220744999976 ], [ -71.350170265999964, -41.065274874999943 ], [ -71.349806440999942, -41.065310884999974 ], [ -71.349680292999949, -41.065303928999981 ], [ -71.349503144999971, -41.065278956999975 ], [ -71.348747673999981, -41.06524613199997 ], [ -71.348639574999936, -41.065153799999962 ], [ -71.348507747999975, -41.06517506199998 ], [ -71.348081348999983, -41.065083690999984 ], [ -71.347548349999954, -41.064931405999971 ], [ -71.346741235999957, -41.065053233999947 ], [ -71.345812294999973, -41.065403490999984 ], [ -71.344761524999967, -41.065875575999939 ], [ -71.344152382999937, -41.066347660999952 ], [ -71.34366506899994, -41.066682688999947 ], [ -71.343055926999966, -41.06686543099994 ], [ -71.342218356999979, -41.066880659999981 ], [ -71.341700585999945, -41.066667459999962 ], [ -71.340984843999934, -41.066408574999969 ], [ -71.340330016999985, -41.066439031999948 ], [ -71.339690417999975, -41.066713145999984 ], [ -71.339020360999939, -41.066819745999965 ], [ -71.33810664799995, -41.067002487999957 ], [ -71.337284306999948, -41.066941573999941 ], [ -71.33615739399994, -41.066956802999982 ], [ -71.335030480999933, -41.067307058999972 ], [ -71.33407108199998, -41.067459344999975 ], [ -71.333203054999956, -41.067276601999936 ], [ -71.332091370999933, -41.067276601999936 ], [ -71.33113197199998, -41.06747457299997 ], [ -71.33052282999995, -41.067626858999972 ], [ -71.330081201999974, -41.067398430999958 ], [ -71.329548202999945, -41.066926345999946 ], [ -71.328939060999971, -41.066530402999945 ], [ -71.328177632999939, -41.065723289999937 ], [ -71.327538033999986, -41.065373032999958 ], [ -71.327081177999958, -41.064931405999971 ], [ -71.326091321999968, -41.064718205999952 ], [ -71.325466950999953, -41.064809576999949 ], [ -71.324477095999953, -41.064657291999936 ], [ -71.323700439999982, -41.064291805999972 ], [ -71.323258811999949, -41.06392632099994 ], [ -71.323076068999967, -41.063682663999941 ], [ -71.322786726999936, -41.063515149999944 ], [ -71.322040527999945, -41.063515149999944 ], [ -71.321202956999969, -41.063317178999966 ], [ -71.320441529999982, -41.062997379999956 ], [ -71.319588730999953, -41.062403465999978 ], [ -71.318903445999979, -41.062205494999944 ], [ -71.318279075999953, -41.06191615299997 ], [ -71.317548104999958, -41.061870466999949 ], [ -71.316086163999955, -41.061855237999964 ], [ -71.314563308999936, -41.061702952999951 ], [ -71.313223196999957, -41.061504981999974 ], [ -71.311943998999936, -41.061139495999953 ], [ -71.311152113999981, -41.060911067999939 ], [ -71.309949058999962, -41.060971981999955 ], [ -71.308654631999957, -41.061322238999935 ], [ -71.307101319999958, -41.061900923999985 ], [ -71.306065777999947, -41.062388237999983 ], [ -71.305121607999979, -41.062692808999941 ], [ -71.304375408999988, -41.062829865999959 ], [ -71.303446467999947, -41.063012607999951 ], [ -71.302761182999973, -41.063469464999969 ], [ -71.302350011999977, -41.063652206999961 ], [ -71.301740869999946, -41.063682663999941 ], [ -71.301162184999953, -41.063758806999942 ], [ -71.300537813999938, -41.063941549999981 ], [ -71.299487043999989, -41.06418520699998 ], [ -71.298664702999986, -41.064367948999973 ], [ -71.297948960999975, -41.064230891999955 ], [ -71.297035247999986, -41.064032920999978 ], [ -71.295908334999979, -41.064017691999936 ], [ -71.295558077999942, -41.063987234999956 ], [ -71.29438547999996, -41.064017691999936 ], [ -71.293730651999965, -41.064093834999937 ], [ -71.293349938999938, -41.064169977999939 ], [ -71.292207796999946, -41.064261348999935 ], [ -71.290684941999984, -41.064428862999932 ], [ -71.289695085999938, -41.064444091999974 ], [ -71.288461573999939, -41.064657291999936 ], [ -71.288065631999984, -41.064581148999935 ], [ -71.287426031999985, -41.064550691999955 ], [ -71.286527547999981, -41.064687748999972 ], [ -71.285750891999953, -41.064977090999946 ], [ -71.284761035999963, -41.065190290999965 ], [ -71.283938693999971, -41.065479632999939 ], [ -71.283162037999944, -41.065647146999936 ], [ -71.282446295999989, -41.065540547999944 ], [ -71.281408044999978, -41.065730069999972 ], [ -71.28060364199996, -41.065906032999976 ], [ -71.279842213999984, -41.066012632999957 ], [ -71.279156929999942, -41.06619537499995 ], [ -71.278502101999948, -41.066210603999934 ], [ -71.27702493299995, -41.06648471799997 ], [ -71.275212734999968, -41.066560859999981 ], [ -71.273872622999988, -41.066286746999936 ], [ -71.272410681999986, -41.066043089999937 ], [ -71.271085797999945, -41.066058317999932 ], [ -71.269867513999941, -41.066347660999952 ], [ -71.269136542999945, -41.066332431999967 ], [ -71.267689830999984, -41.066439031999948 ], [ -71.265984232999983, -41.066378117999932 ], [ -71.265527376999955, -41.066271517999951 ], [ -71.263501979999944, -41.066210603999934 ], [ -71.261902981999981, -41.066104003999953 ], [ -71.260974039999951, -41.066149689999975 ], [ -71.258583157999965, -41.066317203999972 ], [ -71.256177046999937, -41.066774059999943 ], [ -71.253938449999964, -41.067139544999975 ], [ -71.252765851999982, -41.067611629999931 ], [ -71.251730309999971, -41.067748686999948 ], [ -71.25101456799996, -41.067763915999933 ], [ -71.249811512999941, -41.068220771999961 ], [ -71.249050084999965, -41.068357828999979 ], [ -71.247938400999942, -41.068205543999966 ], [ -71.246720116999938, -41.068205543999966 ], [ -71.245014518999938, -41.068403514999943 ], [ -71.243918063999956, -41.068494885999939 ], [ -71.242486579999934, -41.068296914999962 ], [ -71.241481495999949, -41.068357828999979 ], [ -71.240537325999981, -41.068022800999984 ], [ -71.240050011999983, -41.068038029999968 ], [ -71.239242898999976, -41.068053257999964 ], [ -71.23819212899997, -41.068312143999947 ], [ -71.23723272999996, -41.068555800999945 ], [ -71.236501759999953, -41.068479657999944 ], [ -71.235938302999955, -41.068327371999942 ], [ -71.235496674999979, -41.068327371999942 ], [ -71.235176875999969, -41.068342600999983 ], [ -71.234811390999937, -41.068281686999967 ], [ -71.23266416499996, -41.068312143999947 ], [ -71.23135450999996, -41.068159857999945 ], [ -71.229862111999978, -41.067931429999931 ], [ -71.227912856999978, -41.067550715999971 ], [ -71.226161573999946, -41.067398430999958 ], [ -71.223801148999939, -41.066926345999946 ], [ -71.22249149299995, -41.066652231999967 ], [ -71.221334123999952, -41.066271517999951 ], [ -71.221135255999968, -41.066173524999954 ], [ -71.221082545999934, -41.066147551999961 ], [ -71.220909021999944, -41.066022747999966 ], [ -71.220626125999956, -41.065847154999972 ], [ -71.220331611999939, -41.065700370999934 ], [ -71.219886113999962, -41.065556496999932 ], [ -71.219528371999957, -41.065401400999974 ], [ -71.21924964699997, -41.065349598999944 ], [ -71.218984144999979, -41.065316598999971 ], [ -71.218681216999983, -41.065293847999953 ], [ -71.218467643999986, -41.065307489999952 ], [ -71.218343104999974, -41.065348003999929 ], [ -71.218155975999935, -41.065399251999963 ], [ -71.218019173999949, -41.065449530999956 ], [ -71.217843986999981, -41.065481490999957 ], [ -71.217617510999958, -41.065485850999949 ], [ -71.217461336999975, -41.065455472999929 ], [ -71.217383311999981, -41.065386015999934 ], [ -71.217147745999966, -41.065278939999985 ], [ -71.21666670999997, -41.065099748999955 ], [ -71.216134053999951, -41.064716596999972 ], [ -71.216018202999976, -41.064609751999967 ], [ -71.215598715999988, -41.064201043999958 ], [ -71.215227520999974, -41.063958338999953 ], [ -71.214592203999985, -41.063637111999981 ], [ -71.213788102999956, -41.063315475999957 ], [ -71.21347583499994, -41.063154722999968 ], [ -71.212917405999974, -41.062927231999936 ], [ -71.212376302999985, -41.062747049999984 ], [ -71.211385675999963, -41.062301541999943 ], [ -71.210438254999985, -41.061736086999929 ], [ -71.209890391999977, -41.061353533999977 ], [ -71.209405042999947, -41.060957869999982 ], [ -71.208878372999948, -41.06067332799995 ], [ -71.208719766999934, -41.060483266999938 ], [ -71.208441474999972, -41.060149783999975 ], [ -71.208278810999957, -41.060040237999942 ], [ -71.208008412999959, -41.05965452099997 ], [ -71.207952809999938, -41.059413456999948 ], [ -71.207483610999986, -41.059029385999963 ], [ -71.206402502999936, -41.058228235999934 ], [ -71.204428057999962, -41.057063022999955 ], [ -71.202980962999959, -41.056137822999972 ], [ -71.202165063999985, -41.055736536999973 ], [ -71.201521778999961, -41.055276504999938 ], [ -71.201204171999962, -41.055355665999969 ], [ -71.200897945999941, -41.055260056999941 ], [ -71.200349180999979, -41.054987161999975 ], [ -71.199861866999981, -41.054697819999944 ], [ -71.198872011999981, -41.054271419999964 ], [ -71.198110583999949, -41.05369273499997 ], [ -71.197501441999975, -41.053190192999978 ], [ -71.197135956999944, -41.05241353699995 ], [ -71.196709557999952, -41.051728251999975 ], [ -71.196009043999936, -41.051180023999962 ], [ -71.19524761699995, -41.050601339999957 ], [ -71.194394817999978, -41.050190168999961 ], [ -71.193450647999953, -41.049885597999946 ], [ -71.192384648999962, -41.049672397999984 ], [ -71.190998850999961, -41.04944396999997 ], [ -71.190580580999949, -41.04922051099993 ], [ -71.190197018999982, -41.049106317999986 ], [ -71.189681878999977, -41.048944590999952 ], [ -71.189012003999949, -41.048671456999955 ], [ -71.188340239999945, -41.048341180999955 ], [ -71.187823689999959, -41.048136592999981 ], [ -71.187461403999976, -41.04802912699995 ], [ -71.18725385099998, -41.048033067999938 ], [ -71.186987327999987, -41.047966661999965 ], [ -71.186320783999975, -41.047793500999944 ], [ -71.185577824999939, -41.047593199999937 ], [ -71.185176389999981, -41.047443588999954 ], [ -71.184892201999958, -41.047311972999978 ], [ -71.184557173999963, -41.047159686999976 ], [ -71.184024174999934, -41.046961715999942 ], [ -71.18341503299996, -41.046900801999982 ], [ -71.182874528999946, -41.04655766299993 ], [ -71.182405649999964, -41.046361712999953 ], [ -71.180848087999948, -41.045660608999981 ], [ -71.18068012599997, -41.045515136999938 ], [ -71.180523081999979, -41.045310502999939 ], [ -71.180249765999974, -41.045117965999964 ], [ -71.179880626999989, -41.044872681999948 ], [ -71.178947878999963, -41.044415825999977 ], [ -71.178941325999972, -41.044413553999959 ], [ -71.178191639999966, -41.044296719999977 ], [ -71.177460669999959, -41.044159662999959 ], [ -71.176379442999973, -41.04383986299996 ], [ -71.17580075799998, -41.043535291999945 ], [ -71.175404814999979, -41.04316980699997 ], [ -71.174734758999989, -41.042789092999953 ], [ -71.174019016999978, -41.042469293999943 ], [ -71.172678904999941, -41.042545435999955 ], [ -71.171643362999987, -41.042652035999936 ], [ -71.170851478999964, -41.043291634999946 ], [ -71.170394621999947, -41.04380940599998 ], [ -71.169968222999955, -41.044433776999938 ], [ -71.169815936999953, -41.045073375999948 ], [ -71.169678879999935, -41.045636831999957 ], [ -71.169404766999946, -41.045743431999938 ], [ -71.16899359599995, -41.045789117999959 ], [ -71.168293081999934, -41.045636831999957 ], [ -71.167577340999969, -41.04543886099998 ], [ -71.166693653999971, -41.04521056599998 ], [ -71.165894154999933, -41.045077315999947 ], [ -71.165537235999977, -41.044996413999968 ], [ -71.16542302199997, -41.044967860999975 ], [ -71.165208870999948, -41.044891717999974 ], [ -71.164956647999986, -41.044853646999968 ], [ -71.163681256999951, -41.044653771999947 ], [ -71.163086390999979, -41.044563351999955 ], [ -71.162715195999965, -41.044577628999946 ], [ -71.162330045999965, -41.044645400999968 ], [ -71.162053704999948, -41.044739431999972 ], [ -71.161791964999964, -41.044839369999977 ], [ -71.161525464999954, -41.045020208999972 ], [ -71.161154268999951, -41.045396163999953 ], [ -71.160863974999984, -41.045748323999931 ], [ -71.160526090999952, -41.046124278999969 ], [ -71.160264350999967, -41.046395536999967 ], [ -71.160021645999961, -41.046604929999944 ], [ -71.159698038999977, -41.046838116999936 ], [ -71.159322083999939, -41.047014196999953 ], [ -71.158850950999977, -41.047218830999952 ], [ -71.158508308999956, -41.047390151999934 ], [ -71.158222772999977, -41.047585267999978 ], [ -71.158018139999967, -41.047789900999931 ], [ -71.157865853999965, -41.047970740999972 ], [ -71.157646943999964, -41.048161096999934 ], [ -71.157185327999969, -41.04839904399995 ], [ -71.156728471999941, -41.048598917999982 ], [ -71.156385828999987, -41.048755962999962 ], [ -71.156119329999967, -41.04884162299993 ], [ -71.155805240999939, -41.049022461999982 ], [ -71.155543499999965, -41.049227095999981 ], [ -71.155277, -41.049398416999964 ], [ -71.155015259999971, -41.049555461999944 ], [ -71.154744000999983, -41.049793407999971 ], [ -71.154586956999935, -41.04995521099994 ], [ -71.154306179999935, -41.05014080899997 ], [ -71.154034921999937, -41.050407308999979 ], [ -71.153882635999935, -41.050607182999954 ], [ -71.153758903999972, -41.050773745999948 ], [ -71.153587582999933, -41.05094506699993 ], [ -71.153411502999973, -41.05113066499996 ], [ -71.15319735199995, -41.051230601999976 ], [ -71.15305458399996, -41.051316262999933 ], [ -71.152702423999983, -41.051330538999935 ], [ -71.15247399499998, -41.051349574999961 ], [ -71.152312191999954, -41.051449512999966 ], [ -71.152174182999943, -41.05161607499997 ], [ -71.152031415999943, -41.051930163999941 ], [ -71.151831540999979, -41.052639242999931 ], [ -71.151703049999981, -41.052943813999946 ], [ -71.151626906999979, -41.053310250999971 ], [ -71.151726844999985, -41.05375283099994 ], [ -71.151974308999968, -41.054166856999984 ], [ -71.152038059999938, -41.054588698999964 ], [ -71.151895191999984, -41.054858089999982 ], [ -71.152073978999965, -41.055007523999961 ], [ -71.152505217999988, -41.055367962999981 ], [ -71.152692310999953, -41.05552433899993 ], [ -71.15282597099997, -41.055638126999952 ], [ -71.152873560999979, -41.055768997999962 ], [ -71.152873560999979, -41.056054532999951 ], [ -71.152873560999979, -41.056351965999966 ], [ -71.152914408999948, -41.05643366299995 ], [ -71.153052019999961, -41.056708884999978 ], [ -71.153349452999976, -41.05693493299998 ], [ -71.153991906999977, -41.057375133999983 ], [ -71.154670053999951, -41.057874820999984 ], [ -71.155134047999979, -41.058124663999934 ], [ -71.155562350999958, -41.058326917999977 ], [ -71.15577650299997, -41.058541069999933 ], [ -71.155919270999959, -41.058755220999956 ], [ -71.156454648999954, -41.059040755999945 ], [ -71.156918643999973, -41.059373880999942 ], [ -71.157323152999936, -41.059718902999975 ], [ -71.158060785999965, -41.060159102999933 ], [ -71.159072055999957, -41.060896735999961 ], [ -71.159881072999951, -41.061325038999939 ], [ -71.160237991999963, -41.061586779999971 ], [ -71.160820959999967, -41.061979390999966 ], [ -71.161655474999975, -41.062644048999971 ], [ -71.162067769999965, -41.062931705999972 ], [ -71.162341665999975, -41.063221959999964 ], [ -71.162709880999955, -41.06370101899995 ], [ -71.162965269999972, -41.06381056999993 ], [ -71.163150160999976, -41.064073906999965 ], [ -71.163486040999942, -41.064334406999933 ], [ -71.163677584999959, -41.064416568999945 ], [ -71.163947746999952, -41.064592542999947 ], [ -71.164626479999981, -41.064941886999975 ], [ -71.165079985999967, -41.065333575999944 ], [ -71.165346948999968, -41.065795471999934 ], [ -71.165565771999979, -41.06632497499993 ], [ -71.165673151999954, -41.067294900999968 ], [ -71.165705037999942, -41.068266245999951 ], [ -71.165930203999949, -41.068605051999953 ], [ -71.166401716999985, -41.068777232999935 ], [ -71.16658100799998, -41.068869148999966 ], [ -71.167016664999949, -41.069152456999973 ], [ -71.167602011999975, -41.069338054999946 ], [ -71.168330126999933, -41.069595035999953 ], [ -71.16877270699996, -41.06970924999996 ], [ -71.169286670999952, -41.069894847999933 ], [ -71.169615035999982, -41.069980508999947 ], [ -71.170100445999935, -41.070280320999984 ], [ -71.170400258999962, -41.070394534999934 ], [ -71.170942775999947, -41.070580132999964 ], [ -71.171385354999984, -41.070665793999979 ], [ -71.171548633999976, -41.070699286999968 ], [ -71.171724220999977, -41.070735304999971 ], [ -71.17194214899996, -41.070780007999986 ], [ -71.172327621999955, -41.070951328999968 ], [ -71.17257032699996, -41.071208310999964 ], [ -71.17287013899994, -41.071393908999937 ], [ -71.173269888999982, -41.07160805999996 ], [ -71.173955172999968, -41.071865041999956 ], [ -71.174454859999969, -41.071993532999954 ], [ -71.175025930999936, -41.072207684999967 ], [ -71.175568447999979, -41.072379005999949 ], [ -71.176082410999982, -41.072678817999929 ], [ -71.176439330999983, -41.072850138999968 ], [ -71.176810526999986, -41.073149950999948 ], [ -71.177367319999973, -41.073478316999967 ], [ -71.177709962999984, -41.073663914999941 ], [ -71.178152542999953, -41.073906619999946 ], [ -71.178495184999974, -41.074249261999967 ], [ -71.178752166999971, -41.074520520999954 ], [ -71.178966317999937, -41.074905992999959 ], [ -71.179251853999972, -41.075234358999978 ], [ -71.179608772999984, -41.075419956999951 ], [ -71.179951414999948, -41.075462786999935 ], [ -71.180294056999969, -41.07554844799995 ], [ -71.180679529999964, -41.075805429999946 ], [ -71.180850850999946, -41.076090964999935 ], [ -71.181065002999958, -41.076347946999931 ], [ -71.181279153999981, -41.076662035999959 ], [ -71.181621796999934, -41.076919016999966 ], [ -71.182078652999962, -41.077133168999978 ], [ -71.182392741999934, -41.07730448999996 ], [ -71.182721107999953, -41.077647131999981 ], [ -71.182935258999976, -41.077989774999935 ], [ -71.183120856999949, -41.078460907999954 ], [ -71.183335008999961, -41.078675059999966 ], [ -71.183549159999984, -41.078932040999973 ], [ -71.183934632999978, -41.079103362999945 ], [ -71.184191614999975, -41.07934606799995 ], [ -71.184605640999962, -41.079574495999964 ], [ -71.184934005999935, -41.079802923999978 ], [ -71.185248094999963, -41.080017075999933 ], [ -71.185419415999945, -41.080174119999981 ], [ -71.185533630999942, -41.080516761999945 ], [ -71.185719228999972, -41.080816573999982 ], [ -71.186051564999957, -41.081271998999966 ], [ -71.186104700999977, -41.081344814999966 ], [ -71.186390236999955, -41.081758840999953 ], [ -71.186618664999969, -41.081972991999976 ], [ -71.186904199999958, -41.082372741999961 ], [ -71.18711835199997, -41.082829597999933 ], [ -71.187204011999938, -41.083129410999959 ], [ -71.18726111899997, -41.083700480999937 ], [ -71.187389609999968, -41.084128783999972 ], [ -71.18756093099995, -41.084457149999935 ], [ -71.187732252999979, -41.084671300999958 ], [ -71.187760805999972, -41.084971112999938 ], [ -71.187775082999963, -41.085570737999944 ], [ -71.188074894999943, -41.086898476999977 ], [ -71.188203385999941, -41.087283948999982 ], [ -71.188274769999964, -41.087455270999953 ], [ -71.188274769999964, -41.087683698999967 ], [ -71.188246215999982, -41.088069171999962 ], [ -71.18818910899995, -41.088354706999951 ], [ -71.188017787999968, -41.088668795999979 ], [ -71.187860742999987, -41.088911500999984 ], [ -71.187780256999986, -41.089288729999964 ], [ -71.187643312999967, -41.089682222999954 ], [ -71.187502541999947, -41.091133276999983 ], [ -71.187449668999989, -41.093335436999951 ], [ -71.187474796999936, -41.09523119399995 ], [ -71.187512615999935, -41.095611627999972 ], [ -71.187533214999974, -41.096611761999952 ], [ -71.187701454999967, -41.097885425999948 ], [ -71.187891027999967, -41.098663186999943 ], [ -71.18811483099995, -41.099765569999931 ], [ -71.188313919999985, -41.100348616999952 ], [ -71.188612553999974, -41.100846339999975 ], [ -71.18899651199996, -41.101088090999951 ], [ -71.189750206999975, -41.101656917999946 ], [ -71.190518121999958, -41.101983992999976 ], [ -71.191456685999981, -41.102225743999952 ], [ -71.192096614999969, -41.102254184999936 ], [ -71.192693882999947, -41.102225743999952 ], [ -71.193504460999975, -41.102083536999942 ], [ -71.194262268999978, -41.10194262999994 ], [ -71.194727436999983, -41.101955550999946 ], [ -71.195737103999988, -41.101927109999963 ], [ -71.196633004999967, -41.102069316999973 ], [ -71.19754312799995, -41.102140419999955 ], [ -71.198353704999988, -41.102282626999965 ], [ -71.199292268999955, -41.102609701999938 ], [ -71.20030193499997, -41.102950997999983 ], [ -71.201012967999986, -41.103135865999946 ], [ -71.202420813999936, -41.103619368999944 ], [ -71.202776329999949, -41.103875339999945 ], [ -71.203117625999937, -41.103974884999957 ], [ -71.203643789999944, -41.104202415999964 ], [ -71.204255278999938, -41.104344621999985 ], [ -71.204639235999934, -41.104529490999937 ], [ -71.205108517999975, -41.104899227999965 ], [ -71.205577799999958, -41.105169419999982 ], [ -71.205890653999973, -41.105140978999941 ], [ -71.20611818499998, -41.10521208199998 ], [ -71.206274611999959, -41.10532584799995 ], [ -71.206658569999945, -41.105553377999968 ], [ -71.207483367999941, -41.105837790999942 ], [ -71.208123297999975, -41.106065321999949 ], [ -71.208421931999965, -41.106065321999949 ], [ -71.208649461999983, -41.106079542999964 ], [ -71.208876992999933, -41.106235969999943 ], [ -71.209218287999988, -41.106363955999939 ], [ -71.209943541999962, -41.106520382999975 ], [ -71.210910546999969, -41.106733692999967 ], [ -71.212233067999989, -41.107046546999982 ], [ -71.213114748999942, -41.107316739999931 ], [ -71.214238180999985, -41.107629593999945 ], [ -71.215233626999975, -41.107999330999974 ], [ -71.216087146999939, -41.108259097999962 ], [ -71.21621485299994, -41.108297964999963 ], [ -71.217708021999954, -41.10852549599997 ], [ -71.218760349999968, -41.108710363999933 ], [ -71.219343396999989, -41.108895232999942 ], [ -71.219826899999987, -41.109094321999976 ], [ -71.22039035499995, -41.109134538999967 ], [ -71.220740135999961, -41.109198784999933 ], [ -71.221411143999944, -41.109298722999938 ], [ -71.222190135999938, -41.109460044999935 ], [ -71.222585255999945, -41.109595350999939 ], [ -71.223295676999953, -41.10984123999998 ], [ -71.22389530099997, -41.10998400699998 ], [ -71.224637692999977, -41.11014105199996 ], [ -71.225137379999978, -41.110269542999959 ], [ -71.225408637999976, -41.110412309999958 ], [ -71.225779833999979, -41.110612184999979 ], [ -71.226550778999979, -41.110969103999935 ], [ -71.227050793999979, -41.111252838999974 ], [ -71.227308724999943, -41.111428896999939 ], [ -71.227757772999951, -41.111667958999931 ], [ -71.228000861999988, -41.111777600999972 ], [ -71.228585835999979, -41.111937798999975 ], [ -71.228790187999948, -41.112019602999965 ], [ -71.22909558899994, -41.11210897899997 ], [ -71.229325768999956, -41.112209338999946 ], [ -71.229492672999982, -41.112301394999974 ], [ -71.229761915999973, -41.112439113999983 ], [ -71.230118650999941, -41.112556078999944 ], [ -71.230627768999966, -41.112708206999969 ], [ -71.230846973999974, -41.112856420999947 ], [ -71.231104598999934, -41.113022946999934 ], [ -71.231338010999934, -41.113218527999948 ], [ -71.231591112999979, -41.113623359999963 ], [ -71.231692808999981, -41.11364997499993 ], [ -71.231759635999936, -41.113763024999969 ], [ -71.231842603999951, -41.113980577999939 ], [ -71.231976905999943, -41.114225722999947 ], [ -71.232156086999964, -41.114308007999966 ], [ -71.232356250999942, -41.114637633999962 ], [ -71.232501532999947, -41.114834920999954 ], [ -71.232718812999963, -41.114925995999954 ], [ -71.232846017999975, -41.114961644999937 ], [ -71.232987427999944, -41.115044660999956 ], [ -71.233332559999951, -41.115190427999948 ], [ -71.233689962999961, -41.115326426999957 ], [ -71.233911444999933, -41.115541291999932 ], [ -71.234384757999976, -41.115751269999976 ], [ -71.234579444999952, -41.115919008999981 ], [ -71.234760895999955, -41.116067947999966 ], [ -71.235174165999979, -41.116364846999943 ], [ -71.23562424499994, -41.116632442999958 ], [ -71.235974563999946, -41.116930560999947 ], [ -71.236331010999947, -41.117037983999978 ], [ -71.236588341999948, -41.117194973999972 ], [ -71.236916211999983, -41.117454840999983 ], [ -71.237027366999939, -41.117484935999983 ], [ -71.237152081999966, -41.117469885999981 ], [ -71.237304799999947, -41.11751456199994 ], [ -71.23745719599998, -41.117549715999985 ], [ -71.237923090999971, -41.117540662999943 ], [ -71.238152655999954, -41.117621959999951 ], [ -71.238485867999941, -41.117787 ], [ -71.238930142999948, -41.117883178999932 ], [ -71.239286274999984, -41.117981069999985 ], [ -71.239795777999973, -41.11814267799997 ], [ -71.24007377099997, -41.118165856999951 ], [ -71.240312692999964, -41.118151679999983 ], [ -71.240527077999957, -41.118157036999946 ], [ -71.240854790999947, -41.11816018899998 ], [ -71.241332956999941, -41.118141353999931 ], [ -71.241535074999945, -41.118156477999946 ], [ -71.241898302999971, -41.118136040999957 ], [ -71.242412265999974, -41.118064656999934 ], [ -71.242854845999943, -41.118050379999943 ], [ -71.243311702999961, -41.117978995999977 ], [ -71.243568684999957, -41.117978995999977 ], [ -71.244096924999951, -41.118107486999975 ], [ -71.244596611999953, -41.118221700999982 ], [ -71.245253342999945, -41.118407298999955 ], [ -71.246024287999944, -41.118735664999974 ], [ -71.247389967999936, -41.119229073999975 ], [ -71.247879413999954, -41.11945258399993 ], [ -71.24922109399995, -41.119998108999937 ], [ -71.250206306999985, -41.120436238999957 ], [ -71.250876074999951, -41.120861469999966 ], [ -71.251032064999947, -41.121001350999961 ], [ -71.251676333999967, -41.121417546999965 ], [ -71.251805839999975, -41.121519830999944 ], [ -71.251925358999983, -41.121698538999965 ], [ -71.252146920999962, -41.121913365999944 ], [ -71.252325821999989, -41.121986096999933 ], [ -71.252518617999954, -41.122096669999962 ], [ -71.252674940999952, -41.12224607099995 ], [ -71.252843204999976, -41.122376181999982 ], [ -71.252934610999944, -41.122469679999938 ], [ -71.253065098999969, -41.122600528999953 ], [ -71.253223704999982, -41.122816585999942 ], [ -71.253339319999952, -41.12288102499997 ], [ -71.253517246999934, -41.122925185999975 ], [ -71.253646431999982, -41.123017944999958 ], [ -71.253790166999977, -41.123167590999969 ], [ -71.253958435999948, -41.123297699999966 ], [ -71.254114112999957, -41.12342805399993 ], [ -71.254208781999978, -41.123616774999959 ], [ -71.254393883999967, -41.123870426999929 ], [ -71.25455184599997, -41.124067436999951 ], [ -71.254777011999977, -41.124387003999971 ], [ -71.254959183999972, -41.124554953999962 ], [ -71.25519498999995, -41.124817138999958 ], [ -71.255449261999956, -41.125250479999977 ], [ -71.256373529999962, -41.126480631999982 ], [ -71.256952119999937, -41.127183945999946 ], [ -71.25736980299996, -41.127604549999944 ], [ -71.25760171099995, -41.127752462999979 ], [ -71.257996683999977, -41.127878119999934 ], [ -71.258340629999964, -41.12798571899998 ], [ -71.258759811999937, -41.128082312999936 ], [ -71.258923528999958, -41.128079100999969 ], [ -71.259115700999985, -41.128170617999956 ], [ -71.259485163999955, -41.128287240999953 ], [ -71.259968298999979, -41.128411161999963 ], [ -71.26025958799994, -41.128453087999958 ], [ -71.260525689999952, -41.128495506999968 ], [ -71.260825975999978, -41.128432439999983 ], [ -71.261112685999933, -41.128341051999939 ], [ -71.261488204999978, -41.128266975999964 ], [ -71.261762319999946, -41.128175833999933 ], [ -71.262199168999985, -41.128052907999972 ], [ -71.262500432999957, -41.128018401999952 ], [ -71.263039336999952, -41.127931582999963 ], [ -71.263517235999984, -41.127903131999972 ], [ -71.263871164999955, -41.127934287999949 ], [ -71.264151824999942, -41.128033585999958 ], [ -71.264459638999938, -41.128189519999978 ], [ -71.264749945999938, -41.12820286799996 ], [ -71.265281824999988, -41.128278163999937 ], [ -71.265877328999977, -41.128371262999963 ], [ -71.266116278999959, -41.12835703099995 ], [ -71.266341979999936, -41.128324002999932 ], [ -71.266560004999974, -41.128434055999946 ], [ -71.266651110999987, -41.128518020999934 ], [ -71.266842638999947, -41.128590479999957 ], [ -71.26728636699994, -41.128667501999985 ], [ -71.267696418999947, -41.128658016999964 ], [ -71.268338873999937, -41.128558079999948 ], [ -71.268667238999967, -41.128529526999955 ], [ -71.269052711999962, -41.128600909999932 ], [ -71.269323969999959, -41.128643740999962 ], [ -71.270037808999973, -41.128857891999985 ], [ -71.270765923999988, -41.128786507999962 ], [ -71.27160655199998, -41.128703823999956 ], [ -71.271650934999968, -41.128696848999937 ], [ -71.272393474999944, -41.128486695999982 ], [ -71.273035929999935, -41.128386758999966 ], [ -71.273549892999938, -41.128215437999984 ], [ -71.274463605999983, -41.128015562999963 ], [ -71.275048953999942, -41.127929901999948 ], [ -71.275491532999979, -41.127829964999933 ], [ -71.276048326999955, -41.127787134999949 ], [ -71.276590843999941, -41.127658643999951 ], [ -71.277590217999943, -41.127572982999936 ], [ -71.277947136999956, -41.12750159899997 ], [ -71.278503930999989, -41.127572982999936 ], [ -71.279020408999941, -41.127616384999953 ], [ -71.279209638999987, -41.127622167999959 ], [ -71.279423725999948, -41.127617929999985 ], [ -71.279687525999975, -41.127593649999937 ], [ -71.280089192999981, -41.127547581999977 ], [ -71.280489539999962, -41.127463423999984 ], [ -71.280866678999985, -41.127436896999939 ], [ -71.281271973999935, -41.127495568999962 ], [ -71.281600719999972, -41.127527169999951 ], [ -71.281930785999975, -41.127596858999937 ], [ -71.282272455999987, -41.127637729999947 ], [ -71.282967399999961, -41.127690653999935 ], [ -71.283431700999984, -41.12763380399997 ], [ -71.283720685999981, -41.127609015999951 ], [ -71.28394736499996, -41.127604519999977 ], [ -71.284225077999963, -41.127618067999947 ], [ -71.284490197999958, -41.127631865999945 ], [ -71.284542189999968, -41.127630833999945 ], [ -71.285260998999945, -41.127693847999979 ], [ -71.28562743599997, -41.127753333999976 ], [ -71.285993872999939, -41.127812820999964 ], [ -71.286793371999977, -41.127969864999955 ], [ -71.287193121999962, -41.128093596999975 ], [ -71.287621424999941, -41.128364855999962 ], [ -71.288249601999951, -41.128650390999951 ], [ -71.288777842999934, -41.128950202999931 ], [ -71.289705831999981, -41.129592656999932 ], [ -71.289915224999959, -41.129816326999958 ], [ -71.28999136799996, -41.129892468999969 ], [ -71.290276902999949, -41.130216075999954 ], [ -71.290643339999974, -41.130520646999969 ], [ -71.290957428999945, -41.130887083999937 ], [ -71.291319106999936, -41.131234484999936 ], [ -71.29167126699997, -41.131548573999964 ], [ -71.292161435999958, -41.131972117999965 ], [ -71.29226227099997, -41.132080020999979 ], [ -71.292429784999968, -41.132163777999949 ], [ -71.292574455999954, -41.132255148999946 ], [ -71.292799076999984, -41.132297027999982 ], [ -71.292989433999935, -41.132300834999967 ], [ -71.293183597999985, -41.132274184999972 ], [ -71.293484361999958, -41.132247534999976 ], [ -71.293884110999954, -41.132232305999935 ], [ -71.294363810999982, -41.13219804199997 ], [ -71.294805438999958, -41.13214474199998 ], [ -71.295494529999985, -41.132114284999943 ], [ -71.295764836999979, -41.132057177999968 ], [ -71.296046564999983, -41.132030527999973 ], [ -71.296423471999958, -41.131984841999952 ], [ -71.296613828999966, -41.131927734999977 ], [ -71.296800378999933, -41.13190869999994 ], [ -71.296910785999955, -41.131927734999977 ], [ -71.297044034999942, -41.13195057799993 ], [ -71.29720393499997, -41.131939156999977 ], [ -71.297413327999948, -41.13189727799994 ], [ -71.297599877999971, -41.131851592999965 ], [ -71.297744548999958, -41.131847784999934 ], [ -71.298049119999973, -41.13181352099997 ], [ -71.298292776999972, -41.131775449999964 ], [ -71.298528818999955, -41.131802099999959 ], [ -71.298962832999962, -41.131817327999954 ], [ -71.299339738999947, -41.131855399999949 ], [ -71.299606238999957, -41.131843977999949 ], [ -71.29969897999996, -41.131839197999966 ], [ -71.299886931999936, -41.131860641999936 ], [ -71.300388667999982, -41.131917886999929 ], [ -71.300929994999933, -41.13190598999995 ], [ -71.301144731999955, -41.131888094999965 ], [ -71.301358297999968, -41.131870297999967 ], [ -71.301762806999989, -41.131864348999954 ], [ -71.302440945999933, -41.131898747999969 ], [ -71.302583720999962, -41.13190598999995 ], [ -71.303434377999963, -41.131959526999935 ], [ -71.303904346999957, -41.131898755999941 ], [ -71.304124421999973, -41.131870297999967 ], [ -71.304433751999966, -41.13190598999995 ], [ -71.304897745999938, -41.131917886999929 ], [ -71.305284408999967, -41.131995218999975 ], [ -71.305623481999987, -41.131971424999961 ], [ -71.305855479999934, -41.131995218999975 ], [ -71.306248090999986, -41.132096345999969 ], [ -71.306450344999973, -41.132132037999952 ], [ -71.306741828999975, -41.132191524999939 ], [ -71.307074952999983, -41.132209370999931 ], [ -71.307178431999944, -41.132006192999938 ], [ -71.307528520999938, -41.131991741999968 ], [ -71.307607722999933, -41.131988472999979 ], [ -71.307578783999986, -41.132238939999979 ], [ -71.307574639999984, -41.132274805999941 ], [ -71.307684605999953, -41.132276 ], [ -71.308669191999968, -41.132276 ], [ -71.30868196299997, -41.132200651999938 ], [ -71.308716780999987, -41.131995218999975 ], [ -71.308791152999959, -41.131999593999979 ], [ -71.309253846999979, -41.132026810999946 ], [ -71.309323543999938, -41.132030910999958 ], [ -71.309313719999977, -41.132266695999931 ], [ -71.309311646999959, -41.132316446999937 ], [ -71.309440647999963, -41.132340244999966 ], [ -71.309740460999933, -41.132333106999965 ], [ -71.31061716399995, -41.132316150999941 ], [ -71.310666928999979, -41.131835093999939 ], [ -71.310629364999954, -41.131750416999978 ], [ -71.310608452999986, -41.131709683999929 ], [ -71.309823230999939, -41.131668042999934 ], [ -71.30940682499994, -41.131757272999948 ], [ -71.308306323999943, -41.131763221999961 ], [ -71.307735253999965, -41.131763221999961 ], [ -71.307135546999973, -41.131678663999935 ], [ -71.307133763999957, -41.131619086999933 ], [ -71.307306867999955, -41.131612038999947 ], [ -71.307640074999938, -41.131685888999982 ], [ -71.308306323999943, -41.131703734999974 ], [ -71.30856500699997, -41.131652580999969 ], [ -71.308930339999961, -41.131639532999941 ], [ -71.309098005999942, -41.131633544999943 ], [ -71.30955486299996, -41.13160499199995 ], [ -71.310011718999988, -41.131566919999955 ], [ -71.310673884999972, -41.131560652999951 ], [ -71.311165934999963, -41.131666004999943 ], [ -71.311161677999962, -41.131757272999948 ], [ -71.311911748999933, -41.132146198999976 ], [ -71.311964745999944, -41.132173678999948 ], [ -71.312161050999975, -41.132185575999983 ], [ -71.31221458899995, -41.132096345999969 ], [ -71.312506072999952, -41.132102294999981 ], [ -71.313767186999939, -41.13211419199996 ], [ -71.314540511999951, -41.132185575999983 ], [ -71.31471897199998, -41.132239113999958 ], [ -71.314986660999978, -41.132149883999944 ], [ -71.315575577999937, -41.132191524999939 ], [ -71.315718570999934, -41.13214249899994 ], [ -71.315783780999936, -41.132120140999973 ], [ -71.316015777999951, -41.132066602999942 ], [ -71.316354850999971, -41.132078499999977 ], [ -71.316552901999955, -41.132078499999977 ], [ -71.316586848999975, -41.132078499999977 ], [ -71.317163867999966, -41.131971424999961 ], [ -71.317191113999968, -41.13196120799995 ], [ -71.317544581999982, -41.131828656999971 ], [ -71.318327934999957, -41.131735861999971 ], [ -71.318851416999962, -41.13160499199995 ], [ -71.319255924999936, -41.131533607999984 ], [ -71.319636638999953, -41.131462223999961 ], [ -71.320320743999957, -41.131298576999939 ], [ -71.320846320999976, -41.13119269799995 ], [ -71.321245623999971, -41.131079833999934 ], [ -71.321635018999984, -41.131043396999985 ], [ -71.322187121999946, -41.130975090999982 ], [ -71.322803535999981, -41.130943599999966 ], [ -71.323332130999972, -41.130923406999955 ], [ -71.323630678999962, -41.130812566999964 ], [ -71.324217868999938, -41.130667314999982 ], [ -71.324732857999948, -41.130618803999937 ], [ -71.325354984999933, -41.130749170999934 ], [ -71.325671168999975, -41.130780898999944 ], [ -71.326181602999952, -41.130914755999981 ], [ -71.326259776999962, -41.130911963999949 ], [ -71.32651472699996, -41.130902857999956 ], [ -71.326871646999962, -41.130938549999939 ], [ -71.327466511999944, -41.130986138999958 ], [ -71.327966198999945, -41.130986138999958 ], [ -71.328572960999963, -41.131021830999941 ], [ -71.329227312999933, -41.131128906999948 ], [ -71.329536642999983, -41.131093214999964 ], [ -71.330072021999968, -41.131093214999964 ], [ -71.330440837999959, -41.131093214999964 ], [ -71.330904832999977, -41.131128906999948 ], [ -71.331226059999949, -41.131200290999971 ], [ -71.331571081999982, -41.131295468999951 ], [ -71.332011281999939, -41.131295468999951 ], [ -71.332261125999935, -41.131307366999977 ], [ -71.332677530999945, -41.131378750999943 ], [ -71.33292737499994, -41.131414441999937 ], [ -71.333248601999969, -41.131521517999943 ], [ -71.333534136999958, -41.131521517999943 ], [ -71.333867261999956, -41.13148582599996 ], [ -71.334300876999976, -41.131406672999958 ], [ -71.334438055999954, -41.131365776999985 ], [ -71.334548695999956, -41.131287304999944 ], [ -71.33514913199997, -41.131160784999963 ], [ -71.33535629499994, -41.131178889999944 ], [ -71.335747035999987, -41.131307366999977 ], [ -71.336163441999986, -41.131378750999943 ], [ -71.336484668999958, -41.131378750999943 ], [ -71.337127123999949, -41.131259776999968 ], [ -71.337555426999984, -41.131164598999931 ], [ -71.338003120999986, -41.130969467999932 ], [ -71.338202248999949, -41.130898723999962 ], [ -71.338417013999958, -41.130913418999967 ], [ -71.338945964999937, -41.130998228999943 ], [ -71.33952893299994, -41.13095063999998 ], [ -71.340314154999987, -41.130748385999937 ], [ -71.340980403999936, -41.130629412999951 ], [ -71.341658549999977, -41.130284390999975 ], [ -71.342693615999963, -41.130022649999944 ], [ -71.34330037899997, -41.129808498999978 ], [ -71.344011836999982, -41.129672868999933 ], [ -71.344302131999939, -41.129620520999936 ], [ -71.345044522999956, -41.129458717999967 ], [ -71.345439513999963, -41.129287396999985 ], [ -71.345953477999956, -41.129135110999982 ], [ -71.346353226999952, -41.129044691999979 ], [ -71.346400969999934, -41.12897307999998 ], [ -71.346746406999955, -41.128845853999962 ], [ -71.346917727999937, -41.128760192999948 ], [ -71.347117602999958, -41.128731639999955 ], [ -71.347479280999949, -41.128665014999967 ], [ -71.347698190999949, -41.128636460999985 ], [ -71.347993244999941, -41.128626943999961 ], [ -71.348231190999968, -41.128684050999937 ], [ -71.348611903999938, -41.128645978999941 ], [ -71.348840332999941, -41.128493693999985 ], [ -71.348792742999933, -41.128322371999957 ], [ -71.348718626999982, -41.128113498999937 ], [ -71.348341597999934, -41.128198005999934 ], [ -71.347599205999984, -41.128321737999954 ], [ -71.347018616999947, -41.128302701999985 ], [ -71.34638092199998, -41.128397880999955 ], [ -71.346371403999967, -41.128331255999967 ], [ -71.346828259999938, -41.128245594999953 ], [ -71.347237527999937, -41.12823607699994 ], [ -71.34787522299996, -41.128198005999934 ], [ -71.348474846999977, -41.128055237999945 ], [ -71.348711165999987, -41.127902476999964 ], [ -71.34888295899998, -41.127898972999958 ], [ -71.348959611999987, -41.127885745999947 ], [ -71.349286168999981, -41.127916634999963 ], [ -71.349666882999941, -41.127821455999936 ], [ -71.350000007999938, -41.127642996999953 ], [ -71.350428310999973, -41.127452639999944 ], [ -71.35090332599998, -41.127209853999943 ], [ -71.351387307999971, -41.126770328999953 ], [ -71.351587181999946, -41.126551418999952 ], [ -71.351853681999955, -41.126351543999931 ], [ -71.352434270999936, -41.126170704999936 ], [ -71.352986305999934, -41.126094561999935 ], [ -71.353804839999952, -41.125989865999941 ], [ -71.354110779999985, -41.125945557999955 ], [ -71.35485519599996, -41.125837745999945 ], [ -71.355261704999975, -41.125730980999947 ], [ -71.355870846999949, -41.125395952999952 ], [ -71.356875930999934, -41.124984781999956 ], [ -71.358124671999974, -41.124695438999936 ], [ -71.358794727999964, -41.124329953999961 ], [ -71.359662755999977, -41.123888325999985 ], [ -71.360606925999946, -41.123416240999973 ], [ -71.361841465999987, -41.122853975999931 ], [ -71.362306752999984, -41.12270757999994 ], [ -71.362633452999944, -41.122681818999979 ], [ -71.363324967999972, -41.122639041999946 ], [ -71.363875580999945, -41.122532452999963 ], [ -71.364141619999941, -41.12254902199993 ], [ -71.364422395999952, -41.122544262999952 ], [ -71.364822145999938, -41.122487155999977 ], [ -71.365050573999952, -41.122396736999974 ], [ -71.365407492999964, -41.122192102999975 ], [ -71.365850072999933, -41.121911326999964 ], [ -71.366183197999987, -41.121768558999975 ], [ -71.366406866999966, -41.121720969999956 ], [ -71.366725714999973, -41.121625790999985 ], [ -71.367068356999937, -41.121483023999986 ], [ -71.367358650999961, -41.12138308599998 ], [ -71.367682257999945, -41.121221282999954 ], [ -71.367943998999976, -41.121083273999943 ], [ -71.368139114999963, -41.121016648999955 ], [ -71.36831519499998, -41.120926229999952 ], [ -71.368515068999955, -41.120821532999969 ], [ -71.368795845999955, -41.120726354999931 ], [ -71.368990961999941, -41.120664488999978 ], [ -71.36916228299998, -41.120683524999947 ], [ -71.36958582699998, -41.120664488999978 ], [ -71.370004611999946, -41.120626417999972 ], [ -71.370347253999967, -41.120616899999959 ], [ -71.370666101999973, -41.120555033999949 ], [ -71.371065851999958, -41.120555033999949 ], [ -71.371318073999987, -41.120583586999942 ], [ -71.371541743999956, -41.120516961999954 ], [ -71.371822519999967, -41.120483649999983 ], [ -71.372122331999947, -41.120483649999983 ], [ -71.372274617999949, -41.120545515999936 ], [ -71.372845687999984, -41.120555033999949 ], [ -71.373445312999934, -41.12050744499993 ], [ -71.373987829999976, -41.120364676999941 ], [ -71.374225775999946, -41.120231426999965 ], [ -71.374435167999934, -41.119974444999968 ], [ -71.374549381999941, -41.119793605999973 ], [ -71.374892024999951, -41.119612766999978 ], [ -71.37489545699998, -41.119610941999952 ], [ -71.375032888999954, -41.119582309999942 ], [ -71.375318423999943, -41.119525202999966 ], [ -71.375558273999957, -41.119365302999938 ], [ -71.375820965999935, -41.11910261099996 ], [ -71.375935180999988, -41.118931289999978 ], [ -71.376197872999967, -41.118874182999946 ], [ -71.37639203699996, -41.118874182999946 ], [ -71.376711836999959, -41.118839917999935 ], [ -71.377111585999955, -41.118702860999974 ], [ -71.377557020999973, -41.118600068999967 ], [ -71.378219462999937, -41.118497275999971 ], [ -71.378447890999951, -41.118360218999953 ], [ -71.378619212999979, -41.118325954999932 ], [ -71.378893326999957, -41.118348797999943 ], [ -71.379304496999964, -41.118371639999964 ], [ -71.379852724999978, -41.118531539999935 ], [ -71.380389531999981, -41.118634332999932 ], [ -71.381383193999966, -41.118691439999964 ], [ -71.382011371999965, -41.118725703999985 ], [ -71.382833713999958, -41.118645753999942 ], [ -71.383142091999957, -41.118565803999957 ], [ -71.383473312999968, -41.118371639999964 ], [ -71.384032961999935, -41.118383061999964 ], [ -71.384581189999949, -41.118348797999943 ], [ -71.384866724999938, -41.118234582999946 ], [ -71.385163681999984, -41.118200318999982 ], [ -71.385300738999945, -41.118246004999946 ], [ -71.385666223999976, -41.118268847999957 ], [ -71.386351508999951, -41.11846301199995 ], [ -71.387059636999936, -41.118691439999964 ], [ -71.387436542999978, -41.11878281099996 ], [ -71.388395941999988, -41.119068346999939 ], [ -71.38888706299997, -41.119239667999977 ], [ -71.389446711999938, -41.119273931999942 ], [ -71.389735559999963, -41.11909021699995 ], [ -71.390021094999952, -41.118956966999974 ], [ -71.390364321999982, -41.118824950999965 ], [ -71.390830111999946, -41.118861787999947 ], [ -71.391172754999957, -41.118833234999954 ], [ -71.391571764999981, -41.118701739999949 ], [ -71.391963802999953, -41.118741239999963 ], [ -71.392016240999965, -41.118797321999978 ], [ -71.392257538999957, -41.118849479999938 ], [ -71.392498835999959, -41.118901637999954 ], [ -71.392705126999942, -41.119014073999949 ], [ -71.392762233999974, -41.119156841999938 ], [ -71.392692423999961, -41.11932300999996 ], [ -71.392631509999944, -41.119467680999946 ], [ -71.393053941999938, -41.119614275999936 ], [ -71.393580892999978, -41.119898708999983 ], [ -71.394193907999977, -41.120124178999959 ], [ -71.395201401999941, -41.120455782999954 ], [ -71.397546904999956, -41.121197839999979 ], [ -71.397911232999945, -41.121271947999958 ], [ -71.398291946999962, -41.121233876999952 ], [ -71.398453749999987, -41.12120532299997 ], [ -71.398653624999952, -41.121100626999976 ], [ -71.398739284999976, -41.120929305999937 ], [ -71.39886301699994, -41.120729430999972 ], [ -71.399156015999949, -41.120357174999981 ], [ -71.399358099999972, -41.120232357999953 ], [ -71.399557974999937, -41.120032482999932 ], [ -71.399719777999962, -41.119756465999956 ], [ -71.399766177999936, -41.119670803999952 ], [ -71.40005274799995, -41.119444521999981 ], [ -71.400290693999978, -41.119292236999968 ], [ -71.400490568999942, -41.119130432999953 ], [ -71.400633335999942, -41.118921040999965 ], [ -71.400709478999943, -41.118749719999983 ], [ -71.400766585999975, -41.118549844999961 ], [ -71.400861764999945, -41.118407076999972 ], [ -71.401232959999959, -41.118235755999933 ], [ -71.401394763999974, -41.118159612999932 ], [ -71.401604155999962, -41.118016845999932 ], [ -71.401718370999959, -41.117836006999937 ], [ -71.401832584999966, -41.117607577999934 ], [ -71.402118119999955, -41.11726493599997 ], [ -71.402460761999976, -41.116817596999965 ], [ -71.402936654999962, -41.116465436999931 ], [ -71.403517242999953, -41.116103758999941 ], [ -71.403936027999976, -41.115799187999983 ], [ -71.404326259999948, -41.11554220599993 ], [ -71.404735526999957, -41.115332813999942 ], [ -71.405078168999978, -41.115228116999958 ], [ -71.405220936999967, -41.115142456999934 ], [ -71.405411293999975, -41.11516149299996 ], [ -71.405649239999946, -41.115056795999976 ], [ -71.406020435999949, -41.114875956999981 ], [ -71.406325006999964, -41.114761742999974 ], [ -71.406667648999985, -41.114561867999953 ], [ -71.407162576999951, -41.114400064999984 ], [ -71.407467147999967, -41.11431440399997 ], [ -71.407981111999959, -41.11417163699997 ], [ -71.408599771999945, -41.11395272599998 ], [ -71.408885306999935, -41.113838511999973 ], [ -71.409237466999969, -41.113714779999952 ], [ -71.409570591999966, -41.113524422999944 ], [ -71.409741912999948, -41.11329599499993 ], [ -71.410027447999937, -41.113172262999967 ], [ -71.410293947999946, -41.11305804899996 ], [ -71.410627072999944, -41.112839138999959 ], [ -71.410922125999946, -41.112686852999957 ], [ -71.411141035999947, -41.112486977999936 ], [ -71.411892945999966, -41.112201442999947 ], [ -71.412654372999953, -41.112058674999957 ], [ -71.413258807999966, -41.111987284999941 ], [ -71.413963321999972, -41.111948681999934 ], [ -71.414412563999974, -41.11193726099998 ], [ -71.414873227999976, -41.111910610999985 ], [ -71.415432876999944, -41.111910610999985 ], [ -71.415825011999971, -41.111914417999969 ], [ -71.416049632999943, -41.111929645999965 ], [ -71.41643034699996, -41.11196771799996 ], [ -71.416731110999933, -41.11196771799996 ], [ -71.417130859999986, -41.11199817499994 ], [ -71.418411660999936, -41.111976708999975 ], [ -71.418493815999966, -41.111975331999929 ], [ -71.418821228999946, -41.111952488999975 ], [ -71.418981128999974, -41.111891574999959 ], [ -71.419160064999971, -41.111773553999967 ], [ -71.419319963999953, -41.11160603999997 ], [ -71.419426563999934, -41.111392839999951 ], [ -71.419411335999939, -41.111320503999934 ], [ -71.419418949999965, -41.111133953999968 ], [ -71.419457020999971, -41.110994993999952 ], [ -71.419536970999957, -41.110777986999949 ], [ -71.419536970999957, -41.110538136999935 ], [ -71.419536970999957, -41.110321130999978 ], [ -71.419605499999989, -41.11002988499996 ], [ -71.419696870999985, -41.10985285299995 ], [ -71.419873902999939, -41.109607291999964 ], [ -71.420056645999978, -41.109430259999954 ], [ -71.420290784999963, -41.109190410999929 ], [ -71.420616294999945, -41.109001956999975 ], [ -71.420673080999961, -41.10889519899996 ], [ -71.420744695999986, -41.108839498999941 ], [ -71.420877945999962, -41.108734801999958 ], [ -71.421192034999933, -41.108639623999977 ], [ -71.421563229999947, -41.108506373999944 ], [ -71.421701756999937, -41.108439344999965 ], [ -71.421775908999962, -41.108430949999956 ], [ -71.421918676999951, -41.108364324999968 ], [ -71.422023372999945, -41.10826914699993 ], [ -71.422156622999978, -41.108202521999942 ], [ -71.42232794399996, -41.108193003999929 ], [ -71.422556372999964, -41.108178726999938 ], [ -71.422789559999956, -41.108207280999977 ], [ -71.423056058999975, -41.108226316999946 ], [ -71.423222621999969, -41.108197762999964 ], [ -71.423451049999983, -41.108164450999936 ], [ -71.423669959999984, -41.108164450999936 ], [ -71.423798450999982, -41.108116860999985 ], [ -71.424007843999959, -41.108164450999936 ], [ -71.424174405999963, -41.108231075999981 ], [ -71.424488494999935, -41.108340530999953 ], [ -71.424693127999944, -41.108345289999932 ], [ -71.425026252999942, -41.108407155999942 ], [ -71.425249921999978, -41.108449985999982 ], [ -71.425468832999968, -41.108568958999967 ], [ -71.425663948999954, -41.108706967999979 ], [ -71.425882858999955, -41.108868770999948 ], [ -71.426154117999943, -41.10904009199993 ], [ -71.42639206399997, -41.109159064999972 ], [ -71.42675374199996, -41.109282796999935 ], [ -71.427167767999947, -41.109354180999958 ], [ -71.428119551999941, -41.109416046999968 ], [ -71.428643033999947, -41.109496948999947 ], [ -71.429250271999933, -41.109620680999967 ], [ -71.429722356999946, -41.109559766999951 ], [ -71.430087841999978, -41.109392251999964 ], [ -71.43030104199994, -41.109102909999933 ], [ -71.43030104199994, -41.108798338999975 ], [ -71.430514241999958, -41.108387167999979 ], [ -71.430620841999939, -41.108082596999964 ], [ -71.430818812999973, -41.10782371199997 ], [ -71.431202905999953, -41.107542796999951 ], [ -71.43143271799994, -41.107452817999956 ], [ -71.431804430999989, -41.107392785999934 ], [ -71.43211851999996, -41.107297607999953 ], [ -71.43252778699997, -41.107040625999957 ], [ -71.432727661999934, -41.106878822999931 ], [ -71.432784768999966, -41.106697983999936 ], [ -71.432984642999941, -41.106498108999972 ], [ -71.433223443999964, -41.106291516999931 ], [ -71.433272690999956, -41.106279420999954 ], [ -71.433432464999953, -41.106171229999973 ], [ -71.433656934999988, -41.106109314999969 ], [ -71.433881756999938, -41.106056919999958 ], [ -71.43417057299996, -41.106031757999972 ], [ -71.434455166999953, -41.105892340999958 ], [ -71.434542929999964, -41.105880956999954 ], [ -71.434732449999956, -41.105896006999956 ], [ -71.434894682999982, -41.105854461999968 ], [ -71.434933501999978, -41.105882226999938 ], [ -71.435134202999961, -41.105858925999939 ], [ -71.435259024999937, -41.105827699999963 ], [ -71.435531026999968, -41.105688546999943 ], [ -71.435804788999974, -41.105597 ], [ -71.435918781999987, -41.105613644999949 ], [ -71.436046419999968, -41.105658587999983 ], [ -71.436104472999943, -41.105695473999958 ], [ -71.436094553999965, -41.105917287999944 ], [ -71.436075517999939, -41.106107644999952 ], [ -71.43627539299996, -41.106193304999977 ], [ -71.436608516999968, -41.106250411999952 ], [ -71.436875016999977, -41.106278965999934 ], [ -71.437112962999947, -41.106240893999939 ], [ -71.437322355999981, -41.106183786999964 ], [ -71.437484158999951, -41.106002947999968 ], [ -71.437484158999951, -41.105755483999985 ], [ -71.437512712999933, -41.105488984999965 ], [ -71.437493676999964, -41.105212966999943 ], [ -71.437598372999958, -41.104984538999929 ], [ -71.437541265999982, -41.104775145999952 ], [ -71.437598372999958, -41.104508646999932 ], [ -71.437712586999965, -41.104261182999949 ], [ -71.437864872999967, -41.103947093999977 ], [ -71.438009543999954, -41.103756736999969 ], [ -71.43810091499995, -41.103602547999969 ], [ -71.438106625999978, -41.103465490999952 ], [ -71.438061296999933, -41.103354500999956 ], [ -71.438303701999985, -41.103207150999935 ], [ -71.438449267999943, -41.103157112999952 ], [ -71.438637721999953, -41.103037187999973 ], [ -71.438774778999971, -41.102871577999963 ], [ -71.438871860999939, -41.102728809999974 ], [ -71.438991785999974, -41.102563198999974 ], [ -71.439077445999942, -41.102306217999967 ], [ -71.439243056999942, -41.101997838999978 ], [ -71.43936869199996, -41.101792253999974 ], [ -71.439471484999956, -41.101638064999975 ], [ -71.439677069999959, -41.101421057999971 ], [ -71.439796994999938, -41.101226893999979 ], [ -71.439825548999977, -41.101072704999979 ], [ -71.439853391999975, -41.10099381699996 ], [ -71.440271732999975, -41.100525275999985 ], [ -71.440459564999969, -41.100173267999935 ], [ -71.440602332999958, -41.099773517999949 ], [ -71.440887867999948, -41.099402321999946 ], [ -71.441125813999975, -41.099078715999951 ], [ -71.441316170999983, -41.098916911999936 ], [ -71.441687366999986, -41.098678965999966 ], [ -71.441915794999943, -41.098460055999965 ], [ -71.442325061999952, -41.098260180999944 ], [ -71.442524936999973, -41.098203073999969 ], [ -71.442915168999946, -41.098145966999937 ], [ -71.443543345999956, -41.098022234999974 ], [ -71.443914541999959, -41.097965127999942 ], [ -71.444181041999968, -41.097879466999984 ], [ -71.444637897999939, -41.097765252999977 ], [ -71.444815337999955, -41.097673246999932 ], [ -71.444845259999965, -41.097686255999974 ], [ -71.444982316999983, -41.097634859999971 ], [ -71.445102240999972, -41.097520645999964 ], [ -71.445176480999976, -41.097315059999971 ], [ -71.44516919199998, -41.097230020999973 ], [ -71.445228004999933, -41.097060932999966 ], [ -71.445285111999965, -41.09680395099997 ], [ -71.445484986999986, -41.09619480899994 ], [ -71.445484986999986, -41.096004451999931 ], [ -71.445456432999947, -41.095747469999935 ], [ -71.445456432999947, -41.09569036299996 ], [ -71.445523057999935, -41.095538077999947 ], [ -71.445608718999949, -41.095461934999946 ], [ -71.445741967999936, -41.095338202999983 ], [ -71.445894253999938, -41.094833756999947 ], [ -71.445913289999964, -41.094538703999945 ], [ -71.44595136099997, -41.094348346999936 ], [ -71.44597039699994, -41.09409136499994 ], [ -71.44595136099997, -41.093843900999957 ], [ -71.445881493999934, -41.093599212999948 ], [ -71.446270230999971, -41.092936072999976 ], [ -71.446389203999956, -41.092721921999953 ], [ -71.446317819999933, -41.092531564999945 ], [ -71.445934274999956, -41.092589096999973 ], [ -71.445824777999974, -41.092522490999954 ], [ -71.445792418999986, -41.092511003999959 ], [ -71.445675365999989, -41.092293618999975 ], [ -71.445532597999943, -41.092174645999933 ], [ -71.445593652999946, -41.092032184999937 ], [ -71.445582520999949, -41.092030001999944 ], [ -71.445603981999966, -41.091793931999973 ], [ -71.445508803999985, -41.091555985999946 ], [ -71.445366035999939, -41.091532190999942 ], [ -71.44508050099995, -41.091532190999942 ], [ -71.445056705999946, -41.091341833999934 ], [ -71.445247062999954, -41.09117527199993 ], [ -71.445449639999936, -41.090871031999939 ], [ -71.445520909999971, -41.090755175999959 ], [ -71.445618054999954, -41.090657826999973 ], [ -71.445752247999962, -41.090540633999979 ], [ -71.445921014999954, -41.090336948999948 ], [ -71.446180346999938, -41.090198039999962 ], [ -71.446328888999972, -41.090128184999969 ], [ -71.446703247999949, -41.090034473999935 ], [ -71.44686543499995, -41.089992913999936 ], [ -71.447030094999946, -41.090018000999976 ], [ -71.447285203999968, -41.090046515999973 ], [ -71.447523149999938, -41.089856158999964 ], [ -71.447844376999967, -41.089582520999954 ], [ -71.448130946999981, -41.089475210999979 ], [ -71.448330821999946, -41.089418103999947 ], [ -71.448593907999964, -41.089261293999982 ], [ -71.44876325599995, -41.089205796999977 ], [ -71.448929817999954, -41.089162966999936 ], [ -71.449110656999949, -41.089172484999949 ], [ -71.449286736999966, -41.089220073999968 ], [ -71.449477093999974, -41.089296216999969 ], [ -71.449710280999966, -41.089281939999978 ], [ -71.44997202199994, -41.089262903999952 ], [ -71.450133824999966, -41.089215314999933 ], [ -71.450419359999955, -41.089110618999939 ], [ -71.450604957999985, -41.089015439999969 ], [ -71.450828627999954, -41.088877431999947 ], [ -71.451004707999971, -41.088753699999984 ], [ -71.451171269999975, -41.088649002999944 ], [ -71.451285483999982, -41.088515753999957 ], [ -71.451371144999939, -41.088377744999946 ], [ -71.451394938999954, -41.088296842999966 ], [ -71.451475840999933, -41.088244494999969 ], [ -71.451551983999934, -41.088201664999985 ], [ -71.45159005499994, -41.088106485999958 ], [ -71.451609090999966, -41.087949441999967 ], [ -71.451613849999944, -41.087863780999953 ], [ -71.45169475199998, -41.087778120999985 ], [ -71.451880349999954, -41.08764962999993 ], [ -71.451970768999956, -41.087621075999948 ], [ -71.452132571999982, -41.087578245999964 ], [ -71.452184920999969, -41.087511620999976 ], [ -71.45221823299994, -41.087354576999985 ], [ -71.452213473999961, -41.087207049999961 ], [ -71.452270580999937, -41.087083317999941 ], [ -71.452256303999945, -41.087002415999962 ], [ -71.452460937999945, -41.08680254199993 ], [ -71.452546598999959, -41.086750193999933 ], [ -71.452598946999956, -41.086702603999981 ], [ -71.452637017999962, -41.086474175999967 ], [ -71.452637645999971, -41.086296250999965 ], [ -71.452680476999944, -41.086163000999932 ], [ -71.452785172999938, -41.08584891199996 ], [ -71.452842137999937, -41.085519047999981 ], [ -71.45287938599995, -41.085498511999958 ], [ -71.45287177199998, -41.085407139999973 ], [ -71.452818471999933, -41.085323382999945 ], [ -71.452711871999952, -41.085163483999963 ], [ -71.452597657999945, -41.084980740999981 ], [ -71.45252912899997, -41.084805612999958 ], [ -71.452534796999942, -41.084658254999965 ], [ -71.452872476999971, -41.084230159999947 ], [ -71.452935644999968, -41.084186939999938 ], [ -71.452988944999959, -41.08415077199993 ], [ -71.452996558999985, -41.084106989999952 ], [ -71.453015578999953, -41.084048741999936 ], [ -71.453027015999965, -41.084013714999969 ], [ -71.453048789999968, -41.084006638999938 ], [ -71.453103158999966, -41.083988968999961 ], [ -71.453169783999954, -41.083952800999953 ], [ -71.453224986999942, -41.08394328299994 ], [ -71.453289708999989, -41.083870947999969 ], [ -71.453325875999951, -41.083785286999955 ], [ -71.453453414999956, -41.083674879999933 ], [ -71.453474354999969, -41.083612061999929 ], [ -71.453436282999974, -41.083545436999941 ], [ -71.453367754999988, -41.083507365999935 ], [ -71.453314454999941, -41.083495943999935 ], [ -71.453276383999935, -41.083499751999966 ], [ -71.453192626999964, -41.083497847999979 ], [ -71.453167879999967, -41.083455969999932 ], [ -71.453139326999974, -41.083417897999936 ], [ -71.453084585999989, -41.083423979999964 ], [ -71.453044596999973, -41.083428423999976 ], [ -71.453036533999978, -41.083429319999937 ], [ -71.452882344999978, -41.083495943999935 ], [ -71.452707215999965, -41.083608254999945 ], [ -71.452542277999953, -41.083689106999941 ], [ -71.452513051999972, -41.083703432999982 ], [ -71.452503545999946, -41.08370201799994 ], [ -71.452423584999963, -41.083690107999985 ], [ -71.45237218799997, -41.083659650999948 ], [ -71.45230175599994, -41.083596833999934 ], [ -71.452299953999955, -41.08359255299996 ], [ -71.45227129899996, -41.083524497999974 ], [ -71.452261780999947, -41.083429319999937 ], [ -71.452337855999986, -41.083299255999975 ], [ -71.452552007999941, -41.083108898999967 ], [ -71.452796035999938, -41.082929945999979 ], [ -71.452863326999989, -41.082858515999931 ], [ -71.452999699999964, -41.08269682599996 ], [ -71.453313788999935, -41.082479818999957 ], [ -71.453759223999953, -41.08204580599994 ], [ -71.453953387999945, -41.081794534999972 ], [ -71.454067601999952, -41.081554684999958 ], [ -71.454267476999973, -41.081343388999983 ], [ -71.454592986999955, -41.081137802999933 ], [ -71.454907075999984, -41.08097219299998 ], [ -71.455238296999937, -41.080812292999951 ], [ -71.455544996999947, -41.080646009999953 ], [ -71.455663285999947, -41.080569121999929 ], [ -71.455913129999942, -41.080412077999938 ], [ -71.456241494999972, -41.080197926999972 ], [ -71.456448507999937, -41.079990912999961 ], [ -71.45655746999995, -41.079955686999938 ], [ -71.456631708999964, -41.079915711999945 ], [ -71.456694526999968, -41.079801497999938 ], [ -71.456700237999939, -41.079653019999967 ], [ -71.456768765999982, -41.07953880599996 ], [ -71.456877268999961, -41.079356062999977 ], [ -71.456985772999985, -41.079253269999981 ], [ -71.457111407999946, -41.079213294999931 ], [ -71.457157093999967, -41.079036262999978 ], [ -71.457259886999964, -41.078933470999971 ], [ -71.457465471999967, -41.078687909999985 ], [ -71.457602528999985, -41.078333846999953 ], [ -71.457711032999953, -41.078128260999961 ], [ -71.457785271999967, -41.077974071999961 ], [ -71.45797943599996, -41.077876989999936 ], [ -71.45816764999995, -41.077801703999967 ], [ -71.458373474999973, -41.077899832999947 ], [ -71.458444001999965, -41.077916107999954 ], [ -71.458590480999987, -41.077899832999947 ], [ -71.458704695999984, -41.077894121999975 ], [ -71.458944544999952, -41.077848436999943 ], [ -71.459118476999947, -41.077835709999931 ], [ -71.459172972999966, -41.07780846199995 ], [ -71.459338583999966, -41.077625718999968 ], [ -71.459498483999937, -41.077408711999965 ], [ -71.459726911999951, -41.077140308999958 ], [ -71.459846836999986, -41.076860483999951 ], [ -71.459926786999972, -41.076620634999983 ], [ -71.459909654999933, -41.076386495999941 ], [ -71.459863854999981, -41.076224434999972 ], [ -71.459858338999936, -41.076097564999941 ], [ -71.459898232999933, -41.075986745999955 ], [ -71.459978182999976, -41.075889663999931 ], [ -71.460098107999954, -41.075849688999938 ], [ -71.460160925999958, -41.075821135999945 ], [ -71.460246585999982, -41.075701210999966 ], [ -71.460337957999968, -41.075507046999974 ], [ -71.460446460999947, -41.075392832999967 ], [ -71.460452171999975, -41.075250064999977 ], [ -71.460377932999961, -41.07511300799996 ], [ -71.460280850999936, -41.074947397999949 ], [ -71.460103818999983, -41.074753233999957 ], [ -71.460006736999958, -41.074678993999953 ], [ -71.459955339999965, -41.074507672999971 ], [ -71.459953190999954, -41.07447529999996 ], [ -71.460054093999986, -41.074369828999977 ], [ -71.460101683999937, -41.074227061999977 ], [ -71.460234932999981, -41.07413188299995 ], [ -71.460339629999964, -41.07413188299995 ], [ -71.460510950999947, -41.074112846999981 ], [ -71.460891664999963, -41.074084293999931 ], [ -71.46124382499994, -41.074150918999976 ], [ -71.461348520999934, -41.074217543999964 ], [ -71.46149128899998, -41.074274650999939 ], [ -71.461662609999962, -41.07425561499997 ], [ -71.461824412999988, -41.074150918999976 ], [ -71.462062358999958, -41.074169953999956 ], [ -71.462186090999978, -41.074293685999976 ], [ -71.462319340999954, -41.074369828999977 ], [ -71.462452590999987, -41.074455489999934 ], [ -71.462592946999962, -41.074431338999943 ], [ -71.462785715999985, -41.074503078999953 ], [ -71.462991854999984, -41.074496447999934 ], [ -71.463101938999955, -41.074513383999943 ], [ -71.463478845999987, -41.074547647999964 ], [ -71.464009941999961, -41.074644729999932 ], [ -71.464324030999933, -41.074621886999978 ], [ -71.464513819999979, -41.074545971999953 ], [ -71.464779000999954, -41.074522911999964 ], [ -71.464971737999974, -41.074401559999956 ], [ -71.465178750999939, -41.074358728999982 ], [ -71.465285825999956, -41.074265929999967 ], [ -71.465507115999969, -41.074251652999976 ], [ -71.465742682999974, -41.074208822999935 ], [ -71.466113878999977, -41.074051778999944 ], [ -71.466777748999959, -41.073773381999956 ], [ -71.467184635999956, -41.073544953999942 ], [ -71.468555205999962, -41.072895360999951 ], [ -71.468933539999966, -41.072602686999971 ], [ -71.46930473599997, -41.072467057999972 ], [ -71.469640239999933, -41.072274320999952 ], [ -71.469861529999946, -41.072088722999979 ], [ -71.469965035999962, -41.072056600999929 ], [ -71.47008019499998, -41.072011951999968 ], [ -71.470155868999939, -41.071982611999942 ], [ -71.470393582999975, -41.071709240999951 ], [ -71.470655067999985, -41.071483412999953 ], [ -71.470827410999959, -41.071227870999962 ], [ -71.470940324999958, -41.070895070999939 ], [ -71.471112667999932, -41.070193814999982 ], [ -71.471178038999938, -41.069736215999967 ], [ -71.471356324999988, -41.069355872999949 ], [ -71.471718837999958, -41.069159758999945 ], [ -71.472010037999951, -41.069052787999965 ], [ -71.472426036999934, -41.068898273999935 ], [ -71.472687522999934, -41.068785359999936 ], [ -71.473020321999968, -41.068779416999973 ], [ -71.473382835999985, -41.068838844999959 ], [ -71.473632435999946, -41.068939873999966 ], [ -71.473846377999962, -41.069040901999983 ], [ -71.474155405999966, -41.069153815999982 ], [ -71.474488205999933, -41.069302387999983 ], [ -71.474737805999951, -41.069332101999976 ], [ -71.47480840999998, -41.069299740999952 ], [ -71.475023061999934, -41.069201358999976 ], [ -71.475207290999947, -41.069112215999951 ], [ -71.47539151899997, -41.068916101999946 ], [ -71.475647060999961, -41.068767530999935 ], [ -71.47589071799996, -41.068618959999981 ], [ -71.476104660999965, -41.068565473999968 ], [ -71.476259174999939, -41.06847038899997 ], [ -71.476461231999963, -41.068226731999971 ], [ -71.476734602999954, -41.068036560999985 ], [ -71.476948544999971, -41.067893931999947 ], [ -71.477192201999969, -41.067864217999954 ], [ -71.477542829999948, -41.067870160999973 ], [ -71.477822143999958, -41.067870160999973 ], [ -71.478111868999974, -41.067877784999951 ], [ -71.478520388999982, -41.067805693999958 ], [ -71.478927275999979, -41.067734309999935 ], [ -71.479312748999973, -41.06767720299996 ], [ -71.479612560999954, -41.067570126999954 ], [ -71.479769605999934, -41.067441635999955 ], [ -71.47990785199994, -41.067311070999949 ], [ -71.480172667999966, -41.067124595999985 ], [ -71.480223054999954, -41.067032218999941 ], [ -71.480341911999972, -41.066889590999949 ], [ -71.480543968999939, -41.066794504999962 ], [ -71.48084705399998, -41.066681590999963 ], [ -71.481010359999971, -41.066656982999973 ], [ -71.48113499599998, -41.066587418999973 ], [ -71.481367786999954, -41.066481929999952 ], [ -71.481501036999987, -41.066496206999943 ], [ -71.48162476899995, -41.066458134999948 ], [ -71.481715187999953, -41.066377233999958 ], [ -71.481791330999954, -41.066229706999934 ], [ -71.481900785999983, -41.066201153999941 ], [ -71.482043553999972, -41.066229706999934 ], [ -71.482153404999963, -41.066263812999978 ], [ -71.482448458999954, -41.066301883999984 ], [ -71.483105189999947, -41.066149598999971 ], [ -71.483485903999963, -41.065940205999937 ], [ -71.483733367999946, -41.065711777999979 ], [ -71.483819027999971, -41.065331063999963 ], [ -71.483819027999971, -41.065274339999974 ], [ -71.48380659299994, -41.065261249999935 ], [ -71.483759049999946, -41.065130507999982 ], [ -71.483794706999959, -41.065035421999937 ], [ -71.484026477999976, -41.06496410799997 ], [ -71.484428169999944, -41.064902760999985 ], [ -71.484620762999953, -41.064779879999946 ], [ -71.484674248999966, -41.064666964999958 ], [ -71.484864419999951, -41.064530279999985 ], [ -71.485066476999975, -41.064423308999949 ], [ -71.48536956199996, -41.064274736999948 ], [ -71.485490699999957, -41.064203827999961 ], [ -71.485655971999961, -41.063979529999983 ], [ -71.485779703999981, -41.063503637999929 ], [ -71.485720189999938, -41.063383309999949 ], [ -71.485654818999933, -41.063115881999977 ], [ -71.485607275999939, -41.063002967999978 ], [ -71.485506247999979, -41.062812796999935 ], [ -71.485387390999961, -41.062699881999947 ], [ -71.485375504999979, -41.062509710999961 ], [ -71.485430740999959, -41.06237979499997 ], [ -71.485506247999979, -41.062331425999957 ], [ -71.485678590999953, -41.062271996999982 ], [ -71.485827161999964, -41.062277939999944 ], [ -71.485951961999945, -41.062319539999976 ], [ -71.486106475999975, -41.062408682999944 ], [ -71.486344189999954, -41.062474053999949 ], [ -71.486564000999977, -41.062520676999952 ], [ -71.486849536999955, -41.062435015999938 ], [ -71.487135071999944, -41.062349354999981 ], [ -71.487315910999939, -41.062235140999974 ], [ -71.487449160999972, -41.062063819999935 ], [ -71.48753482099994, -41.061892498999953 ], [ -71.487591927999972, -41.061664070999939 ], [ -71.487677588999986, -41.061549856999932 ], [ -71.48774248999996, -41.061347609999984 ], [ -71.487782838999976, -41.060975464999956 ], [ -71.48808582199996, -41.060817216999965 ], [ -71.488471294999954, -41.060624479999944 ], [ -71.488706860999969, -41.060495988999946 ], [ -71.48905664199998, -41.060346082999956 ], [ -71.489370730999951, -41.060303252999972 ], [ -71.489713372999972, -41.060139069999934 ], [ -71.489970354999969, -41.059960610999951 ], [ -71.490227336999965, -41.05979642799997 ], [ -71.490355827999963, -41.059617967999941 ], [ -71.49061994799996, -41.05945378499996 ], [ -71.490891205999958, -41.059325294999951 ], [ -71.491126772999962, -41.059175388999961 ], [ -71.491198156999985, -41.059018343999981 ], [ -71.491276678999952, -41.058618594999984 ], [ -71.491155326999944, -41.058425857999964 ], [ -71.490898344999948, -41.058204567999951 ], [ -71.490812683999934, -41.058018969999978 ], [ -71.490684192999936, -41.057869063999931 ], [ -71.49047004199997, -41.057690604999948 ], [ -71.490213059999974, -41.057547836999959 ], [ -71.490094364999948, -41.057525228999964 ], [ -71.490063153999984, -41.057519283999966 ], [ -71.489870417999953, -41.057526421999967 ], [ -71.489627712999948, -41.057540698999958 ], [ -71.489078056999972, -41.057547836999959 ], [ -71.488898433999964, -41.057438571999967 ], [ -71.488642615999936, -41.057419345999961 ], [ -71.488455071999965, -41.057446137999932 ], [ -71.488416132999987, -41.057429101999958 ], [ -71.488182945999938, -41.05739578999993 ], [ -71.48791168799994, -41.057405307999943 ], [ -71.487711812999976, -41.057429101999958 ], [ -71.487492902999975, -41.057471932999931 ], [ -71.487259714999936, -41.05751952199995 ], [ -71.487083634999976, -41.057524280999985 ], [ -71.486850447999984, -41.057628976999979 ], [ -71.486688644999958, -41.057728914999984 ], [ -71.48643642199994, -41.057890717999953 ], [ -71.486207993999983, -41.05800493199996 ], [ -71.485989082999936, -41.058095351999953 ], [ -71.485726390999957, -41.058182915999964 ], [ -71.485444662999953, -41.058266672999935 ], [ -71.485193390999939, -41.058285707999971 ], [ -71.485014455999988, -41.058270479999976 ], [ -71.484949734999987, -41.058240022999939 ], [ -71.48491927799995, -41.058182915999964 ], [ -71.484920830999954, -41.058150292999983 ], [ -71.485032972999988, -41.058118907999983 ], [ -71.48522332999994, -41.057957104999957 ], [ -71.48543615799997, -41.057743845999937 ], [ -71.485459951999985, -41.057553488999929 ], [ -71.485103032999973, -41.057196569999974 ], [ -71.48479370299998, -41.05703000799997 ], [ -71.484317810999983, -41.057101391999936 ], [ -71.484137491999945, -41.057101391999936 ], [ -71.483795653999948, -41.057071944999961 ], [ -71.483595778999984, -41.057062426999948 ], [ -71.483280413999978, -41.057090563999964 ], [ -71.482366652999985, -41.056625498999949 ], [ -71.48208111799994, -41.056482731999949 ], [ -71.481897174999972, -41.056493551999949 ], [ -71.481649850999986, -41.056498880999982 ], [ -71.481378120999977, -41.05663412399997 ], [ -71.481092585999988, -41.056729302999941 ], [ -71.480854639999961, -41.056833998999934 ], [ -71.480369229999951, -41.057071944999961 ], [ -71.479940926999973, -41.057129051999937 ], [ -71.479607801999975, -41.057243265999944 ], [ -71.479484069999955, -41.057271819999983 ], [ -71.47903673199994, -41.057386033999933 ], [ -71.478522767999948, -41.057433622999952 ], [ -71.478170607999971, -41.057414586999982 ], [ -71.477980250999963, -41.057386033999933 ], [ -71.477485322999939, -41.057414586999982 ], [ -71.476971358999947, -41.057519283999966 ], [ -71.476552573999982, -41.057728675999954 ], [ -71.476295592999975, -41.057919032999962 ], [ -71.475952949999964, -41.058261675999972 ], [ -71.475610307999943, -41.058718531999943 ], [ -71.475031456999943, -41.059438514999954 ], [ -71.474923248999971, -41.059574239999961 ], [ -71.474774933999981, -41.05974168299997 ], [ -71.474068416999955, -41.060526921999951 ], [ -71.47360471099995, -41.060818007999956 ], [ -71.473154703999967, -41.061174135999977 ], [ -71.472897721999971, -41.061383527999965 ], [ -71.472574115999976, -41.061773759999937 ], [ -71.471803169999987, -41.062516151999944 ], [ -71.471346313999959, -41.062953972999935 ], [ -71.471127402999969, -41.063172882999936 ], [ -71.470860903999949, -41.063601185999971 ], [ -71.470442117999937, -41.06388672099996 ], [ -71.469775868999989, -41.064286470999946 ], [ -71.468376745999933, -41.065352468999947 ], [ -71.467843746999961, -41.06572366499995 ], [ -71.467434479999952, -41.066123414999936 ], [ -71.466863408999984, -41.066608824999946 ], [ -71.466520766999963, -41.066922913999974 ], [ -71.46593065999997, -41.067484465999939 ], [ -71.465378624999971, -41.067941322999957 ], [ -71.464874179999981, -41.068398178999985 ], [ -71.464650717999973, -41.068477492999932 ], [ -71.464153472999953, -41.068568536999976 ], [ -71.46363950999995, -41.068777929999953 ], [ -71.462859045999949, -41.068644679999977 ], [ -71.462135689999968, -41.068720822999978 ], [ -71.461260048999975, -41.068835036999985 ], [ -71.460346335999986, -41.06891117999993 ], [ -71.459680086999981, -41.068816000999959 ], [ -71.458652158999939, -41.068739858999948 ], [ -71.457909767999979, -41.068606608999971 ], [ -71.456900875999963, -41.068644679999977 ], [ -71.45638691299996, -41.068359144999931 ], [ -71.455587413999979, -41.068187823999949 ], [ -71.455187663999936, -41.068111680999948 ], [ -71.45460103299996, -41.068224609999959 ], [ -71.454359341999975, -41.068291103999968 ], [ -71.454140430999985, -41.068376763999936 ], [ -71.453740681999989, -41.068481460999976 ], [ -71.453445628999987, -41.068633745999932 ], [ -71.45308394999995, -41.068738441999983 ], [ -71.452674682999941, -41.06882410299994 ], [ -71.452427218999958, -41.068766995999965 ], [ -71.452198790999944, -41.068766995999965 ], [ -71.451941808999948, -41.06882410299994 ], [ -71.451684826999951, -41.068909763999955 ], [ -71.451304113999981, -41.069109637999929 ], [ -71.450856774999977, -41.069290476999981 ], [ -71.450656899999956, -41.069433244999971 ], [ -71.450314257999935, -41.069747333999942 ], [ -71.449904990999983, -41.07006142299997 ], [ -71.449476687999947, -41.070518278999941 ], [ -71.448972241999968, -41.070918028999984 ], [ -71.448715259999972, -41.071175009999934 ], [ -71.448363099999938, -41.07143199199993 ], [ -71.448144188999947, -41.071536687999981 ], [ -71.447906242999977, -41.071688973999983 ], [ -71.447544564999987, -41.071993544999941 ], [ -71.446164477999957, -41.073192792999976 ], [ -71.445631478999985, -41.073506881999947 ], [ -71.445231728999943, -41.073906631999932 ], [ -71.445017439999958, -41.074315350999939 ], [ -71.445088960999954, -41.074734683999964 ], [ -71.445088960999954, -41.075058290999948 ], [ -71.445050889999948, -41.07607669999993 ], [ -71.444831979999947, -41.076819091999937 ], [ -71.444765354999959, -41.077085591999946 ], [ -71.444632104999982, -41.077390162999961 ], [ -71.444346569999936, -41.077789911999957 ], [ -71.444022962999952, -41.078227732999949 ], [ -71.443680320999988, -41.078760731999978 ], [ -71.443347195999934, -41.079426980999983 ], [ -71.442976, -41.080131301999984 ], [ -71.442452518999971, -41.080883210999957 ], [ -71.442073902999937, -41.081533784999976 ], [ -71.441881447999947, -41.081825477999985 ], [ -71.441653019999933, -41.082053905999942 ], [ -71.44126278799996, -41.08236799499997 ], [ -71.440805931999932, -41.082567869999934 ], [ -71.440406304999954, -41.082750680999936 ], [ -71.44033679599994, -41.082914139999957 ], [ -71.440307855999947, -41.083152968999968 ], [ -71.440317370999935, -41.083410038999943 ], [ -71.440224103999981, -41.083612115999983 ], [ -71.440018289999955, -41.083835633999968 ], [ -71.439848110999947, -41.084001225999941 ], [ -71.439734254999962, -41.084327610999935 ], [ -71.439637209999944, -41.08476798199996 ], [ -71.43930142399995, -41.085222938999948 ], [ -71.439221439999983, -41.085443790999932 ], [ -71.43900373699995, -41.085686615999975 ], [ -71.43879766699996, -41.085965739999949 ], [ -71.43845502399995, -41.08630838199997 ], [ -71.437941060999947, -41.086612952999985 ], [ -71.437592851999966, -41.086697934999961 ], [ -71.437359970999978, -41.086810471999968 ], [ -71.43719866899994, -41.087041255999964 ], [ -71.437036864999982, -41.087212577999935 ], [ -71.436856025999987, -41.08742196999998 ], [ -71.436823896999954, -41.087496938999948 ], [ -71.436545916999933, -41.087751752999964 ], [ -71.436256574999959, -41.087964952999982 ], [ -71.435601746999964, -41.087888809999981 ], [ -71.435205804999953, -41.088071552999963 ], [ -71.434962147999954, -41.088345666999942 ], [ -71.434926685999983, -41.08835695099998 ], [ -71.434931690999974, -41.088437037999938 ], [ -71.43473371999994, -41.088513180999939 ], [ -71.434474833999957, -41.088497951999955 ], [ -71.43433016299997, -41.088345666999942 ], [ -71.43403320699997, -41.088239066999961 ], [ -71.433439292999935, -41.087980180999978 ], [ -71.432830150999962, -41.087934495999946 ], [ -71.432601722999948, -41.088102009999943 ], [ -71.432580435999967, -41.088165870999944 ], [ -71.43252765799997, -41.08816027499995 ], [ -71.432139329999984, -41.088426774999959 ], [ -71.431347445999961, -41.08941662999996 ], [ -71.430997188999982, -41.089827800999956 ], [ -71.430764605999968, -41.090165488999958 ], [ -71.43073726199998, -41.090206182999964 ], [ -71.430637323999974, -41.090282325999965 ], [ -71.430508832999976, -41.090329914999984 ], [ -71.430458546999944, -41.090327903999935 ], [ -71.430405183999937, -41.090306881999936 ], [ -71.430343317999984, -41.090237876999936 ], [ -71.430300487999943, -41.090121283999963 ], [ -71.430255277999947, -41.09004989999994 ], [ -71.43020292999995, -41.08995472099997 ], [ -71.430152960999976, -41.089876198999946 ], [ -71.430062541999973, -41.089788158999966 ], [ -71.429981639999937, -41.089733430999956 ], [ -71.429907876999948, -41.089657288999945 ], [ -71.429824595999946, -41.089597801999957 ], [ -71.429765108999959, -41.089585904999979 ], [ -71.429690467999933, -41.089627564999944 ], [ -71.42968553999998, -41.089625593999983 ], [ -71.429542771999934, -41.089620834999948 ], [ -71.429457111999966, -41.089597040999934 ], [ -71.429380968999965, -41.089497102999985 ], [ -71.429314343999977, -41.089454272999944 ], [ -71.429209647999983, -41.08941144299996 ], [ -71.429071638999972, -41.089368612999976 ], [ -71.428886040999942, -41.089306746999966 ], [ -71.428855445999943, -41.089301254999953 ], [ -71.428737815999966, -41.089283078999983 ], [ -71.428609324999968, -41.089271181999948 ], [ -71.428433244999951, -41.089302114999953 ], [ -71.428166745999988, -41.08936160099995 ], [ -71.42806442899996, -41.089413948999947 ], [ -71.427938316999985, -41.089463917999979 ], [ -71.427876451999964, -41.089490091999949 ], [ -71.427812205999942, -41.089530542999967 ], [ -71.427650402999973, -41.089618582999947 ], [ -71.427574259999972, -41.089678068999945 ], [ -71.427457665999952, -41.089725658999953 ], [ -71.427333933999932, -41.089801800999965 ], [ -71.427267308999944, -41.089863666999975 ], [ -71.427159722999988, -41.089927542999931 ], [ -71.426862289999974, -41.09024876999996 ], [ -71.426576754999985, -41.090641380999955 ], [ -71.426231732999952, -41.090855531999978 ], [ -71.425696353999967, -41.091176759999939 ], [ -71.425256153999953, -41.091390910999962 ], [ -71.424720774999969, -41.091735932999939 ], [ -71.424271415999954, -41.091914958999951 ], [ -71.424107807999974, -41.091918402999966 ], [ -71.423955034999949, -41.091873975999931 ], [ -71.423863086999972, -41.091771096999935 ], [ -71.423870769999951, -41.091637534999961 ], [ -71.423966898999936, -41.091511639999965 ], [ -71.424029124999947, -41.091491272999974 ], [ -71.424064428999941, -41.09142382899995 ], [ -71.424113367999951, -41.091384683999934 ], [ -71.424215926999977, -41.091344410999966 ], [ -71.424251180999988, -41.091330566999943 ], [ -71.424440474999983, -41.091256233999957 ], [ -71.424690317999989, -41.091063496999936 ], [ -71.425018683999951, -41.090832689999957 ], [ -71.425094826999953, -41.090585225999973 ], [ -71.425009165999938, -41.090471010999977 ], [ -71.424847362999969, -41.090375832999939 ], [ -71.424676040999941, -41.09023306499995 ], [ -71.424409541999978, -41.090175957999975 ], [ -71.424218480999969, -41.09021563999994 ], [ -71.423933649999981, -41.090347279999946 ], [ -71.423648113999946, -41.090471010999977 ], [ -71.423381614999983, -41.090642332999948 ], [ -71.423067525999954, -41.090642332999948 ], [ -71.422781989999976, -41.090689921999967 ], [ -71.422525008999969, -41.090785099999948 ], [ -71.422268026999973, -41.090984974999969 ], [ -71.422049115999982, -41.091092050999976 ], [ -71.421913486999983, -41.091256233999957 ], [ -71.421792134999976, -41.091448969999931 ], [ -71.421699335999961, -41.091577460999929 ], [ -71.421577982999963, -41.091748781999968 ], [ -71.421449491999965, -41.091862995999975 ], [ -71.421313862999966, -41.091862995999975 ], [ -71.421249617999933, -41.091820165999934 ], [ -71.421292447999974, -41.091734504999977 ], [ -71.421420938999972, -41.091577460999929 ], [ -71.421677920999969, -41.091220541999974 ], [ -71.421749303999945, -41.090984974999969 ], [ -71.421820687999968, -41.090785099999948 ], [ -71.42188075699994, -41.090651790999971 ], [ -71.421886341999937, -41.090638758999944 ], [ -71.421952139999973, -41.090485227999977 ], [ -71.422094907999963, -41.090199692999931 ], [ -71.421999729999982, -41.089771389999953 ], [ -71.42178557799997, -41.089414470999941 ], [ -71.421737988999951, -41.089152729999967 ], [ -71.421928345999959, -41.08891478399994 ], [ -71.422125258999984, -41.087901193999983 ], [ -71.422210919999941, -41.087387229999933 ], [ -71.422210919999941, -41.086530623999977 ], [ -71.422248990999947, -41.086073767999949 ], [ -71.422377063999988, -41.085696938999945 ], [ -71.422547005999945, -41.085464565999985 ], [ -71.422761156999968, -41.085179029999949 ], [ -71.422880129999953, -41.084988673999931 ], [ -71.423070486999961, -41.084703137999952 ], [ -71.42349878999994, -41.084251040999959 ], [ -71.423867207999933, -41.083944025999983 ], [ -71.423927092999975, -41.083894121999947 ], [ -71.424212627999964, -41.083251666999956 ], [ -71.424533273999941, -41.082809146999978 ], [ -71.424695076999967, -41.082495057999949 ], [ -71.424733147999973, -41.082190486999934 ], [ -71.424795595999967, -41.081883476999963 ], [ -71.424926466999977, -41.081776400999956 ], [ -71.425188206999962, -41.081371892999982 ], [ -71.425402358999975, -41.080991178999966 ], [ -71.426021018999961, -41.080277340999942 ], [ -71.42621137499998, -41.080039394999972 ], [ -71.426544499999977, -41.079706269999974 ], [ -71.426949007999951, -41.079349350999962 ], [ -71.427234543999987, -41.078968636999946 ], [ -71.427513404999956, -41.078585202999932 ], [ -71.427643479999972, -41.078470286999959 ], [ -71.427962635999961, -41.078225118999967 ], [ -71.428362384999957, -41.077939583999978 ], [ -71.428878707999957, -41.077468409999938 ], [ -71.429257084999961, -41.07727921999998 ], [ -71.42950463699998, -41.077099182999973 ], [ -71.429828155999985, -41.07673194399996 ], [ -71.430113690999974, -41.076493997999933 ], [ -71.43063717299998, -41.076137078999977 ], [ -71.431041680999954, -41.075684980999938 ], [ -71.431398599999966, -41.075328061999983 ], [ -71.431612751999978, -41.075042526999937 ], [ -71.431779313999982, -41.074638018999963 ], [ -71.432255205999979, -41.074138331999961 ], [ -71.432659714999943, -41.073757617999945 ], [ -71.432754892999981, -41.073686233999979 ], [ -71.43313560699994, -41.073424493999937 ], [ -71.433706676999975, -41.072901011999932 ], [ -71.433840784999973, -41.072715323999944 ], [ -71.43420340299997, -41.072330000999955 ], [ -71.434698160999972, -41.071761619999961 ], [ -71.434848818999967, -41.071663691999959 ], [ -71.435324710999964, -41.07137815699997 ], [ -71.435586451999939, -41.071164005999947 ], [ -71.435871986999985, -41.070830880999949 ], [ -71.436133727999959, -41.070592934999979 ], [ -71.436347878999982, -41.070497756999941 ], [ -71.436591392999958, -41.070223803999966 ], [ -71.436757845999978, -41.069897619999949 ], [ -71.437132754999936, -41.069702050999979 ], [ -71.437299662999976, -41.069593560999976 ], [ -71.437418635999961, -41.069355614999949 ], [ -71.437522194999985, -41.069243425999957 ], [ -71.438125170999967, -41.068886436999946 ], [ -71.438332594999963, -41.06876359499995 ], [ -71.438704129999962, -41.068511996999973 ], [ -71.439228824999987, -41.068275398999958 ], [ -71.439343038999937, -41.068113595999932 ], [ -71.439666645999978, -41.067913720999968 ], [ -71.43986948099996, -41.067666197999984 ], [ -71.440178810999953, -41.067428251999957 ], [ -71.440202094999961, -41.06741078899995 ], [ -71.440365589999942, -41.067319833999932 ], [ -71.440649921999977, -41.067260562999934 ], [ -71.440925938999953, -41.067003580999938 ], [ -71.441135331999988, -41.066832259999956 ], [ -71.441325688999939, -41.066603831999942 ], [ -71.441449420999959, -41.066403956999977 ], [ -71.441706401999966, -41.066318295999963 ], [ -71.442106151999951, -41.066118421999931 ], [ -71.442382168999984, -41.066118421999931 ], [ -71.442553490999956, -41.066089867999949 ], [ -71.442991310999957, -41.065956617999973 ], [ -71.443295881999973, -41.06580433299996 ], [ -71.44361123799996, -41.065593269999965 ], [ -71.44375931899998, -41.065534259999936 ], [ -71.444101960999944, -41.065248724999947 ], [ -71.444872905999944, -41.064572957999985 ], [ -71.445358315999954, -41.064287422999939 ], [ -71.445748547999983, -41.064201761999982 ], [ -71.446262511999976, -41.06404947599998 ], [ -71.447092545999965, -41.063744343999986 ], [ -71.447601512999938, -41.063612625999951 ], [ -71.447893629999953, -41.063465145999942 ], [ -71.448384603999955, -41.063072065999961 ], [ -71.448904150999965, -41.062727893999977 ], [ -71.449798114999965, -41.062226684999985 ], [ -71.45050936399997, -41.06174939999994 ], [ -71.451080434999938, -41.061326807999933 ], [ -71.451594398999987, -41.060938479999948 ], [ -71.452188311999976, -41.060572993999983 ], [ -71.452679432999957, -41.060161823999977 ], [ -71.453124867999975, -41.059933394999973 ], [ -71.453486833999989, -41.059849372999963 ], [ -71.453619790999937, -41.05980505399998 ], [ -71.45383394199996, -41.059626594999941 ], [ -71.454155169999979, -41.059483826999951 ], [ -71.454351474999953, -41.059287520999931 ], [ -71.45461916499994, -41.059162599999979 ], [ -71.454716702999974, -41.059116152999934 ], [ -71.455126156999938, -41.059070596999959 ], [ -71.455436549999945, -41.058780669999976 ], [ -71.455569981999986, -41.058696397999938 ], [ -71.455570182999963, -41.058696492999957 ], [ -71.455696693999982, -41.058629204999932 ], [ -71.456533307999962, -41.058121264999954 ], [ -71.456588545999978, -41.058007355999962 ], [ -71.456653603999939, -41.057913382999971 ], [ -71.45684990899997, -41.057574308999961 ], [ -71.457064060999983, -41.057360157999938 ], [ -71.457153289999951, -41.057217389999948 ], [ -71.457510209999953, -41.056985392999934 ], [ -71.457862259999956, -41.05685965999993 ], [ -71.458081919999984, -41.056833230999985 ], [ -71.458263539999962, -41.056663568999966 ], [ -71.458420352999951, -41.056574935999947 ], [ -71.458763160999979, -41.056428017999963 ], [ -71.458818899999983, -41.056388840999944 ], [ -71.458941455999934, -41.056312083999956 ], [ -71.459201058999952, -41.056072957999959 ], [ -71.459440908999966, -41.055730314999948 ], [ -71.45968075899998, -41.055307722999942 ], [ -71.459920607999948, -41.054873708999935 ], [ -71.460240407999947, -41.05451964599996 ], [ -71.460583049999968, -41.054371166999942 ], [ -71.461302598999964, -41.054085631999953 ], [ -71.461976462999985, -41.053697303999968 ], [ -71.462490425999988, -41.053468875999954 ], [ -71.46299296899997, -41.053149075999954 ], [ -71.463294466999969, -41.052902395999979 ], [ -71.46331276799998, -41.052863540999965 ], [ -71.463564038999948, -41.052406683999948 ], [ -71.464100845999951, -41.051984091999941 ], [ -71.464591965999944, -41.051755663999984 ], [ -71.465060243999972, -41.051447285999984 ], [ -71.465482836999968, -41.051184592999959 ], [ -71.465626993999933, -41.051177027999984 ], [ -71.46590734199998, -41.051162315999932 ], [ -71.466208001999973, -41.051245807999976 ], [ -71.466361144999951, -41.051222970999959 ], [ -71.466527455999938, -41.05106756899994 ], [ -71.466593801999977, -41.051042688999985 ], [ -71.466660583999953, -41.050970768999946 ], [ -71.467020919999982, -41.050765807999937 ], [ -71.467097537999962, -41.050711323999963 ], [ -71.467363562999935, -41.050522150999939 ], [ -71.467949861999955, -41.050270879999971 ], [ -71.468452403999947, -41.050057679999952 ], [ -71.46892448899996, -41.049836865999964 ], [ -71.469350887999951, -41.049501837999969 ], [ -71.469625001999987, -41.049166809999974 ], [ -71.469912220999959, -41.048843688999966 ], [ -71.470216530999949, -41.04827656599997 ], [ -71.47041283599998, -41.047955338999941 ], [ -71.470573449999961, -41.047669802999962 ], [ -71.470681494999951, -41.047483179999972 ], [ -71.470769754999935, -41.047330729999942 ], [ -71.470894676999933, -41.047116578999976 ], [ -71.471001752999939, -41.04700950299997 ], [ -71.471251595999945, -41.046884580999972 ], [ -71.471389619999968, -41.046784106999951 ], [ -71.471484797999949, -41.046707964999939 ], [ -71.471618047999982, -41.046679410999957 ], [ -71.471741779999945, -41.046727 ], [ -71.471794127999942, -41.046784106999951 ], [ -71.471779841999933, -41.046859684999959 ], [ -71.471817913999985, -41.046989126999961 ], [ -71.472015884999962, -41.047095726999942 ], [ -71.472267155999987, -41.047194712999953 ], [ -71.472526040999981, -41.047232783999959 ], [ -71.472792540999933, -41.047232783999959 ], [ -71.472924334999959, -41.047232783999959 ], [ -71.472988617999988, -41.047269516999961 ], [ -71.472995128999969, -41.047425802999953 ], [ -71.472929597999951, -41.047476440999958 ], [ -71.47290675499994, -41.047621111999945 ], [ -71.472899140999971, -41.047803854999984 ], [ -71.472899140999971, -41.048032282999941 ], [ -71.472853454999949, -41.04829878299995 ], [ -71.472891525999955, -41.048496753999984 ], [ -71.472944825999946, -41.048961224999971 ], [ -71.472998125999936, -41.049334323999972 ], [ -71.472998125999936, -41.04963889499993 ], [ -71.47319609699997, -41.049814022999954 ], [ -71.473424525999974, -41.049836865999964 ], [ -71.473607375999961, -41.049771039999939 ], [ -71.473670909999953, -41.049803524999959 ], [ -71.473744668999984, -41.04993821599993 ], [ -71.473692937999942, -41.050248602999943 ], [ -71.473607276999985, -41.050695940999958 ], [ -71.473426437999933, -41.051333636999971 ], [ -71.473325896999938, -41.051718353999945 ], [ -71.47338300399997, -41.052106681999931 ], [ -71.473462953999956, -41.052346530999955 ], [ -71.473714224999981, -41.052586380999969 ], [ -71.474136816999987, -41.052780544999962 ], [ -71.474657177999973, -41.052964760999942 ], [ -71.475313909999954, -41.053145599999937 ], [ -71.475970640999947, -41.053316921999965 ], [ -71.476273980999963, -41.053303450999977 ], [ -71.476451975999964, -41.053248001999975 ], [ -71.476824308999937, -41.053246723999962 ], [ -71.477490557999943, -41.053360937999969 ], [ -71.478632698999945, -41.053560811999944 ], [ -71.479765322999981, -41.053836829999966 ], [ -71.480878909999944, -41.053932007999947 ], [ -71.482457130999933, -41.053929026999981 ], [ -71.482838289999961, -41.053847524999981 ], [ -71.482922851999945, -41.053844504999972 ], [ -71.483091697999953, -41.053793338999981 ], [ -71.483206357999961, -41.053768821999938 ], [ -71.483308910999938, -41.05372751699997 ], [ -71.483511768999961, -41.053666044999943 ], [ -71.483631726999988, -41.053597496999942 ], [ -71.483950332999939, -41.053469172999939 ], [ -71.483999349999976, -41.05338063399995 ], [ -71.484118530999979, -41.053309125999931 ], [ -71.484314836999943, -41.053023589999952 ], [ -71.484359606999988, -41.052871372999959 ], [ -71.484404066999957, -41.052720208999972 ], [ -71.484528987999965, -41.052506057999949 ], [ -71.484760985999969, -41.052184830999977 ], [ -71.484850214999938, -41.052042062999931 ], [ -71.485046520999958, -41.051952832999973 ], [ -71.485385110999971, -41.05185802799997 ], [ -71.485647534999941, -41.051804680999965 ], [ -71.486206507999952, -41.051720835999959 ], [ -71.486464035999973, -41.051644665999959 ], [ -71.48696296199995, -41.05158997999996 ], [ -71.487467752999976, -41.051402803999963 ], [ -71.487467231999972, -41.051407879999942 ], [ -71.487594761999958, -41.051355708999949 ], [ -71.487646201999951, -41.051336634999984 ], [ -71.488336726999933, -41.051276701999939 ], [ -71.488899332999949, -41.051215026999955 ], [ -71.489025780999953, -41.051126764999935 ], [ -71.489061860999982, -41.051131918999943 ], [ -71.489400933999946, -41.051042688999985 ], [ -71.489565381999967, -41.050878241999953 ], [ -71.489579393999975, -41.050864229999945 ], [ -71.489592159999972, -41.050843483999984 ], [ -71.489703430999953, -41.050662668999962 ], [ -71.489760140999977, -41.05062470699994 ], [ -71.489879435999967, -41.050403573999972 ], [ -71.489954158999979, -41.050328850999961 ], [ -71.490061234999985, -41.050221774999955 ], [ -71.490123894999954, -41.050159115999975 ], [ -71.490617962999977, -41.050034445999984 ], [ -71.491042293999953, -41.049830892999978 ], [ -71.491363989999968, -41.049757779999936 ], [ -71.491621888999987, -41.049729124999942 ], [ -71.492129879999936, -41.049718133999932 ], [ -71.492690554999967, -41.049610906999931 ], [ -71.493071268999984, -41.049620424999944 ], [ -71.493618322999964, -41.049492345999965 ], [ -71.494016435999981, -41.049362841999937 ], [ -71.494064141999957, -41.049347322999949 ], [ -71.494067496999946, -41.049347322999949 ], [ -71.494327623999936, -41.049268264999967 ], [ -71.494660747999944, -41.04924922899994 ], [ -71.495374586999958, -41.04927778299998 ], [ -71.495888549999961, -41.049334889999955 ], [ -71.496820249999985, -41.049328441999933 ], [ -71.497611279999944, -41.049220674999958 ], [ -71.498268010999936, -41.049096943999984 ], [ -71.49888667099998, -41.048906586999976 ], [ -71.499377267999932, -41.048701267999945 ], [ -71.499617178999983, -41.048362936999979 ], [ -71.499841393999986, -41.048120178999966 ], [ -71.5, -41.047958121999955 ], [ -71.5, -41.047440348999942 ], [ -71.5, -41.047154710999962 ], [ -71.5, -41.045833332999962 ], [ -71.5, -41.041666666999959 ], [ -71.5, -41.041146072999936 ], [ -71.5, -41.03763874699996 ], [ -71.5, -41.0375 ], [ -71.5, -41.036888337999983 ], [ -71.5, -41.036192034999942 ], [ -71.5, -41.033333332999973 ], [ -71.5, -41.032996418999971 ], [ -71.5, -41.029166665999981 ], [ -71.5, -41.025094356999944 ], [ -71.499493991999941, -41.025622596999938 ], [ -71.499108519999936, -41.025922408999975 ], [ -71.498902733999955, -41.026000615999976 ], [ -71.498644109999987, -41.026098902999934 ], [ -71.498080592999941, -41.026179390999971 ], [ -71.497652289999962, -41.026422095999976 ], [ -71.497109772999977, -41.02680756899997 ], [ -71.496453040999938, -41.027378638999949 ], [ -71.496196058999942, -41.027635620999945 ], [ -71.495782032999955, -41.027978262999966 ], [ -71.49539656099995, -41.028320905999976 ], [ -71.494925426999941, -41.028649270999949 ], [ -71.494268695999949, -41.029163234999942 ], [ -71.493754732999946, -41.029420216999938 ], [ -71.493469196999968, -41.029548707999936 ], [ -71.493212214999971, -41.029605814999968 ], [ -71.492544575999943, -41.029656736999982 ], [ -71.492406857999981, -41.029688613999951 ], [ -71.492203755999981, -41.029722208999942 ], [ -71.492093743999988, -41.029740405999974 ], [ -71.491984952999985, -41.029851446999942 ], [ -71.491623343999947, -41.030220535999945 ], [ -71.491236703999959, -41.030321805999961 ], [ -71.49097839999996, -41.030194442999971 ], [ -71.490915476999987, -41.029905400999951 ], [ -71.49109393599997, -41.029584173999979 ], [ -71.491365669999936, -41.029327535999983 ], [ -71.491522238999949, -41.029179664999958 ], [ -71.491730402999963, -41.028460779999932 ], [ -71.491807774999984, -41.028073215999939 ], [ -71.491617417999976, -41.027835269999969 ], [ -71.49151034199997, -41.027549733999933 ], [ -71.491438957999947, -41.027038149999953 ], [ -71.491486546999965, -41.026609846999975 ], [ -71.491629314999955, -41.026157749999982 ], [ -71.491831568999942, -41.02562237099994 ], [ -71.492117104999977, -41.024932326999931 ], [ -71.492521612999951, -41.023932953999974 ], [ -71.492723866999938, -41.023266704999969 ], [ -71.492759558999978, -41.022790811999982 ], [ -71.492545407999955, -41.022517173999972 ], [ -71.492402639999966, -41.022291125999971 ], [ -71.492199833999962, -41.022107977999951 ], [ -71.492417882999973, -41.021787889999985 ], [ -71.492509715999972, -41.02147021199994 ], [ -71.492513592999956, -41.021029081999984 ], [ -71.492573827999934, -41.020879672999968 ], [ -71.492555841999945, -41.020402880999939 ], [ -71.492541418999963, -41.02002054899998 ], [ -71.492525299999954, -41.019593234999945 ], [ -71.492319135999935, -41.019170033999956 ], [ -71.492238793999945, -41.018694591999974 ], [ -71.491974943999935, -41.018317654999976 ], [ -71.491832840999962, -41.017938083999979 ], [ -71.491695575999984, -41.017607926999972 ], [ -71.49149654699994, -41.017373640999949 ], [ -71.491446747999987, -41.017281177999962 ], [ -71.49129523199997, -41.016999851999969 ], [ -71.491117730999974, -41.016628007999941 ], [ -71.491117730999974, -41.016152115999944 ], [ -71.491279105999979, -41.015822804999971 ], [ -71.491279396999971, -41.015712705999931 ], [ -71.491391558999965, -41.015377153999964 ], [ -71.49151034199997, -41.015021871999977 ], [ -71.491546033999953, -41.014736336999931 ], [ -71.49151034199997, -41.014450801999942 ], [ -71.491450855999972, -41.014153368999985 ], [ -71.491458783999974, -41.013849620999963 ], [ -71.491261040999973, -41.013570289999961 ], [ -71.491307116999963, -41.013137128999972 ], [ -71.491414018999933, -41.01266213699995 ], [ -71.491333693999934, -41.012186692999933 ], [ -71.491690934999951, -41.011652266999931 ], [ -71.491799527999945, -41.01122225499995 ], [ -71.49169068599997, -41.011067092999951 ], [ -71.491580258999988, -41.010371672999952 ], [ -71.491430296999965, -41.009704160999945 ], [ -71.49140876499996, -41.009132909999948 ], [ -71.491264992999959, -41.008708355999943 ], [ -71.491311236999934, -41.008279692999963 ], [ -71.491291572999955, -41.00775791999996 ], [ -71.491296190999947, -41.007383801999936 ], [ -71.491165319999936, -41.007098266999947 ], [ -71.491111270999966, -41.006946936999952 ], [ -71.491165272999979, -41.006666220999932 ], [ -71.491415163999989, -41.00647960699996 ], [ -71.491581725999936, -41.006134584999984 ], [ -71.491686322999954, -41.005696600999954 ], [ -71.491788896999935, -41.005393664999986 ], [ -71.491913581999938, -41.005025430999979 ], [ -71.49213786699994, -41.004354325999941 ], [ -71.492434583999966, -41.003870724999956 ], [ -71.492735764999964, -41.003124566999929 ], [ -71.492973710999934, -41.002446420999945 ], [ -71.493073678999963, -41.00192158599998 ], [ -71.493127608999941, -41.001851457999976 ], [ -71.493343805999984, -41.001570326999968 ], [ -71.493402013999969, -41.001494635999961 ], [ -71.493687548999958, -41.001316176999978 ], [ -71.494087311999976, -41.000976365999975 ], [ -71.494203001999949, -41.00073526999995 ], [ -71.494176034999953, -41.0 ], [ -71.488497945999939, -41.0 ], [ -71.48462656199996, -41.0 ], [ -71.480997883999976, -41.0 ], [ -71.461774218999949, -41.0 ], [ -71.461185326999953, -41.0 ], [ -71.461185313999977, -41.00000003699995 ], [ -71.46104811899994, -41.000403411999969 ], [ -71.460935200999984, -41.000748856999962 ], [ -71.460976636999987, -41.001186290999954 ], [ -71.461084836999987, -41.002403650999952 ], [ -71.461235708999936, -41.003753500999949 ], [ -71.462021898999978, -41.00493731499995 ], [ -71.46201866499996, -41.005231547999983 ], [ -71.46166640399997, -41.005905330999951 ], [ -71.461301742999979, -41.006246250999936 ], [ -71.460995362999938, -41.006396851999966 ], [ -71.460789383999952, -41.006631167999956 ], [ -71.46070388399994, -41.006699694999952 ], [ -71.460525276999988, -41.006970312999954 ], [ -71.46045182599994, -41.007362557999954 ], [ -71.460459266999976, -41.007562500999938 ], [ -71.46053593299996, -41.007932481999944 ], [ -71.460512944999948, -41.008666680999966 ], [ -71.46020933799997, -41.00898862899993 ], [ -71.460070215999963, -41.009129601999973 ] ], [ [ -71.398193717999959, -41.097902239999939 ], [ -71.399258376999967, -41.097737132999953 ], [ -71.401268752999954, -41.097599942999977 ], [ -71.401400511999952, -41.097518148999939 ], [ -71.401508304999936, -41.097557646999974 ], [ -71.401622667999959, -41.097599552999952 ], [ -71.401682154999946, -41.097742320999942 ], [ -71.40157507899994, -41.098063547999971 ], [ -71.401577974999952, -41.098308139999972 ], [ -71.401712516999964, -41.098543548999942 ], [ -71.401789331999964, -41.098923090999961 ], [ -71.401804948999938, -41.099351552999963 ], [ -71.401602897999965, -41.099856018999958 ], [ -71.401300369999944, -41.100195829999961 ], [ -71.401038846999938, -41.10079682099996 ], [ -71.400710913999944, -41.101303909999956 ], [ -71.400846326999954, -41.101563123999938 ], [ -71.401243029999989, -41.102078924999944 ], [ -71.401259512999957, -41.102531189999979 ], [ -71.401136001999987, -41.103462804999936 ], [ -71.400863188999949, -41.103754350999964 ], [ -71.400482709999949, -41.104548392999959 ], [ -71.400148434999949, -41.105746436999937 ], [ -71.399764468999933, -41.106445262999955 ], [ -71.399138263999987, -41.107411171999956 ], [ -71.399000846999968, -41.107961928999941 ], [ -71.398357282999939, -41.108451764999984 ], [ -71.397763656999985, -41.108583235999959 ], [ -71.397231237999961, -41.10866578599996 ], [ -71.397017865999942, -41.108860799999945 ], [ -71.396558780999953, -41.109227677999968 ], [ -71.395942329999968, -41.109597828999938 ], [ -71.395299902999966, -41.109253871999954 ], [ -71.394852371999946, -41.109072607999963 ], [ -71.394460864999985, -41.108699605999959 ], [ -71.394251270999973, -41.108132247999947 ], [ -71.393832626999938, -41.107878915999947 ], [ -71.393163944999969, -41.107678420999946 ], [ -71.392212891999975, -41.10750761099996 ], [ -71.391884350999987, -41.107133291999958 ], [ -71.39171057599998, -41.106684291999954 ], [ -71.391126820999943, -41.106219984999939 ], [ -71.390737079999951, -41.105894575999969 ], [ -71.390697834999969, -41.105680996999979 ], [ -71.390690924999944, -41.105490567999937 ], [ -71.39067969499996, -41.105181121999976 ], [ -71.390558173999977, -41.105047265999985 ], [ -71.390165562999982, -41.104975881999962 ], [ -71.389971808999974, -41.104767028999959 ], [ -71.390181734999942, -41.104476812999962 ], [ -71.390521856999953, -41.104303001999938 ], [ -71.390417083999978, -41.104019318999974 ], [ -71.390658474999952, -41.103728448999959 ], [ -71.391269720999958, -41.10321550499998 ], [ -71.392093460999945, -41.102483749999976 ], [ -71.392238704999954, -41.102147230999947 ], [ -71.392104187999962, -41.101911809999933 ], [ -71.391939067999942, -41.101700845999972 ], [ -71.392147247999958, -41.101363019999951 ], [ -71.392677021999987, -41.101209084999937 ], [ -71.393079191999959, -41.101010154999983 ], [ -71.393516285999965, -41.100905784999952 ], [ -71.393826641999965, -41.100780225999983 ], [ -71.393940405999956, -41.100444358999937 ], [ -71.393839084999968, -41.10025589299994 ], [ -71.394083906999981, -41.100060230999929 ], [ -71.394233460999942, -41.099842727999942 ], [ -71.39454208099994, -41.099669559999938 ], [ -71.395131308999964, -41.099419089999969 ], [ -71.395629592999967, -41.099265795999941 ], [ -71.395914527999935, -41.099307510999949 ], [ -71.396260666999979, -41.099300308999943 ], [ -71.396784353999976, -41.09897972999994 ], [ -71.397496835999959, -41.098655217999976 ], [ -71.397833442999968, -41.098386172999938 ], [ -71.398193717999959, -41.097902239999939 ] ], [ [ -71.382455670999946, -41.093613491999974 ], [ -71.382604694999941, -41.093595667999978 ], [ -71.382701612999938, -41.093622695999954 ], [ -71.382755671999973, -41.093705549999981 ], [ -71.382767568999952, -41.093842368999958 ], [ -71.382713488999968, -41.093951187999949 ], [ -71.382809948999977, -41.094006363999938 ], [ -71.383051760999933, -41.093901309999978 ], [ -71.383256330999984, -41.09381131799995 ], [ -71.383433817999958, -41.09386021499995 ], [ -71.383487355999989, -41.093985136999947 ], [ -71.383463561999974, -41.094062468999937 ], [ -71.383362434999981, -41.094151698999951 ], [ -71.383366219999971, -41.094237832999966 ], [ -71.383463561999974, -41.094240928999966 ], [ -71.383552790999943, -41.094234979999953 ], [ -71.383769277999988, -41.094150878999983 ], [ -71.383855524999944, -41.094184825999946 ], [ -71.383927556999936, -41.094252825999945 ], [ -71.383874018999961, -41.094348004999972 ], [ -71.383737199999985, -41.09447292599998 ], [ -71.383644989999937, -41.094632264999973 ], [ -71.383918079999944, -41.094869591999952 ], [ -71.384075232999976, -41.094875471999956 ], [ -71.384445088999939, -41.094865537999965 ], [ -71.384629497999981, -41.094877434999944 ], [ -71.38478416199996, -41.094913126999984 ], [ -71.385129183999936, -41.09512727799995 ], [ -71.385194619999936, -41.095270045999939 ], [ -71.385158927999953, -41.095454453999935 ], [ -71.385111337999945, -41.095537734999937 ], [ -71.385034005999955, -41.095579375999932 ], [ -71.384926929999949, -41.095615067999972 ], [ -71.384819853999943, -41.095734040999957 ], [ -71.38481362999994, -41.095793171999958 ], [ -71.384807956999964, -41.09584706499993 ], [ -71.384891237999966, -41.095983883999963 ], [ -71.384968570999945, -41.096025524999959 ], [ -71.385105389999978, -41.096007678999968 ], [ -71.385164352999936, -41.095958635999978 ], [ -71.385317702999942, -41.095955458999981 ], [ -71.385370734999981, -41.09595969399993 ], [ -71.385533692999957, -41.095918448999953 ], [ -71.385735946999944, -41.095966037999972 ], [ -71.385878714999933, -41.09609095999997 ], [ -71.38590845799996, -41.09618613799995 ], [ -71.385878714999933, -41.096311059999948 ], [ -71.385789484999975, -41.096418135999954 ], [ -71.38560507699998, -41.096715567999979 ], [ -71.385390924999967, -41.096917822999956 ], [ -71.385147029999985, -41.097203357999945 ], [ -71.384843648999947, -41.097381817999974 ], [ -71.384558113999958, -41.097482944999967 ], [ -71.384071760999973, -41.09754389099993 ], [ -71.383802634999938, -41.097536481999953 ], [ -71.383523047999972, -41.097506738999982 ], [ -71.383267255999954, -41.097542430999965 ], [ -71.383041206999962, -41.097607865999976 ], [ -71.382880593999971, -41.097679249999942 ], [ -71.382660908999981, -41.09780699199996 ], [ -71.382497703999945, -41.097831054999972 ], [ -71.382321419999982, -41.09780417199994 ], [ -71.382098744999951, -41.097851587999969 ], [ -71.381934332999947, -41.097854988999984 ], [ -71.381738451999979, -41.097929093999937 ], [ -71.381524300999956, -41.097952887999952 ], [ -71.381399378999959, -41.097982630999979 ], [ -71.381286354999986, -41.097988579999935 ], [ -71.381161432999988, -41.097917195999969 ], [ -71.381188628999951, -41.09776321399994 ], [ -71.381322046999969, -41.097590019999984 ], [ -71.381559992999939, -41.097411560999944 ], [ -71.381649222999954, -41.097310433999951 ], [ -71.381786041999987, -41.097239049999985 ], [ -71.381839578999973, -41.09714981999997 ], [ -71.381809835999945, -41.097042743999964 ], [ -71.381678965999981, -41.097007051999981 ], [ -71.381536197999935, -41.097018949999949 ], [ -71.38141722499995, -41.097042743999964 ], [ -71.381257223999967, -41.097047147999945 ], [ -71.381078151999986, -41.097072487999981 ], [ -71.381024613999955, -41.096971359999941 ], [ -71.381043095999985, -41.09687291399996 ], [ -71.381274456999961, -41.096650132999969 ], [ -71.381452916999933, -41.096453827999937 ], [ -71.381607581999958, -41.096275367999965 ], [ -71.381756297999971, -41.096126651999953 ], [ -71.381857424999964, -41.096061216999942 ], [ -71.38196450099997, -41.096019575999946 ], [ -71.381952603999935, -41.095930345999932 ], [ -71.381910962999939, -41.095769732999941 ], [ -71.381827681999937, -41.09560911899996 ], [ -71.381809835999945, -41.095430658999931 ], [ -71.381732503999956, -41.095305737999979 ], [ -71.381588409999949, -41.095232240999962 ], [ -71.381240840999965, -41.095025034999935 ], [ -71.381139245999975, -41.094891193999956 ], [ -71.381220919999976, -41.094788204999929 ], [ -71.381339892999961, -41.09468112899998 ], [ -71.381319754999936, -41.094594613999959 ], [ -71.381275158999983, -41.094511617999956 ], [ -71.381327930999987, -41.094453642999952 ], [ -71.381482442999982, -41.094391148999932 ], [ -71.381631668999944, -41.094338036999943 ], [ -71.381750349999948, -41.094348004999972 ], [ -71.381893116999947, -41.094258774999957 ], [ -71.382041833999949, -41.094145750999985 ], [ -71.382125114999951, -41.094008931999952 ], [ -71.382184600999949, -41.093913752999981 ], [ -71.382291676999955, -41.093812625999931 ], [ -71.382339635999983, -41.09371785899998 ], [ -71.382455670999946, -41.093613491999974 ] ], [ [ -71.383311262999939, -41.057769933999964 ], [ -71.383176159999948, -41.057938996999951 ], [ -71.382979629999966, -41.057929099999967 ], [ -71.382836109999971, -41.057684478999931 ], [ -71.382754911999939, -41.057614692999948 ], [ -71.382689437999943, -41.057544582999981 ], [ -71.382217930999957, -41.057448057999977 ], [ -71.381730140999935, -41.057317187999956 ], [ -71.381289940999977, -41.057317187999956 ], [ -71.380610030999947, -41.057480382999984 ], [ -71.380183490999968, -41.057448057999977 ], [ -71.379911917999948, -41.057417106999935 ], [ -71.379748719999952, -41.057192782999948 ], [ -71.379923435999956, -41.056984711999974 ], [ -71.380470801999934, -41.05649621699996 ], [ -71.380954601999974, -41.056127333999939 ], [ -71.381339503999982, -41.056095611999979 ], [ -71.382095111999945, -41.055901266999967 ], [ -71.382269787999974, -41.055945296999937 ], [ -71.38234969399997, -41.055979376999971 ], [ -71.382557965999979, -41.056082266999965 ], [ -71.382851301999949, -41.05636205899998 ], [ -71.383154954999952, -41.056927497999936 ], [ -71.383423297999968, -41.057386467999947 ], [ -71.383457171999964, -41.057424336999929 ], [ -71.383453436999957, -41.057609203999959 ], [ -71.383311262999939, -41.057769933999964 ] ], [ [ -71.458574712999962, -41.014725419999934 ], [ -71.458386513999983, -41.014738964999935 ], [ -71.458082350999973, -41.014678754999977 ], [ -71.457551815999977, -41.014474435999944 ], [ -71.457354211999984, -41.014195041999983 ], [ -71.45691852799996, -41.013900753999962 ], [ -71.457068922999952, -41.013681997999981 ], [ -71.45712649799998, -41.013670050999963 ], [ -71.457399496999983, -41.01356894099996 ], [ -71.45770823099997, -41.013566251999976 ], [ -71.457768806999979, -41.013351430999933 ], [ -71.457856087999971, -41.013330511999982 ], [ -71.458031712999968, -41.013317235999978 ], [ -71.45819901699997, -41.013418480999974 ], [ -71.458481930999938, -41.013583959999949 ], [ -71.458625158999951, -41.013714303999961 ], [ -71.458771221999939, -41.013920816999985 ], [ -71.458786270999951, -41.013987196999949 ], [ -71.458891790999985, -41.014118345999975 ], [ -71.458948092999947, -41.014279131999956 ], [ -71.458949509999968, -41.014317215999938 ], [ -71.458953760999975, -41.014431468999931 ], [ -71.458763989999966, -41.014546799999948 ], [ -71.458574712999962, -41.014725419999934 ] ], [ [ -71.382073867999964, -41.093358876999957 ], [ -71.381981068999949, -41.09338743099994 ], [ -71.381920392999973, -41.093380291999949 ], [ -71.381824024999958, -41.093437398999981 ], [ -71.381756209999935, -41.093508782999947 ], [ -71.381602734999944, -41.093612289999953 ], [ -71.381467104999956, -41.093605150999963 ], [ -71.381392151999933, -41.093633704999945 ], [ -71.381313629999966, -41.093647981999936 ], [ -71.381206553999959, -41.093633704999945 ], [ -71.381178000999967, -41.093605150999963 ], [ -71.381192277999958, -41.093562320999979 ], [ -71.381238676999942, -41.093530197999939 ], [ -71.381313629999966, -41.093480229999955 ], [ -71.381392151999933, -41.093440968999971 ], [ -71.381484950999948, -41.09338743099994 ], [ -71.381631287999937, -41.093308908999973 ], [ -71.381731225999943, -41.093233955999949 ], [ -71.381827593999958, -41.093134017999944 ], [ -71.381888269999934, -41.093080479999969 ], [ -71.381948945999966, -41.093062633999978 ], [ -71.382045313999981, -41.093041218999986 ], [ -71.382152389999987, -41.093019803999937 ], [ -71.382255896999936, -41.093019803999937 ], [ -71.382320141999969, -41.093009096999936 ], [ -71.382412940999984, -41.093009096999936 ], [ -71.38248432499995, -41.093019803999937 ], [ -71.382505739999942, -41.093069772999968 ], [ -71.382491462999951, -41.093130448999943 ], [ -71.382455770999968, -41.093173278999984 ], [ -71.382423648999975, -41.093212539999968 ], [ -71.382313003999968, -41.093283923999934 ], [ -71.382248757999946, -41.093319615999974 ], [ -71.382152389999987, -41.093344600999956 ], [ -71.382073867999964, -41.093358876999957 ] ] ] } },
{ "type": "Feature", "properties": { "gid": 42908, "entidad": 3.0, "objeto": "Espejo de agua perenne", "fna": "Lago Nahuel Huapi", "gna": "Lago", "nam": "Nahuel Huapi", "sag": "IGN" }, "geometry": { "type": "MultiPolygon", "coordinates": [ [ [ [ -71.702343101999986, -41.02769967699993 ], [ -71.702290753999989, -41.027732988999958 ], [ -71.702233646999957, -41.027732988999958 ], [ -71.702205092999975, -41.027675881999983 ], [ -71.701929075999942, -41.027509319999979 ], [ -71.701743477999969, -41.027466489999938 ], [ -71.701567397999952, -41.027442694999934 ], [ -71.701443665999989, -41.027442694999934 ], [ -71.701315174999934, -41.027499801999966 ], [ -71.70121047799995, -41.027590221999958 ], [ -71.701181924999958, -41.02772822999998 ], [ -71.701234272999955, -41.027809131999959 ], [ -71.70133420999997, -41.027894792999973 ], [ -71.701381799999979, -41.027980452999941 ], [ -71.70139607599998, -41.028099425999983 ], [ -71.701443665999989, -41.028194604999953 ], [ -71.701534084999935, -41.028232675999959 ], [ -71.701643539999964, -41.028261229999941 ], [ -71.701767271999984, -41.028280264999978 ], [ -71.701867209999989, -41.028280264999978 ], [ -71.702114673999972, -41.028213639999933 ], [ -71.702209851999953, -41.028127979999965 ], [ -71.702305029999934, -41.027994729999932 ], [ -71.70238593199997, -41.027961417999961 ], [ -71.702457315999936, -41.027923345999966 ], [ -71.702566770999965, -41.027894792999973 ], [ -71.702661949999936, -41.027894792999973 ], [ -71.702771404999964, -41.027932863999979 ], [ -71.702937966999968, -41.027951899999948 ], [ -71.703085493999936, -41.027951899999948 ], [ -71.703156876999969, -41.027923345999966 ], [ -71.703275850999944, -41.027856720999978 ], [ -71.703299644999959, -41.027747265999949 ], [ -71.703261573999953, -41.027647328999933 ], [ -71.703166394999982, -41.02752359699997 ], [ -71.703099769999938, -41.027452212999947 ], [ -71.702985555999987, -41.027361792999955 ], [ -71.702838029999953, -41.027347516999953 ], [ -71.70268574399995, -41.027347516999953 ], [ -71.702576288999978, -41.027347516999953 ], [ -71.702438279999967, -41.027404623999985 ], [ -71.702357378999977, -41.027471248999973 ], [ -71.702328824999938, -41.027566426999954 ], [ -71.702314547999947, -41.027633051999942 ], [ -71.702343101999986, -41.02769967699993 ] ] ], [ [ [ -71.607154123999976, -41.027380411999957 ], [ -71.607296891999965, -41.027385169999945 ], [ -71.607363516999953, -41.027356616999953 ], [ -71.60741586499995, -41.027251920999959 ], [ -71.60735399899994, -41.027099634999956 ], [ -71.607339721999949, -41.027009215999954 ], [ -71.607377793999945, -41.026918795999961 ], [ -71.607373034999966, -41.026861688999929 ], [ -71.607334963999961, -41.026785545999985 ], [ -71.607196954999949, -41.026766510999948 ], [ -71.607130329999961, -41.026804581999954 ], [ -71.607101775999979, -41.026875965999977 ], [ -71.607173159999945, -41.026956866999967 ], [ -71.60717791899998, -41.027004456999975 ], [ -71.607125570999983, -41.027071081999964 ], [ -71.60705418699996, -41.027166259999944 ], [ -71.607025633999967, -41.027242402999946 ], [ -71.607082740999942, -41.027337580999983 ], [ -71.607154123999976, -41.027380411999957 ] ] ] ] } },
{ "type": "Feature", "properties": { "gid": 42909, "entidad": 3.0, "objeto": "Espejo de agua perenne", "fna": "Lago Nahuel Huapi", "gna": "Lago", "nam": "Nahuel Huapi", "sag": "IGN" }, "geometry": { "type": "Polygon", "coordinates": [ [ [ -71.736992130999965, -41.017492605999962 ], [ -71.736450907999938, -41.017724775999966 ], [ -71.735588352999969, -41.017867543999955 ], [ -71.734815027999957, -41.018040054999972 ], [ -71.734113086999969, -41.018343435999952 ], [ -71.733779962999961, -41.01840292199995 ], [ -71.733280275999959, -41.01837317899998 ], [ -71.732542538999951, -41.018135059999963 ], [ -71.732352181999943, -41.018111265999949 ], [ -71.731923878999964, -41.018039881999982 ], [ -71.731519370999933, -41.017992292999963 ], [ -71.731162450999989, -41.017944702999955 ], [ -71.730496201999983, -41.01782572999997 ], [ -71.730163077999975, -41.017730551999932 ], [ -71.729972720999967, -41.017587783999943 ], [ -71.729829952999978, -41.017445016999943 ], [ -71.729615801999955, -41.01727845399995 ], [ -71.729235087999939, -41.01713568699995 ], [ -71.72894955299995, -41.017088096999942 ], [ -71.728378481999982, -41.016945329999942 ], [ -71.72802156299997, -41.016945329999942 ], [ -71.727545670999973, -41.016826356999957 ], [ -71.727260134999938, -41.016754972999934 ], [ -71.72678424299994, -41.016636 ], [ -71.726260761999981, -41.016564615999982 ], [ -71.725808663999942, -41.016493231999959 ], [ -71.725570717999972, -41.016469437999945 ], [ -71.725142414999937, -41.016421847999936 ], [ -71.724737906999962, -41.016255285999932 ], [ -71.724618933999977, -41.016136312999947 ], [ -71.72452375499995, -41.015945955999939 ], [ -71.724404781999965, -41.015708009999969 ], [ -71.72428580899998, -41.015470063999942 ], [ -71.724214424999957, -41.015279706999934 ], [ -71.724166835999938, -41.015065555999968 ], [ -71.723928889999968, -41.014780019999932 ], [ -71.723571970999956, -41.014613457999985 ], [ -71.723262640999963, -41.014613457999985 ], [ -71.723000899999988, -41.014613457999985 ], [ -71.722762953999961, -41.014613457999985 ], [ -71.722477418999972, -41.014613457999985 ], [ -71.722287061999964, -41.014589662999981 ], [ -71.722001526999975, -41.014494484999943 ], [ -71.721485976999986, -41.014318007999975 ], [ -71.721069570999987, -41.014228777999961 ], [ -71.720682908999947, -41.01402057599995 ], [ -71.720385475999933, -41.013812372999951 ], [ -71.719790610999951, -41.013544682999964 ], [ -71.719314717999964, -41.013425709999979 ], [ -71.71880908299994, -41.013395966999951 ], [ -71.718481906999955, -41.013366223999981 ], [ -71.718214217999957, -41.013276993999966 ], [ -71.717797811999958, -41.013187763999952 ], [ -71.717193552999959, -41.013004817999956 ], [ -71.716846027999964, -41.012711871999954 ], [ -71.71634039199995, -41.012503668999955 ], [ -71.715864499999952, -41.012295465999955 ], [ -71.71547783799997, -41.012117006999972 ], [ -71.714615282999944, -41.012057519999985 ], [ -71.71345529599995, -41.01196828999997 ], [ -71.712771200999953, -41.01178983099993 ], [ -71.712265564999939, -41.011641114999975 ], [ -71.711789672999942, -41.011432911999975 ], [ -71.711075834999974, -41.011284194999973 ], [ -71.710361995999961, -41.011135478999961 ], [ -71.709767130999978, -41.011016505999976 ], [ -71.709439954999937, -41.010808302999976 ], [ -71.70875585999994, -41.010391897999966 ], [ -71.707833818999973, -41.010034977999965 ], [ -71.707209210999963, -41.009767288999967 ], [ -71.706346655999937, -41.009410369999955 ], [ -71.705067695999958, -41.00908319399997 ], [ -71.704591803999961, -41.009053450999943 ], [ -71.703703682999958, -41.009085888999948 ], [ -71.703074896999965, -41.008993963999956 ], [ -71.70112960299997, -41.009344153999962 ], [ -71.699916077999944, -41.009391742999981 ], [ -71.697703178999973, -41.009939018999944 ], [ -71.69508577199997, -41.010843214999966 ], [ -71.692968051999969, -41.011342900999978 ], [ -71.691754525999954, -41.011628436999956 ], [ -71.690683768999975, -41.011913971999945 ], [ -71.689922340999942, -41.011937766999949 ], [ -71.688423280999984, -41.01234227499998 ], [ -71.68730493399994, -41.01286575599994 ], [ -71.686138997999933, -41.013341648999983 ], [ -71.685092035999958, -41.013603388999968 ], [ -71.68342641299995, -41.014174459999936 ], [ -71.681284897999944, -41.014935886999979 ], [ -71.680687579999983, -41.014975705999973 ], [ -71.678769212999953, -41.01561034599996 ], [ -71.677234460999955, -41.015574653999977 ], [ -71.675699707999968, -41.015681728999937 ], [ -71.674272031999976, -41.015860188999966 ], [ -71.672487435999983, -41.015967264999972 ], [ -71.671131142999968, -41.016288491999944 ], [ -71.670131768999966, -41.017038021999952 ], [ -71.66895393599998, -41.018108779999977 ], [ -71.667526259999988, -41.01814447199996 ], [ -71.666491193999946, -41.018572774999939 ], [ -71.665598895999949, -41.019607839999935 ], [ -71.664813673999959, -41.021463819999951 ], [ -71.663278921999961, -41.023177031999978 ], [ -71.661387249999962, -41.023890869999946 ], [ -71.65913865999994, -41.024497632999953 ], [ -71.657496830999946, -41.024497632999953 ], [ -71.655176856999958, -41.024033637999935 ], [ -71.650815984999952, -41.023300473999939 ], [ -71.650369835999982, -41.023240986999951 ], [ -71.65025086299994, -41.023240986999951 ], [ -71.64980471399997, -41.023003040999981 ], [ -71.649418050999941, -41.022854324999969 ], [ -71.648466266999947, -41.022735351999984 ], [ -71.647897507999971, -41.022907761999932 ], [ -71.646235521999984, -41.022973297999954 ], [ -71.645581170999947, -41.022973297999954 ], [ -71.64489707599995, -41.023032783999952 ], [ -71.644221481999978, -41.023273370999959 ], [ -71.643439655999941, -41.023359959999937 ], [ -71.643082736999986, -41.023389702999964 ], [ -71.64242838499996, -41.023389702999964 ], [ -71.641774032999933, -41.023419446999981 ], [ -71.641327883999963, -41.023419446999981 ], [ -71.640762761999952, -41.023300473999939 ], [ -71.640316612999982, -41.023211243999981 ], [ -71.640048923999984, -41.023181499999964 ], [ -71.639513544999943, -41.023240986999951 ], [ -71.638948422999988, -41.023627648999934 ], [ -71.638680733999934, -41.023746621999976 ], [ -71.638234584999964, -41.023984568999936 ], [ -71.637907408999979, -41.024192770999946 ], [ -71.637461259999952, -41.024311743999931 ], [ -71.63665819199997, -41.02472814999993 ], [ -71.636360758999956, -41.024847122999972 ], [ -71.635974096999973, -41.024966095999957 ], [ -71.635408974999962, -41.025114812999959 ], [ -71.634873595999977, -41.025114812999959 ], [ -71.634248987999968, -41.025293271999942 ], [ -71.634130013999936, -41.025293271999942 ], [ -71.633475662999956, -41.025352758999929 ], [ -71.632970026999942, -41.025204041999984 ], [ -71.632702337999945, -41.024995838999985 ], [ -71.632464391999974, -41.024638919999973 ], [ -71.632315674999973, -41.024430716999973 ], [ -71.632107472999962, -41.024133284999948 ], [ -71.631899269999963, -41.023925081999948 ], [ -71.631810039999948, -41.023538419999966 ], [ -71.631661323999936, -41.023151756999937 ], [ -71.631393633999949, -41.022824580999952 ], [ -71.631244917999936, -41.02267586499994 ], [ -71.631066457999964, -41.022289202999957 ], [ -71.630917741999951, -41.022140485999955 ], [ -71.630471592999982, -41.021724080999945 ], [ -71.630174160999957, -41.021456390999958 ], [ -71.62969826799997, -41.021218444999931 ], [ -71.629371091999985, -41.021069728999976 ], [ -71.628954686999975, -41.020891268999947 ], [ -71.628508537999949, -41.020802038999932 ], [ -71.628151618999937, -41.020683065999947 ], [ -71.627854185999979, -41.020593836999979 ], [ -71.62746752399994, -41.020534349999934 ], [ -71.627110604999984, -41.020534349999934 ], [ -71.626783428999943, -41.020564092999962 ], [ -71.626456252999958, -41.020593836999979 ], [ -71.626129076999973, -41.020653322999976 ], [ -71.625861386999986, -41.020712809999964 ], [ -71.625653184999976, -41.020772295999961 ], [ -71.625326008999934, -41.020831782999949 ], [ -71.625058318999947, -41.020831782999949 ], [ -71.624744830999987, -41.020852561999959 ], [ -71.624017304999938, -41.020653322999976 ], [ -71.623690128999954, -41.020474863999937 ], [ -71.623422439999956, -41.020326146999935 ], [ -71.623125006999942, -41.020147687999952 ], [ -71.622768087999987, -41.020028714999967 ], [ -71.622292195999933, -41.01979076899994 ], [ -71.621846046999963, -41.019701538999982 ], [ -71.621464300999946, -41.019634273999941 ], [ -71.621013235999953, -41.019671794999965 ], [ -71.620507599999939, -41.019879997999965 ], [ -71.619972221999944, -41.020117943999935 ], [ -71.619585558999972, -41.020296403999964 ], [ -71.619139409999946, -41.020564092999962 ], [ -71.618782490999934, -41.020802038999932 ], [ -71.618455314999949, -41.021129214999974 ], [ -71.618128138999964, -41.02181330999997 ], [ -71.617949679999981, -41.022289202999957 ], [ -71.617771219999952, -41.022735351999984 ], [ -71.617384557999969, -41.023270729999979 ], [ -71.61720609799994, -41.023359959999937 ], [ -71.616730205999943, -41.023478932999978 ], [ -71.616284056999973, -41.023538419999966 ], [ -71.615927137999961, -41.023508675999949 ], [ -71.615570218999949, -41.023330216999966 ], [ -71.615302528999962, -41.023240986999951 ], [ -71.614975352999977, -41.023062526999979 ], [ -71.61470766399998, -41.023003040999981 ], [ -71.614410230999965, -41.023003040999981 ], [ -71.614142541999968, -41.023092270999939 ], [ -71.613964081999939, -41.023211243999981 ], [ -71.613964081999939, -41.023419446999981 ], [ -71.61387485299997, -41.023746621999976 ], [ -71.613309730999958, -41.024163027999975 ], [ -71.612982554999974, -41.024519946999931 ], [ -71.612625635999962, -41.024817379999945 ], [ -71.612417432999962, -41.024966095999957 ], [ -71.612030769999933, -41.025293271999942 ], [ -71.61161436499998, -41.025501474999942 ], [ -71.611376418999953, -41.025501474999942 ], [ -71.610900525999966, -41.025471731999971 ], [ -71.610573350999971, -41.025501474999942 ], [ -71.610037971999986, -41.025650190999954 ], [ -71.609621565999987, -41.025769163999939 ], [ -71.609234903999948, -41.025947623999969 ], [ -71.608461578999936, -41.026274799999953 ], [ -71.608193889999939, -41.026393772999938 ], [ -71.607926199999952, -41.026423515999966 ], [ -71.607599023999967, -41.026423515999966 ], [ -71.607301591999942, -41.026423515999966 ], [ -71.606974415999957, -41.026334285999951 ], [ -71.606766212999958, -41.026334285999951 ], [ -71.606587752999985, -41.026334285999951 ], [ -71.606111860999988, -41.026572231999978 ], [ -71.605665711999961, -41.026839921999965 ], [ -71.605457508999962, -41.027107610999963 ], [ -71.605249306999951, -41.027464529999975 ], [ -71.605130332999977, -41.027613246999977 ], [ -71.604862643999979, -41.027940421999972 ], [ -71.604594954999982, -41.028267597999957 ], [ -71.604429435999975, -41.028448164999929 ], [ -71.60443453299996, -41.028455809999969 ], [ -71.604320318999953, -41.02876989899994 ], [ -71.603977675999943, -41.028898389999938 ], [ -71.603820631999952, -41.028984049999963 ], [ -71.60346371299994, -41.029026880999936 ], [ -71.603401186999974, -41.029006038999967 ], [ -71.603078047999986, -41.029070665999939 ], [ -71.602750871999945, -41.029011179999941 ], [ -71.602744900999937, -41.029006294999931 ], [ -71.602707043999942, -41.029012603999945 ], [ -71.602709135999987, -41.028977032999933 ], [ -71.602423696999949, -41.028743490999943 ], [ -71.602542669999934, -41.028386570999942 ], [ -71.602750871999945, -41.02802965199993 ], [ -71.602959074999944, -41.02782144899993 ], [ -71.603375480999944, -41.027524016999962 ], [ -71.603881115999968, -41.027434786999947 ], [ -71.604327264999938, -41.027315813999962 ], [ -71.604713927999967, -41.026988637999978 ], [ -71.604862643999979, -41.026661461999936 ], [ -71.604951873999937, -41.026304542999981 ], [ -71.604981616999964, -41.026036853999983 ], [ -71.605070846999979, -41.025709677999942 ], [ -71.605189819999964, -41.025323014999969 ], [ -71.605427765999934, -41.024966095999957 ], [ -71.605635968999934, -41.024668663999933 ], [ -71.605814428999963, -41.024252257999933 ], [ -71.605814428999963, -41.023597905999964 ], [ -71.605814428999963, -41.023359959999937 ], [ -71.605754941999976, -41.023211243999981 ], [ -71.605308792999949, -41.022884067999939 ], [ -71.605070846999979, -41.022735351999984 ], [ -71.604951873999937, -41.02267586499994 ], [ -71.604922130999967, -41.022497404999967 ], [ -71.604862643999979, -41.022348688999955 ], [ -71.604594954999982, -41.02225945899994 ], [ -71.60444623799998, -41.022170229999972 ], [ -71.604148805999955, -41.022140485999955 ], [ -71.603791886999943, -41.021962026999972 ], [ -71.60382162999997, -41.02181330999997 ], [ -71.60402983299997, -41.021753823999973 ], [ -71.60465444099998, -41.021664593999958 ], [ -71.60489238699995, -41.021575363999943 ], [ -71.605189819999964, -41.021426647999931 ], [ -71.605279049999979, -41.021277931999975 ], [ -71.605130332999977, -41.021218444999931 ], [ -71.604743670999937, -41.021099471999946 ], [ -71.604594954999982, -41.020831782999949 ], [ -71.604594954999982, -41.020683065999947 ], [ -71.604624697999952, -41.020445119999977 ], [ -71.604743670999937, -41.02020717399995 ], [ -71.604803157999982, -41.020088200999965 ], [ -71.604951873999937, -41.01979076899994 ], [ -71.604832900999952, -41.019433848999938 ], [ -71.604743670999937, -41.019285132999983 ], [ -71.60447598199994, -41.018957956999941 ], [ -71.604119062999985, -41.018720010999971 ], [ -71.60382162999997, -41.018571294999958 ], [ -71.603137534999973, -41.018511807999971 ], [ -71.602572412999962, -41.018511807999971 ], [ -71.602274979999947, -41.018541551999931 ], [ -71.602037033999977, -41.018571294999958 ], [ -71.601323195999953, -41.018601037999929 ], [ -71.600371410999969, -41.018452321999973 ], [ -71.599895518999972, -41.018363091999959 ], [ -71.599598086999947, -41.018244118999974 ], [ -71.59953859999996, -41.018035915999974 ], [ -71.599508856999933, -41.017768226999976 ], [ -71.599479113999962, -41.017351820999977 ], [ -71.599300653999933, -41.01687592899998 ], [ -71.599092450999933, -41.016548752999938 ], [ -71.598646301999963, -41.016370292999966 ], [ -71.598229896999953, -41.016162090999956 ], [ -71.597962206999966, -41.016072860999941 ], [ -71.597575544999984, -41.015894400999969 ], [ -71.597367341999984, -41.015596968999944 ], [ -71.597337598999957, -41.015329278999957 ], [ -71.597218625999972, -41.014972359999945 ], [ -71.596950935999985, -41.01464518399996 ], [ -71.596772476999945, -41.014377494999962 ], [ -71.596623759999943, -41.014228777999961 ], [ -71.596296583999958, -41.013990831999934 ], [ -71.595999151999933, -41.013812372999951 ], [ -71.595731462999936, -41.013485196999966 ], [ -71.595671975999949, -41.013187763999952 ], [ -71.595582745999934, -41.012890331999984 ], [ -71.595523259999936, -41.012682128999984 ], [ -71.595374542999934, -41.012444182999957 ], [ -71.595017623999979, -41.012146749999943 ], [ -71.594571474999952, -41.011730343999943 ], [ -71.594303785999955, -41.011492397999973 ], [ -71.593827893999958, -41.011313938999933 ], [ -71.593352001999961, -41.011075992999963 ], [ -71.592876108999974, -41.010748816999978 ], [ -71.592221757999937, -41.010362153999949 ], [ -71.592013554999937, -41.010034977999965 ], [ -71.591805351999938, -41.009767288999967 ], [ -71.591478175999953, -41.009588828999938 ], [ -71.591061769999953, -41.00929139699997 ], [ -71.590407418999973, -41.00908319399997 ], [ -71.590020755999944, -41.008993963999956 ], [ -71.589574606999975, -41.008845247999943 ], [ -71.58927717499995, -41.008666787999971 ], [ -71.589128457999948, -41.008428841999944 ], [ -71.58886076899995, -41.008012436999934 ], [ -71.588712052999938, -41.007774489999974 ], [ -71.588146930999983, -41.006703732999938 ], [ -71.587254632999986, -41.005216569999959 ], [ -71.586719253999945, -41.004562217999933 ], [ -71.586421820999988, -41.004205298999977 ], [ -71.586064901999976, -41.003788892999978 ], [ -71.585767469999951, -41.003521203999981 ], [ -71.584934657999952, -41.003134540999952 ], [ -71.584488508999982, -41.003045311999983 ], [ -71.583953130999987, -41.002896594999982 ], [ -71.583596210999985, -41.002866851999954 ], [ -71.582763399999976, -41.002837108999984 ], [ -71.582049561999952, -41.002837108999984 ], [ -71.58145469599998, -41.002837108999984 ], [ -71.580502911999986, -41.002926338999941 ], [ -71.579096455999945, -41.002792897999939 ], [ -71.578629086999968, -41.002599162999957 ], [ -71.578272166999966, -41.002599162999957 ], [ -71.577707044999954, -41.002599162999957 ], [ -71.577231152999957, -41.002599162999957 ], [ -71.576636287999975, -41.002747878999969 ], [ -71.576190138999948, -41.002956081999969 ], [ -71.575654759999964, -41.003045311999983 ], [ -71.57428656999997, -41.003194027999939 ], [ -71.573215812999933, -41.003342743999951 ], [ -71.572739920999936, -41.003313000999981 ], [ -71.572174798999981, -41.003283257999954 ], [ -71.571579932999953, -41.003283257999954 ], [ -71.570628148999958, -41.003283257999954 ], [ -71.569973796999989, -41.003253514999983 ], [ -71.56937893199995, -41.003164284999968 ], [ -71.56893278299998, -41.002926338999941 ], [ -71.56854612099994, -41.002688392999971 ], [ -71.568129714999941, -41.002509932999942 ], [ -71.567951254999969, -41.002480189999972 ], [ -71.567653822999944, -41.002390959999957 ], [ -71.567296902999942, -41.002242243999945 ], [ -71.566731780999987, -41.002123270999959 ], [ -71.566345118999948, -41.002123270999959 ], [ -71.565958456999965, -41.002212499999985 ], [ -71.565690766999978, -41.002271986999972 ], [ -71.565333847999966, -41.00236121699993 ], [ -71.564887698999939, -41.002480189999972 ], [ -71.564530779999984, -41.002539675999969 ], [ -71.56402514499996, -41.002688392999971 ], [ -71.563757454999973, -41.002747878999969 ], [ -71.563043616999948, -41.002747878999969 ], [ -71.562240548999966, -41.002807365999956 ], [ -71.561913372999982, -41.002866851999954 ], [ -71.561467223999955, -41.002866851999954 ], [ -71.56114004799997, -41.002807365999956 ], [ -71.561169790999941, -41.002569419999929 ], [ -71.561526710999942, -41.002390959999957 ], [ -71.561913372999982, -41.002182756999957 ], [ -71.562300034999964, -41.001974553999958 ], [ -71.562924643999963, -41.001825837999945 ], [ -71.563251819999948, -41.001736607999931 ], [ -71.563876427999958, -41.00149866199996 ], [ -71.563995400999943, -41.001468918999933 ], [ -71.564263090999987, -41.001290458999961 ], [ -71.564620009999942, -41.000933539999949 ], [ -71.564857955999969, -41.000814566999964 ], [ -71.565036415999941, -41.000636106999934 ], [ -71.565155388999983, -41.000398160999964 ], [ -71.565155388999983, -41.000189958999954 ], [ -71.565073977999987, -41.0 ], [ -71.5625, -41.0 ], [ -71.55833333299995, -41.0 ], [ -71.554166665999958, -41.0 ], [ -71.55, -41.0 ], [ -71.545833333999951, -41.0 ], [ -71.541666666999959, -41.0 ], [ -71.5375, -41.0 ], [ -71.533333332999973, -41.0 ], [ -71.52916666699997, -41.0 ], [ -71.525, -41.0 ], [ -71.520833332999985, -41.0 ], [ -71.516666665999935, -41.0 ], [ -71.515210636999939, -41.0 ], [ -71.515174583999965, -41.000162263999982 ], [ -71.515306448999979, -41.000348455999983 ], [ -71.515317399999958, -41.000636325999949 ], [ -71.514072299999953, -41.001856248999957 ], [ -71.513541155999974, -41.00341896499998 ], [ -71.513537347999943, -41.003439225999955 ], [ -71.513464672999987, -41.003643988999954 ], [ -71.513366423999969, -41.003933054999948 ], [ -71.513322346999985, -41.004348759999971 ], [ -71.513212644999953, -41.004823831999943 ], [ -71.513179252999976, -41.004874554999958 ], [ -71.513042794999933, -41.00510428399997 ], [ -71.512977801999966, -41.005211599999939 ], [ -71.51291699799998, -41.005272924999929 ], [ -71.512913673999947, -41.005283726999949 ], [ -71.512736170999972, -41.005860608999967 ], [ -71.512498224999945, -41.006277013999977 ], [ -71.51154644099995, -41.006931365999947 ], [ -71.510634502999949, -41.008356269999979 ], [ -71.510594656999956, -41.008418528999982 ], [ -71.510399682999946, -41.008786813999961 ], [ -71.510258412999974, -41.009053655999935 ], [ -71.510157560999971, -41.009657747999938 ], [ -71.510059277999972, -41.009907386999942 ], [ -71.509936137999944, -41.010146364999969 ], [ -71.509809362999988, -41.010426121999956 ], [ -71.509733323999967, -41.010471847999952 ], [ -71.509575355999971, -41.01067476299994 ], [ -71.509323524999957, -41.010722326999939 ], [ -71.509182435999946, -41.010804902999951 ], [ -71.509071452999933, -41.010869858999968 ], [ -71.508967305999988, -41.01116271799998 ], [ -71.508929260999935, -41.011280347999957 ], [ -71.508842805999961, -41.011440001999972 ], [ -71.508656334999955, -41.012020129999939 ], [ -71.508628653999949, -41.012106250999977 ], [ -71.508473780999964, -41.012503487999936 ], [ -71.508443922999959, -41.012780923999969 ], [ -71.508427646999962, -41.012932153999941 ], [ -71.508254009999973, -41.013368098999933 ], [ -71.508081291999986, -41.013750001999938 ], [ -71.507905772999948, -41.014136467999947 ], [ -71.507918403999952, -41.014469318999943 ], [ -71.507932912999934, -41.014851647999933 ], [ -71.507840636999958, -41.015708979999943 ], [ -71.507796374999941, -41.016187123999941 ], [ -71.507624432999933, -41.016668046999939 ], [ -71.507083921999936, -41.01710166099997 ], [ -71.507076475999952, -41.017107634999945 ], [ -71.506770770999935, -41.01735287899993 ], [ -71.506667727999968, -41.017926836999948 ], [ -71.506558131999952, -41.018406401999982 ], [ -71.50548989899994, -41.020095270999946 ], [ -71.504574900999955, -41.021280456999932 ], [ -71.50453327699995, -41.021358542999963 ], [ -71.50429160799996, -41.021647403999964 ], [ -71.503628464999963, -41.022656694999966 ], [ -71.503225116999943, -41.02322817299995 ], [ -71.502811538999936, -41.023529769999982 ], [ -71.50238537499996, -41.023632643999974 ], [ -71.501590576999945, -41.02401546599998 ], [ -71.501200530999938, -41.023996925999938 ], [ -71.500796433999938, -41.024268415999984 ], [ -71.500749619999965, -41.024411868999948 ], [ -71.500492974999986, -41.024472291999984 ], [ -71.5, -41.024803493999968 ], [ -71.5, -41.025 ], [ -71.5, -41.025094356999944 ], [ -71.5, -41.029166665999981 ], [ -71.5, -41.032996418999971 ], [ -71.5, -41.033333332999973 ], [ -71.5, -41.036192034999942 ], [ -71.5, -41.036888337999983 ], [ -71.5, -41.0375 ], [ -71.5, -41.03763874699996 ], [ -71.5, -41.041146072999936 ], [ -71.5, -41.041666666999959 ], [ -71.499989803999938, -41.047160374999976 ], [ -71.5, -41.047154710999962 ], [ -71.500632257999939, -41.046803454999974 ], [ -71.501631631999942, -41.046268076999979 ], [ -71.502202702999966, -41.045946848999961 ], [ -71.502952232999974, -41.045625621999932 ], [ -71.503666070999941, -41.045340086999943 ], [ -71.504308525999988, -41.04516162699997 ], [ -71.505129439999962, -41.044983167999931 ], [ -71.505522050999957, -41.044840399999941 ], [ -71.505843277999986, -41.044519172999969 ], [ -71.506414348999954, -41.044447788999946 ], [ -71.506949726999949, -41.044447788999946 ], [ -71.507556489999956, -41.044590556999935 ], [ -71.508306019999964, -41.044483480999929 ], [ -71.509019857999988, -41.044447788999946 ], [ -71.510233382999957, -41.044305020999957 ], [ -71.510590302999958, -41.044162253999957 ], [ -71.510982913999953, -41.043876717999979 ], [ -71.511232756999959, -41.043662566999956 ], [ -71.511375524999949, -41.043341339999984 ], [ -71.511589675999971, -41.043234263999977 ], [ -71.511839519999967, -41.043269955999961 ], [ -71.512303514999985, -41.043305647999944 ], [ -71.51266043399994, -41.043234263999977 ], [ -71.513124428999959, -41.043020111999965 ], [ -71.513659806999954, -41.042805960999942 ], [ -71.513945342999989, -41.042698884999936 ], [ -71.514730564999979, -41.042663192999953 ], [ -71.514973024999961, -41.042684064999946 ], [ -71.515258560999939, -41.042760207999947 ], [ -71.515639273999966, -41.042836350999949 ], [ -71.516115166999953, -41.042855385999985 ], [ -71.516667201999951, -41.042817314999979 ], [ -71.517295378999961, -41.042798278999953 ], [ -71.517809342999954, -41.042836350999949 ], [ -71.518323305999957, -41.042874421999954 ], [ -71.518837269999949, -41.042874421999954 ], [ -71.519160876999933, -41.042817314999979 ], [ -71.519636768999987, -41.042703100999972 ], [ -71.519960375999972, -41.042493707999938 ], [ -71.520264946999987, -41.042341422999982 ], [ -71.520816981999985, -41.04218913699998 ], [ -71.521102516999974, -41.042170101999943 ], [ -71.521616479999977, -41.042170101999943 ], [ -71.521940086999962, -41.042170101999943 ], [ -71.52213044399997, -41.042303351999976 ], [ -71.52249212199996, -41.042607922999935 ], [ -71.522777656999949, -41.043102849999968 ], [ -71.523006085999953, -41.043369349999978 ], [ -71.523272584999972, -41.043654884999967 ], [ -71.523634262999963, -41.043959455999982 ], [ -71.524034012999948, -41.04426402699994 ], [ -71.524319547999937, -41.044435348999968 ], [ -71.524947725999937, -41.04462570499993 ], [ -71.525271332999978, -41.044644740999956 ], [ -71.52570915299998, -41.044701847999931 ], [ -71.526089866999939, -41.044739919999984 ], [ -71.526337330999979, -41.044758954999963 ], [ -71.526699008999969, -41.044854133999934 ], [ -71.527022615999954, -41.045082561999948 ], [ -71.527384293999944, -41.045463275999964 ], [ -71.527688864999959, -41.045882060999929 ], [ -71.527879221999967, -41.046262774999946 ], [ -71.528050542999949, -41.046643487999972 ], [ -71.528259935999984, -41.047328772999947 ], [ -71.528450291999945, -41.048147307999955 ], [ -71.528716791999955, -41.048851627999966 ], [ -71.528811970999982, -41.049213305999956 ], [ -71.528838409999935, -41.049327877999986 ], [ -71.528869077999957, -41.049460769999939 ], [ -71.528869077999957, -41.04980341299995 ], [ -71.528888112999937, -41.050127018999945 ], [ -71.528913810999939, -41.050236233999954 ], [ -71.528964255999938, -41.050450625999929 ], [ -71.528983291999964, -41.050755196999944 ], [ -71.528964255999938, -41.051231088999941 ], [ -71.528913810999939, -41.051423507999971 ], [ -71.528913810999939, -41.051723319999951 ], [ -71.528842427999962, -41.052080239999952 ], [ -71.528713936999964, -41.05249426599994 ], [ -71.528656829999989, -41.05267986399997 ], [ -71.528656829999989, -41.053008228999943 ], [ -71.528686103999974, -41.053370767999979 ], [ -71.528799596999988, -41.053436531999978 ], [ -71.528913810999939, -41.053507915999944 ], [ -71.529056578999985, -41.053579299999967 ], [ -71.529227899999967, -41.053593576999958 ], [ -71.529399221999938, -41.053593576999958 ], [ -71.529499158999954, -41.053579299999967 ], [ -71.52975614099995, -41.053550745999985 ], [ -71.529841800999975, -41.053536469999983 ], [ -71.529956014999982, -41.053507915999944 ], [ -71.530113059999962, -41.05346508599996 ], [ -71.530255827999952, -41.053407978999985 ], [ -71.530355764999968, -41.05330804099998 ], [ -71.530427148999934, -41.053222380999955 ], [ -71.530501127999969, -41.053160730999934 ], [ -71.530512808999958, -41.053150996999932 ], [ -71.530569915999934, -41.053079612999966 ], [ -71.530627022999965, -41.052936845999966 ], [ -71.530627022999965, -41.05282263099997 ], [ -71.530598469999973, -41.052765523999938 ], [ -71.53052708599995, -41.052694139999971 ], [ -71.53038431799996, -41.052608479999947 ], [ -71.530298657999936, -41.052522818999932 ], [ -71.530227273999969, -41.052408604999982 ], [ -71.530227273999969, -41.052280113999984 ], [ -71.530241550999961, -41.052123069999936 ], [ -71.530276111999967, -41.05200786599994 ], [ -71.530284380999944, -41.051980301999947 ], [ -71.530412871999943, -41.051780426999983 ], [ -71.530484255999966, -41.051666212999976 ], [ -71.530598469999973, -41.051594829999942 ], [ -71.530941111999937, -41.051423507999971 ], [ -71.531283754999947, -41.051366400999939 ], [ -71.531540735999954, -41.051423507999971 ], [ -71.531683503999943, -41.051494891999937 ], [ -71.531683503999943, -41.051666212999976 ], [ -71.53165495099995, -41.05186608799994 ], [ -71.531640673999959, -41.052008855999929 ], [ -71.531597843999975, -41.052137346999984 ], [ -71.531569289999936, -41.052251560999935 ], [ -71.531526459999952, -41.052365774999942 ], [ -71.531512182999961, -41.052465711999957 ], [ -71.531540735999954, -41.052565649999963 ], [ -71.531583566999984, -41.052665586999979 ], [ -71.531669226999952, -41.052765523999938 ], [ -71.53179771799995, -41.052865461999943 ], [ -71.531897655999956, -41.052993952999941 ], [ -71.531947396999954, -41.053013848999967 ], [ -71.532111806999978, -41.053079612999966 ], [ -71.532290986999953, -41.053085231999944 ], [ -71.532754981999972, -41.053085231999944 ], [ -71.533361743999933, -41.053013848999967 ], [ -71.533861430999934, -41.052871080999978 ], [ -71.534182658999953, -41.052192934999937 ], [ -71.534289733999969, -41.051693247999935 ], [ -71.53414696699997, -41.05144340399994 ], [ -71.533754355999974, -41.051122176999968 ], [ -71.533397435999973, -41.051050792999945 ], [ -71.533326052999939, -41.050836641999979 ], [ -71.533290360999956, -41.050729565999973 ], [ -71.533433127999956, -41.050336954999977 ], [ -71.533611587999985, -41.050087111999972 ], [ -71.533932814999957, -41.049908651999942 ], [ -71.534218349999946, -41.04973019199997 ], [ -71.534503885999982, -41.04958742499997 ], [ -71.534753728999988, -41.049480348999964 ], [ -71.535039263999977, -41.049408964999941 ], [ -71.535431875999961, -41.049516040999947 ], [ -71.535717410999951, -41.049765883999953 ], [ -71.535895869999933, -41.049837267999976 ], [ -71.536359864999952, -41.049872959999959 ], [ -71.536466940999958, -41.049837267999976 ], [ -71.536431248999975, -41.049516040999947 ], [ -71.536431248999975, -41.049301888999935 ], [ -71.536538324999981, -41.049159121999935 ], [ -71.536716783999964, -41.04880220299998 ], [ -71.536930935999976, -41.048588050999967 ], [ -71.537145086999942, -41.048445282999978 ], [ -71.537466314999961, -41.047981288999949 ], [ -71.537502006999944, -41.047552985999971 ], [ -71.537537698999984, -41.04719606599997 ], [ -71.537644773999943, -41.046732071999941 ], [ -71.537823233999973, -41.046339459999956 ], [ -71.538037384999939, -41.045946848999961 ], [ -71.538215844999968, -41.045589929999949 ], [ -71.53853707199994, -41.04516162699997 ], [ -71.538965374999975, -41.044697631999952 ], [ -71.539429369999937, -41.044554864999952 ], [ -71.539893364999955, -41.044519172999969 ], [ -71.540250283999967, -41.044519172999969 ], [ -71.540714278999985, -41.044661939999969 ], [ -71.541178273999947, -41.044911783999964 ], [ -71.541499500999976, -41.045054551999954 ], [ -71.541927803999954, -41.04516162699997 ], [ -71.542356106999989, -41.04516162699997 ], [ -71.542748717999984, -41.045090242999947 ], [ -71.543284096999969, -41.044876091999981 ], [ -71.543676707999964, -41.044661939999969 ], [ -71.543819475999953, -41.04423363799998 ], [ -71.54392655099997, -41.043805334999945 ], [ -71.544140702999982, -41.04341272299996 ], [ -71.544640389999984, -41.042984419999982 ], [ -71.545068692999962, -41.042698884999936 ], [ -71.545389919999934, -41.042413349999947 ], [ -71.545925298999975, -41.041913662999946 ], [ -71.546246525999948, -41.041628127999957 ], [ -71.546496368999954, -41.041092748999972 ], [ -71.546960363999972, -41.040485985999965 ], [ -71.547317282999984, -41.040129066999953 ], [ -71.547638509999956, -41.03977214799994 ], [ -71.547959737999975, -41.039522304999934 ], [ -71.548173888999941, -41.039308152999979 ], [ -71.548530807999953, -41.038915541999984 ], [ -71.548887727999954, -41.038522930999932 ], [ -71.549494489999972, -41.038308779999966 ], [ -71.549815716999944, -41.03820170399996 ], [ -71.55024401999998, -41.038166011999976 ], [ -71.550850782999987, -41.038344471999949 ], [ -71.551314777999949, -41.038487238999949 ], [ -71.552135691999979, -41.038772773999938 ], [ -71.552849529999946, -41.038951233999967 ], [ -71.553848903999949, -41.039201076999973 ], [ -71.554848276999962, -41.039450920999968 ], [ -71.555490731999953, -41.039486612999951 ], [ -71.556561488999989, -41.039379536999945 ], [ -71.556775640999945, -41.039379536999945 ], [ -71.55734671099998, -41.039201076999973 ], [ -71.557667938999941, -41.039022617999933 ], [ -71.557922075999954, -41.038916666999967 ], [ -71.557996664999962, -41.038842077999959 ], [ -71.558033958999943, -41.038692900999933 ], [ -71.55807125299998, -41.03855615599997 ], [ -71.558081932999983, -41.038506317999975 ], [ -71.55810854799995, -41.03838211599998 ], [ -71.558220429999949, -41.038270232999935 ], [ -71.558406901999945, -41.038183212999968 ], [ -71.558580940999946, -41.038158349999946 ], [ -71.558804706999979, -41.038121055999966 ], [ -71.558916589999967, -41.038096192999944 ], [ -71.558997002999945, -41.038060453999947 ], [ -71.559028471999966, -41.038046466999958 ], [ -71.559165217999976, -41.03797187899994 ], [ -71.559252237999942, -41.037884858999973 ], [ -71.55932682599996, -41.037822701999971 ], [ -71.559351688999982, -41.037698387999967 ], [ -71.559339257999966, -41.037623798999959 ], [ -71.559339257999966, -41.037487053999939 ], [ -71.559406458999945, -41.037411452999947 ], [ -71.559438708999949, -41.037375170999951 ], [ -71.55960031799998, -41.037300582999933 ], [ -71.559699768999963, -41.037275719999968 ], [ -71.559799219999945, -41.037275719999968 ], [ -71.559816083999976, -41.037271503999932 ], [ -71.559898670999985, -41.037250856999947 ], [ -71.560010553999973, -41.037213562999966 ], [ -71.560055771999941, -41.037199648999945 ], [ -71.560172162999947, -41.03716383699998 ], [ -71.560296476999952, -41.037151405999964 ], [ -71.560445653999977, -41.037138973999959 ], [ -71.560594830999946, -41.037126542999943 ], [ -71.560681670999941, -41.037150225999937 ], [ -71.560731575999966, -41.03716383699998 ], [ -71.560868321999976, -41.037213562999966 ], [ -71.560980204999964, -41.037275719999968 ], [ -71.561001379999936, -41.03729689499994 ], [ -71.561067224999988, -41.037362739999935 ], [ -71.561079655999947, -41.037449759999959 ], [ -71.561079655999947, -41.037499484999955 ], [ -71.561079655999947, -41.037636230999965 ], [ -71.561067224999988, -41.037760544999969 ], [ -71.561067224999988, -41.037884858999973 ], [ -71.561067224999988, -41.038058898999964 ], [ -71.561079655999947, -41.03824536999997 ], [ -71.561104518999969, -41.038332389999937 ], [ -71.561157125999955, -41.038420067999937 ], [ -71.561216401999957, -41.038518860999943 ], [ -71.561328283999956, -41.038568586999929 ], [ -71.561477460999981, -41.038581017999945 ], [ -71.561614206999934, -41.03855615599997 ], [ -71.561718096999982, -41.038514598999939 ], [ -71.561738520999938, -41.038506429999984 ], [ -71.561875266999948, -41.038469135999947 ], [ -71.562036874999933, -41.038394546999939 ], [ -71.562173619999953, -41.038357252999958 ], [ -71.562310365999963, -41.038357252999958 ], [ -71.562583856999936, -41.03838211599998 ], [ -71.562720602999946, -41.038444272999982 ], [ -71.562745465999967, -41.038618312999972 ], [ -71.562733033999962, -41.038730194999971 ], [ -71.562700498999959, -41.03880339899996 ], [ -71.562683307999976, -41.038842077999959 ], [ -71.562546562999955, -41.038991254999985 ], [ -71.562447111999973, -41.039090705999968 ], [ -71.562260639999977, -41.039165294999975 ], [ -71.562123894999957, -41.039202588999956 ], [ -71.561999580999952, -41.039264745999958 ], [ -71.56190012899998, -41.039339334999966 ], [ -71.561887697999964, -41.039426354999932 ], [ -71.561887697999964, -41.039427333999981 ], [ -71.561887697999964, -41.03946364899997 ], [ -71.561962285999982, -41.039525805999972 ], [ -71.562058043999969, -41.039593688999958 ], [ -71.562807573999976, -41.039736455999957 ], [ -71.563414336999983, -41.039986299999953 ], [ -71.563699871999972, -41.040164758999936 ], [ -71.564056790999985, -41.040378910999948 ], [ -71.564449402999969, -41.040414602999931 ], [ -71.564770629999941, -41.040271834999942 ], [ -71.564734937999958, -41.039879223999947 ], [ -71.564535588999945, -41.039625256999955 ], [ -71.564525619999984, -41.039485685999978 ], [ -71.564523157999986, -41.039451216999964 ], [ -71.564482673999976, -41.039319644999978 ], [ -71.564473431999943, -41.039289608999979 ], [ -71.564461000999984, -41.039103137999973 ], [ -71.564398843999982, -41.038730194999971 ], [ -71.564436137999962, -41.038568586999929 ], [ -71.564449402999969, -41.038543951999941 ], [ -71.564523157999986, -41.038406978999944 ], [ -71.564722060999941, -41.038257801999976 ], [ -71.564896099999942, -41.038158349999946 ], [ -71.565169591999961, -41.03807132999998 ], [ -71.565612419999979, -41.037987551999947 ], [ -71.565629553999941, -41.037984309999956 ], [ -71.565878181999949, -41.037959447999981 ], [ -71.566325712999969, -41.037959447999981 ], [ -71.566636498999969, -41.038009172999978 ], [ -71.566922420999958, -41.038083761999985 ], [ -71.567382382999938, -41.038208075999933 ], [ -71.567643442999952, -41.038332389999937 ], [ -71.567829913999958, -41.038493997999979 ], [ -71.567979090999984, -41.038705332999939 ], [ -71.568003953999948, -41.038904234999961 ], [ -71.568003953999948, -41.039082143999963 ], [ -71.568003953999948, -41.039115568999932 ], [ -71.568003953999948, -41.039314471999944 ], [ -71.567966659999968, -41.039575531999958 ], [ -71.567879639999944, -41.039861453999947 ], [ -71.56785477699998, -41.04008521999998 ], [ -71.567767756999956, -41.040346278999948 ], [ -71.567718031999959, -41.040483024999958 ], [ -71.567655874999957, -41.040607338999962 ], [ -71.567556422999985, -41.040768946999947 ], [ -71.56743933499996, -41.040886035999961 ], [ -71.567432108999981, -41.04089326199994 ], [ -71.567419677999965, -41.041005143999939 ], [ -71.567444540999986, -41.041117026999984 ], [ -71.567568854999934, -41.041228909999973 ], [ -71.567780188999961, -41.041278634999969 ], [ -71.567979090999984, -41.041291066999975 ], [ -71.568252582999946, -41.041278634999969 ], [ -71.568550935999951, -41.041253772999937 ], [ -71.568982275999986, -41.041128440999955 ], [ -71.569767497999976, -41.040842905999966 ], [ -71.570731179999939, -41.040450294999971 ], [ -71.571837628999958, -41.03991491599993 ], [ -71.572729926999955, -41.039557996999974 ], [ -71.573408072999939, -41.039165385999979 ], [ -71.574472315999969, -41.038564124999937 ], [ -71.575447623999935, -41.03836866499995 ], [ -71.576320449999969, -41.038110556999982 ], [ -71.577313110999967, -41.037800242999936 ], [ -71.57838058699997, -41.037731333999943 ], [ -71.579206671999941, -41.03795142599995 ], [ -71.579724591999934, -41.038272948999975 ], [ -71.579998157999967, -41.038883546999955 ], [ -71.58020511899997, -41.03931106899995 ], [ -71.58024220599998, -41.040260086999979 ], [ -71.58026277099998, -41.040786318999949 ], [ -71.580477668999947, -41.04149276499993 ], [ -71.580941530999951, -41.042103598999972 ], [ -71.580897791999973, -41.042581752999979 ], [ -71.580982499999948, -41.04315156399997 ], [ -71.581192998999938, -41.043669037999962 ], [ -71.581338329999937, -41.044192472999953 ], [ -71.581556223999939, -41.044898849999981 ], [ -71.581789452999942, -41.045422818999953 ], [ -71.581789452999942, -41.045528287999957 ], [ -71.581869854999979, -41.045608689999938 ], [ -71.582246315999953, -41.046503971999982 ], [ -71.582223975999966, -41.047124682999936 ], [ -71.582009824999943, -41.047874212999943 ], [ -71.581831364999971, -41.048159747999932 ], [ -71.581652905999988, -41.048552358999984 ], [ -71.581438753999976, -41.048873585999957 ], [ -71.58133167799997, -41.049052045999929 ], [ -71.58118891099997, -41.049266197999941 ], [ -71.581081834999964, -41.049694500999976 ], [ -71.581010450999941, -41.049872959999959 ], [ -71.580867682999951, -41.050336954999977 ], [ -71.580653531999985, -41.050979408999979 ], [ -71.580582147999962, -41.051514787999963 ], [ -71.580546455999979, -41.051871706999975 ], [ -71.580403688999979, -41.052300009999954 ], [ -71.580260920999933, -41.052514161999966 ], [ -71.580118152999944, -41.052764004999972 ], [ -71.579761233999989, -41.053228 ], [ -71.579582773999959, -41.053549226999962 ], [ -71.579332930999954, -41.053941837999957 ], [ -71.579154471999971, -41.054263065999976 ], [ -71.578940319999958, -41.054727060999937 ], [ -71.578868935999935, -41.055298130999972 ], [ -71.578868935999935, -41.05586920199994 ], [ -71.578904627999975, -41.056333196999958 ], [ -71.578904627999975, -41.056511655999941 ], [ -71.578797551999969, -41.056939958999976 ], [ -71.578619092999986, -41.057296877999931 ], [ -71.578119405999985, -41.057796564999933 ], [ -71.577762486999973, -41.058224867999968 ], [ -71.577298491999954, -41.058795938999936 ], [ -71.576870188999976, -41.059545468999943 ], [ -71.576691728999947, -41.060045155999944 ], [ -71.576406193999958, -41.060687609999945 ], [ -71.576263425999969, -41.061151604999964 ], [ -71.576084966999986, -41.061579907999942 ], [ -71.575549587999944, -41.061936826999954 ], [ -71.575192668999989, -41.062115286999983 ], [ -71.57469533799997, -41.062079762999986 ], [ -71.574692981999988, -41.062079594999943 ], [ -71.574371754999959, -41.06204390299996 ], [ -71.574133537999955, -41.061857338999971 ], [ -71.573848002999966, -41.061768108999956 ], [ -71.573526774999948, -41.061643186999959 ], [ -71.573183034999943, -41.061565567999935 ], [ -71.572709613999962, -41.06151826599995 ], [ -71.572230239999953, -41.061544215999959 ], [ -71.571766244999935, -41.061615599999982 ], [ -71.571195173999968, -41.061722675999931 ], [ -71.570731179999939, -41.061829751999937 ], [ -71.570409951999977, -41.061972518999937 ], [ -71.570053032999965, -41.062400821999972 ], [ -71.570053032999965, -41.062614973999985 ], [ -71.570053032999965, -41.063114660999929 ], [ -71.570074200999954, -41.06343217899996 ], [ -71.570085493999954, -41.063601578999965 ], [ -71.570088724999948, -41.063650038999981 ], [ -71.570231492999937, -41.064078341999959 ], [ -71.570481335999943, -41.064470952999955 ], [ -71.570873946999939, -41.06472079699995 ], [ -71.57151786299994, -41.065048522999973 ], [ -71.571879540999987, -41.065200808999975 ], [ -71.572279290999973, -41.065372129999957 ], [ -71.572469646999934, -41.065600557999971 ], [ -71.572545789999936, -41.06590512899993 ], [ -71.572545789999936, -41.066076450999958 ], [ -71.572412539999959, -41.066342949999978 ], [ -71.572068839999986, -41.066535421999959 ], [ -71.571936647999962, -41.06660944999993 ], [ -71.571555933999946, -41.066780770999969 ], [ -71.571251362999988, -41.066914020999945 ], [ -71.570775470999934, -41.067104377999954 ], [ -71.570547042999976, -41.067294734999962 ], [ -71.570337649999942, -41.067523162999976 ], [ -71.570147292999934, -41.067884840999966 ], [ -71.569918864999977, -41.068094232999954 ], [ -71.569633329999988, -41.06822748299993 ], [ -71.569328758999973, -41.068398803999969 ], [ -71.569138401999965, -41.068608196999946 ], [ -71.568948044999956, -41.068760482999949 ], [ -71.56856733099994, -41.068912767999961 ], [ -71.568262759999982, -41.069046017999938 ], [ -71.567977224999936, -41.069141195999975 ], [ -71.567748796999979, -41.069217338999977 ], [ -71.567444225999964, -41.069350588999953 ], [ -71.567006404999972, -41.069540945999961 ], [ -71.566644726999982, -41.069807444999981 ], [ -71.566359191999936, -41.069997801999932 ], [ -71.566187869999965, -41.07018815899994 ], [ -71.565902334999976, -41.070378515999948 ], [ -71.565635834999966, -41.070568872999957 ], [ -71.565407406999952, -41.070702122999933 ], [ -71.565121871999963, -41.070911514999977 ], [ -71.564855371999954, -41.071216085999936 ], [ -71.564722121999978, -41.071311264999963 ], [ -71.564512729999933, -41.07142547899997 ], [ -71.564360443999988, -41.071672942999953 ], [ -71.564417550999963, -41.071844263999935 ], [ -71.564645979999966, -41.071977513999968 ], [ -71.564912478999986, -41.072072691999949 ], [ -71.565121871999963, -41.072091727999975 ], [ -71.565527172999964, -41.07212266099998 ], [ -71.565973321999934, -41.072182146999978 ], [ -71.566359984999963, -41.07233086399998 ], [ -71.56683587699996, -41.072449836999965 ], [ -71.567311768999957, -41.07256880999995 ], [ -71.567757917999984, -41.072628295999948 ], [ -71.568204066999954, -41.072717525999963 ], [ -71.568442012999981, -41.072717525999963 ], [ -71.568501499999968, -41.07277701299995 ], [ -71.56885841899998, -41.072866242999964 ], [ -71.569126107999978, -41.07277701299995 ], [ -71.569393796999975, -41.072717525999963 ], [ -71.569602, -41.072866242999964 ], [ -71.569542513999977, -41.073133931999962 ], [ -71.56930456799995, -41.073312390999945 ], [ -71.568977391999965, -41.073461107999947 ], [ -71.568888161999951, -41.073490850999974 ], [ -71.568828675999953, -41.073699053999974 ], [ -71.56885841899998, -41.073996486999931 ], [ -71.568947648999938, -41.074293918999956 ], [ -71.569185594999965, -41.074502121999956 ], [ -71.569572256999948, -41.074680581999985 ], [ -71.569839945999945, -41.074769810999953 ], [ -71.570613270999957, -41.07479955499997 ], [ -71.571059419999983, -41.074888783999938 ], [ -71.571446082999955, -41.074888783999938 ], [ -71.57174351499998, -41.074829297999941 ], [ -71.571830041999988, -41.074786033999942 ], [ -71.572040947999938, -41.074680581999985 ], [ -71.57239786699995, -41.074383148999971 ], [ -71.572576326999979, -41.074204688999941 ], [ -71.572814272999949, -41.074085715999956 ], [ -71.573019888999966, -41.074017177999963 ], [ -71.573081961999947, -41.073996486999931 ], [ -71.573468623999986, -41.073818026999959 ], [ -71.573647083999958, -41.073669310999946 ], [ -71.573821394999982, -41.073470097999973 ], [ -71.573855286999958, -41.073431364999976 ], [ -71.573855286999958, -41.07330247699997 ], [ -71.573855286999958, -41.073223161999977 ], [ -71.573736313999973, -41.073104188999935 ], [ -71.573528110999973, -41.072895985999935 ], [ -71.573528110999973, -41.072598552999978 ], [ -71.573617340999988, -41.07233086399998 ], [ -71.573676826999986, -41.072033430999966 ], [ -71.573676826999986, -41.071914457999981 ], [ -71.573855286999958, -41.071854971999983 ], [ -71.574152719999972, -41.071795484999939 ], [ -71.574167671999987, -41.071795484999939 ], [ -71.574241948999941, -41.071795484999939 ], [ -71.574539381999955, -41.071825227999966 ], [ -71.574807070999952, -41.071914457999981 ], [ -71.575193733999981, -41.071973944999968 ], [ -71.575550652999937, -41.072033430999966 ], [ -71.576086031999978, -41.072033430999966 ], [ -71.576591666999946, -41.071884714999953 ], [ -71.577216275999945, -41.071617025999956 ], [ -71.577662423999982, -41.071319592999942 ], [ -71.577900370999942, -41.071081646999971 ], [ -71.578227545999937, -41.070724727999959 ], [ -71.578406005999966, -41.07051652499996 ], [ -71.578643951999936, -41.070189348999975 ], [ -71.578822411999965, -41.069802685999946 ], [ -71.578881897999963, -41.069445766999934 ], [ -71.578971127999978, -41.069059104999951 ], [ -71.578971127999978, -41.068702185999939 ], [ -71.579030614999965, -41.068256036999969 ], [ -71.579000870999948, -41.067988346999982 ], [ -71.578881897999963, -41.067720657999985 ], [ -71.578822411999965, -41.067482711999958 ], [ -71.578822411999965, -41.067274508999958 ], [ -71.578852154999936, -41.067155535999973 ], [ -71.579060357999936, -41.066977076999933 ], [ -71.579209073999948, -41.066917589999946 ], [ -71.579476763999935, -41.066709386999946 ], [ -71.579714709999962, -41.066620156999932 ], [ -71.579833682999947, -41.066620156999932 ], [ -71.579952655999989, -41.066620156999932 ], [ -71.580369060999942, -41.066828359999931 ], [ -71.580547520999971, -41.067096049999975 ], [ -71.580602283999951, -41.067187321999938 ], [ -71.580636750999986, -41.067244765999931 ], [ -71.580785466999941, -41.067690914999957 ], [ -71.580815209999969, -41.068018090999942 ], [ -71.580934182999954, -41.068672442999969 ], [ -71.581053155999939, -41.069088847999978 ], [ -71.581201872999941, -41.069475510999951 ], [ -71.581291102999955, -41.069653969999933 ], [ -71.581439818999968, -41.069981145999975 ], [ -71.581529048999982, -41.070219091999945 ], [ -71.581737250999936, -41.07054626799993 ], [ -71.581945453999936, -41.070962673999929 ], [ -71.582064426999978, -41.071379078999939 ], [ -71.582153656999935, -41.072003687999938 ], [ -71.582183399999963, -41.072301120999953 ], [ -71.58224288699995, -41.072598552999978 ], [ -71.582391602999962, -41.072925728999962 ], [ -71.582689035999977, -41.073282647999974 ], [ -71.582956724999974, -41.073550337999961 ], [ -71.583313643999986, -41.073847769999929 ], [ -71.583670563999988, -41.074234432999958 ], [ -71.583908509999958, -41.074412891999941 ], [ -71.584116711999968, -41.074650837999968 ], [ -71.584152403999951, -41.074717758999952 ], [ -71.584354658999985, -41.075096986999938 ], [ -71.584771063999938, -41.075840568999979 ], [ -71.584910263999973, -41.076054721999981 ], [ -71.585157726999967, -41.076435433999961 ], [ -71.585395672999937, -41.076643636999961 ], [ -71.585960794999949, -41.077149271999986 ], [ -71.586347456999988, -41.077357474999985 ], [ -71.586793605999958, -41.077595420999955 ], [ -71.587210230999972, -41.077791479999973 ], [ -71.587299241999972, -41.077833366999982 ], [ -71.587953592999952, -41.078071312999953 ], [ -71.588429485999939, -41.078279515999952 ], [ -71.588964863999934, -41.078695921999952 ], [ -71.58941101299996, -41.079290786999934 ], [ -71.589678702999947, -41.079974881999931 ], [ -71.589886904999958, -41.080837436999957 ], [ -71.590005877999943, -41.081581017999952 ], [ -71.590005877999943, -41.082235369999978 ], [ -71.590005877999943, -41.082919464999975 ], [ -71.590065364999987, -41.08348458699993 ], [ -71.590065364999987, -41.083930735999957 ], [ -71.590095107999957, -41.084376884999983 ], [ -71.590214080999942, -41.084971749999966 ], [ -71.590422283999942, -41.085536871999977 ], [ -71.590749459999984, -41.086101993999932 ], [ -71.591165865999983, -41.086518399999932 ], [ -71.59164175799998, -41.087053778999973 ], [ -71.592236622999962, -41.087618900999985 ], [ -71.592831487999945, -41.088094792999982 ], [ -71.593545326999958, -41.088630171999966 ], [ -71.594229421999955, -41.089225036999949 ], [ -71.594913516999952, -41.089730671999973 ], [ -71.596132990999934, -41.090920402999984 ], [ -71.597025287999941, -41.091545010999937 ], [ -71.59744169399994, -41.091872186999979 ], [ -71.598006815999952, -41.092318335999948 ], [ -71.598517700999935, -41.092923360999976 ], [ -71.599338870999986, -41.092999359999965 ], [ -71.599696059999985, -41.093229881999946 ], [ -71.600220955999987, -41.093789733999984 ], [ -71.60092492299998, -41.094061936999935 ], [ -71.601317351999967, -41.094431206999957 ], [ -71.602080024999964, -41.094607542999938 ], [ -71.602411993999965, -41.095027692999963 ], [ -71.602982474999976, -41.095158848999972 ], [ -71.603813094999964, -41.095473187999971 ], [ -71.604764078999949, -41.095595729999957 ], [ -71.605781048999972, -41.095806802999959 ], [ -71.606090915999971, -41.095824576999973 ], [ -71.60637645099996, -41.095872165999936 ], [ -71.606733369999972, -41.09589596099994 ], [ -71.607256851999978, -41.09589596099994 ], [ -71.607494797999948, -41.095919754999954 ], [ -71.607804127999941, -41.095967343999973 ], [ -71.608065868999972, -41.096014933999982 ], [ -71.608303814999942, -41.096062522999944 ], [ -71.608446581999942, -41.096110111999963 ], [ -71.608684527999969, -41.096133906999967 ], [ -71.608970063999948, -41.096133906999967 ], [ -71.609160420999956, -41.096133906999967 ], [ -71.609398366999983, -41.096133906999967 ], [ -71.609731490999934, -41.096133906999967 ], [ -71.609969436999961, -41.096133906999967 ], [ -71.610278766999954, -41.096133906999967 ], [ -71.610635686999956, -41.096086317999948 ], [ -71.611135372999968, -41.096014933999982 ], [ -71.61134952499998, -41.095919754999954 ], [ -71.611539881999988, -41.095824576999973 ], [ -71.611777827999958, -41.095729397999946 ], [ -71.611944389999962, -41.095681808999984 ], [ -71.612087157999952, -41.095634219999965 ], [ -71.612253719999956, -41.095586630999946 ], [ -71.612467870999978, -41.095586630999946 ], [ -71.612586844999953, -41.095634219999965 ], [ -71.612687169999958, -41.095748877999938 ], [ -71.612753406999957, -41.095824576999973 ], [ -71.612900010999965, -41.095933576999983 ], [ -71.613041031999956, -41.09626349499996 ], [ -71.613373076999949, -41.096683610999946 ], [ -71.613579264999942, -41.09715609999995 ], [ -71.614355203999935, -41.09766517199995 ], [ -71.615081757999974, -41.098503975999961 ], [ -71.615663539999957, -41.098918411999932 ], [ -71.615993829999979, -41.099293543999977 ], [ -71.616327874999968, -41.099763122999946 ], [ -71.61685867999995, -41.100466813999958 ], [ -71.617703659999961, -41.101064324999982 ], [ -71.618156867999971, -41.10138713799995 ], [ -71.618894573999967, -41.10198410199996 ], [ -71.619472782999935, -41.102526618999946 ], [ -71.620010762999982, -41.103296083999965 ], [ -71.620367681999937, -41.103724386999943 ], [ -71.620867368999939, -41.10420027999993 ], [ -71.62127187699997, -41.104557198999942 ], [ -71.621842947999937, -41.104937911999968 ], [ -71.622461607999981, -41.105318625999985 ], [ -71.623246829999971, -41.105723134999948 ], [ -71.623817899999949, -41.10608005399996 ], [ -71.624293792999936, -41.106508356999939 ], [ -71.624864862999971, -41.106960453999932 ], [ -71.624934573999951, -41.10699847799998 ], [ -71.625388344999976, -41.107245989999967 ], [ -71.625959414999954, -41.107507729999952 ], [ -71.626459101999956, -41.107864648999964 ], [ -71.627006377999976, -41.108055005999972 ], [ -71.627625037999962, -41.10838813099997 ], [ -71.628124724999964, -41.108792638999944 ], [ -71.629362044999937, -41.109577860999934 ], [ -71.630171060999942, -41.110029958999974 ], [ -71.631408380999972, -41.110743796999941 ], [ -71.632050835999962, -41.110981742999968 ], [ -71.63331194999995, -41.111243483999942 ], [ -71.634263733999944, -41.11157660899994 ], [ -71.634906188999935, -41.111838348999981 ], [ -71.636072124999941, -41.112433214999953 ], [ -71.636881140999947, -41.112932900999965 ], [ -71.637928103999968, -41.113503971999933 ], [ -71.639022655999952, -41.114075042999957 ], [ -71.640283770999986, -41.114669907999939 ], [ -71.641283143999942, -41.11507441599997 ], [ -71.642639436999957, -41.115550308999957 ], [ -71.643543631999933, -41.115693075999957 ], [ -71.644614389999958, -41.115883432999965 ], [ -71.645304432999978, -41.116049994999969 ], [ -71.646137244999977, -41.116192762999958 ], [ -71.64682728799994, -41.116406913999981 ], [ -71.647469742999988, -41.11669244999996 ], [ -71.647969429999989, -41.117382493999969 ], [ -71.648112196999989, -41.117715617999977 ], [ -71.648207375999959, -41.118167715999959 ], [ -71.648207375999959, -41.118358072999968 ], [ -71.64818745599996, -41.118915821999963 ], [ -71.648183580999955, -41.119024321999973 ], [ -71.648207375999959, -41.119190883999977 ], [ -71.648231169999974, -41.119452624999951 ], [ -71.648231169999974, -41.11973815999994 ], [ -71.648231169999974, -41.120095078999952 ], [ -71.648231169999974, -41.120404408999946 ], [ -71.64815978699994, -41.120832711999981 ], [ -71.64806460799997, -41.121142041999974 ], [ -71.64806460799997, -41.121546549999948 ], [ -71.64806460799997, -41.121927263999964 ], [ -71.648088402999974, -41.122165209999935 ], [ -71.648254964999978, -41.122474539999985 ], [ -71.648397732999968, -41.122879047999959 ], [ -71.648540499999967, -41.123140788999933 ], [ -71.648730856999975, -41.123545297999954 ], [ -71.648826035999946, -41.123783243999981 ], [ -71.648968802999946, -41.124116367999932 ], [ -71.649182954999958, -41.124568465999971 ], [ -71.649230543999977, -41.124901589999979 ], [ -71.649206748999973, -41.125163330999953 ], [ -71.649111570999935, -41.12540127699998 ], [ -71.64899259799995, -41.125686811999969 ], [ -71.648921213999984, -41.125972347999948 ], [ -71.648921213999984, -41.126257882999937 ], [ -71.648945008999988, -41.12656721299993 ], [ -71.64899259799995, -41.126924131999942 ], [ -71.649040186999969, -41.127209666999931 ], [ -71.649063981999973, -41.127471407999963 ], [ -71.649111570999935, -41.127756942999952 ], [ -71.649254338999981, -41.128066272999945 ], [ -71.649492284999951, -41.12835180899998 ], [ -71.649682641999959, -41.128613548999965 ], [ -71.649825408999959, -41.128899084999944 ], [ -71.649896792999982, -41.129113235999966 ], [ -71.650039560999971, -41.129303592999975 ], [ -71.65022991799998, -41.129470154999979 ], [ -71.650491657999964, -41.129612922999968 ], [ -71.650705809999977, -41.129731895999953 ], [ -71.650919960999943, -41.129850868999938 ], [ -71.65125308599994, -41.130017430999942 ], [ -71.651395853999986, -41.13020778799995 ], [ -71.651562415999933, -41.130540912999948 ], [ -71.651657593999971, -41.130921626999964 ], [ -71.65180036199996, -41.131326134999938 ], [ -71.651919334999945, -41.131611669999984 ], [ -71.652085896999949, -41.131706848999954 ], [ -71.652300048999962, -41.131730642999969 ], [ -71.652780233999977, -41.131963028999962 ], [ -71.652775940999959, -41.13237309799996 ], [ -71.652656967999974, -41.132563454999968 ], [ -71.652395226999943, -41.132825194999953 ], [ -71.652204869999935, -41.133063141999969 ], [ -71.651966923999964, -41.133420060999981 ], [ -71.651681388999975, -41.133776979999936 ], [ -71.651514826999971, -41.134038720999968 ], [ -71.651205496999978, -41.134324255999957 ], [ -71.65101513999997, -41.134752558999935 ], [ -71.650491657999964, -41.135204655999985 ], [ -71.650277506999942, -41.13541880799994 ], [ -71.650182327999971, -41.135728137999934 ], [ -71.650206122999975, -41.135989878999965 ], [ -71.650396479999984, -41.136180234999983 ], [ -71.650705809999977, -41.136346797999977 ], [ -71.651062728999989, -41.136465770999962 ], [ -71.651372058999982, -41.13665612799997 ], [ -71.651681388999975, -41.136775100999955 ], [ -71.652014512999983, -41.136965457999963 ], [ -71.652181075999977, -41.137250992999952 ], [ -71.652276253999958, -41.13758411699996 ], [ -71.652323842999976, -41.137869652999939 ], [ -71.652466610999966, -41.137988625999981 ], [ -71.652823529999978, -41.138083803999962 ], [ -71.65327562799996, -41.138297955999974 ], [ -71.653537367999945, -41.13851210699994 ], [ -71.653822903999981, -41.138750052999967 ], [ -71.654179822999936, -41.138964204999979 ], [ -71.65475089399996, -41.139225945999954 ], [ -71.655202990999953, -41.139511480999943 ], [ -71.655488525999942, -41.139725631999966 ], [ -71.655964418999986, -41.140153934999944 ], [ -71.656321337999941, -41.140391880999971 ], [ -71.656678256999953, -41.14053464899996 ], [ -71.657177943999955, -41.140653621999945 ], [ -71.657368300999963, -41.140701210999964 ], [ -71.657820397999956, -41.140796389999934 ], [ -71.658082138999987, -41.140867773999958 ], [ -71.658224906999976, -41.140986746999943 ], [ -71.658367673999976, -41.141153308999947 ], [ -71.658669833999966, -41.141307536999932 ], [ -71.659129101999952, -41.141676789999963 ], [ -71.659367047999979, -41.141867146999971 ], [ -71.659819145999961, -41.142200271999968 ], [ -71.660128474999965, -41.142509601999961 ], [ -71.660699545999933, -41.142961698999954 ], [ -71.660961286999964, -41.143152055999963 ], [ -71.661532356999942, -41.143390001999933 ], [ -71.661889276999943, -41.143461385999956 ], [ -71.662079632999962, -41.143508974999975 ], [ -71.662436552999964, -41.14362794799996 ], [ -71.662817265999934, -41.143770715999949 ], [ -71.663221774999954, -41.143913483999938 ], [ -71.663578693999966, -41.144080045999942 ], [ -71.66384043499994, -41.14417522399998 ], [ -71.664078380999968, -41.144341786999973 ], [ -71.664316326999938, -41.144460759999959 ], [ -71.66467324599995, -41.144603526999958 ], [ -71.664911191999977, -41.144674910999981 ], [ -71.665387083999974, -41.144746294999948 ], [ -71.665815386999952, -41.144841473999975 ], [ -71.66614851199995, -41.144984240999975 ], [ -71.666434046999939, -41.145079419999945 ], [ -71.66669578799997, -41.145150802999979 ], [ -71.667052706999982, -41.145293570999968 ], [ -71.667314447999956, -41.145388749999938 ], [ -71.667599982999945, -41.145483927999976 ], [ -71.668092043999934, -41.145594643999971 ], [ -71.668456588999959, -41.145793257999969 ], [ -71.668599356999948, -41.145793257999969 ], [ -71.669027659999983, -41.145793257999969 ], [ -71.669241810999949, -41.145817052999973 ], [ -71.66964631899998, -41.145817052999973 ], [ -71.669955648999974, -41.14574566899995 ], [ -71.670264978999967, -41.145721873999946 ], [ -71.670502924999937, -41.145721873999946 ], [ -71.670812254999987, -41.145793257999969 ], [ -71.670955022999976, -41.145864641999935 ], [ -71.671335736999936, -41.146102587999962 ], [ -71.671573682999963, -41.146197765999943 ], [ -71.671811628999933, -41.146316738999985 ], [ -71.672025779999956, -41.146364328999937 ], [ -71.672192342999949, -41.146340533999933 ], [ -71.672358904999953, -41.146173971999985 ], [ -71.672525466999957, -41.146054998999944 ], [ -71.672763412999984, -41.145983614999977 ], [ -71.673072742999977, -41.145912230999954 ], [ -71.673429661999933, -41.145959819999973 ], [ -71.673643813999945, -41.145983614999977 ], [ -71.674262473999988, -41.146221560999948 ], [ -71.674714570999981, -41.146388122999952 ], [ -71.675047695999979, -41.146554684999955 ], [ -71.67554738299998, -41.146649863999983 ], [ -71.676023274999977, -41.146530890999941 ], [ -71.676380193999933, -41.146530890999941 ], [ -71.676808496999968, -41.14657847999996 ], [ -71.677450951999958, -41.146649863999983 ], [ -71.677760280999962, -41.146673657999941 ], [ -71.678236173999949, -41.146673657999941 ], [ -71.678593092999961, -41.146554684999955 ], [ -71.678854833999935, -41.146530890999941 ], [ -71.679402109999955, -41.14657847999996 ], [ -71.679759028999968, -41.146721247999949 ], [ -71.680211125999961, -41.146745041999964 ], [ -71.680615634999981, -41.146840220999934 ], [ -71.680758401999981, -41.146887809999953 ], [ -71.68113911599994, -41.146935398999972 ], [ -71.681258088999982, -41.146959193999976 ], [ -71.681805364999946, -41.14712575599998 ], [ -71.681948132999935, -41.147197139999946 ], [ -71.682400229999985, -41.147506469999939 ], [ -71.682566792999978, -41.147554058999958 ], [ -71.682923711999933, -41.147601647999977 ], [ -71.683209246999979, -41.147601647999977 ], [ -71.683566165999935, -41.147554058999958 ], [ -71.684042058999978, -41.147435085999973 ], [ -71.684446566999952, -41.147244728999965 ], [ -71.684589334999941, -41.147101960999976 ], [ -71.684898664999935, -41.146887809999953 ], [ -71.685184199999981, -41.146792631999972 ], [ -71.685779064999963, -41.146673657999941 ], [ -71.686611875999972, -41.146673657999941 ], [ -71.687040178999951, -41.146697452999945 ], [ -71.687420892999967, -41.146768836999968 ], [ -71.687991963999934, -41.147006782999938 ], [ -71.688396471999965, -41.147149550999984 ], [ -71.688539239999955, -41.14722093499995 ], [ -71.688872363999963, -41.147292317999984 ], [ -71.689181693999956, -41.14736370199995 ], [ -71.689491023999949, -41.147435085999973 ], [ -71.689657586999942, -41.147482674999935 ], [ -71.690109683999935, -41.147649237999985 ], [ -71.690419013999986, -41.147744415999966 ], [ -71.690942494999945, -41.147863388999951 ], [ -71.691323208999961, -41.147982361999937 ], [ -71.69160874499994, -41.14805374599996 ], [ -71.691918073999943, -41.148148923999941 ], [ -71.692227403999937, -41.14829169199993 ], [ -71.692584323999938, -41.148505842999953 ], [ -71.69294124299995, -41.148672405999946 ], [ -71.693274366999958, -41.148791378999931 ], [ -71.69363128599997, -41.148862762999954 ], [ -71.693916821999949, -41.148910351999973 ], [ -71.694178561999934, -41.149005529999954 ], [ -71.69455927599995, -41.149100708999981 ], [ -71.694892400999947, -41.149195886999962 ], [ -71.695225524999955, -41.149314859999947 ], [ -71.695439676999968, -41.149410038999974 ], [ -71.695653827999934, -41.149695573999963 ], [ -71.695867979999946, -41.149838341999953 ], [ -71.696201103999954, -41.149909724999929 ], [ -71.696605612999974, -41.149909724999929 ], [ -71.697033915999953, -41.149743162999982 ], [ -71.697486012999946, -41.149671778999959 ], [ -71.697795342999939, -41.149410038999974 ], [ -71.698104672999989, -41.149124502999939 ], [ -71.698271234999936, -41.148719994999965 ], [ -71.69829502999994, -41.148434459999976 ], [ -71.698580564999986, -41.147863388999951 ], [ -71.69874712799998, -41.147720620999962 ], [ -71.699008867999964, -41.147482674999935 ], [ -71.699223019999977, -41.147268523999969 ], [ -71.699484759999962, -41.147149550999984 ], [ -71.699746500999936, -41.146959193999976 ], [ -71.699908881999988, -41.146776515999932 ], [ -71.699936857999944, -41.146745041999964 ], [ -71.700151009999956, -41.146483301999979 ], [ -71.700293776999956, -41.146340533999933 ], [ -71.700412749999941, -41.146173971999985 ], [ -71.700919755999962, -41.145721287999947 ], [ -71.701078998999947, -41.145579105999957 ], [ -71.701152438999941, -41.145372262999956 ], [ -71.701101785999981, -41.145224706999954 ], [ -71.701126588999955, -41.145127008999964 ], [ -71.701102793999951, -41.145008035999979 ], [ -71.700960025999962, -41.144793883999967 ], [ -71.700769668999953, -41.144674910999981 ], [ -71.700579312999935, -41.144603526999958 ], [ -71.700246187999937, -41.144555937999939 ], [ -71.699960652999948, -41.144460759999959 ], [ -71.699603733999936, -41.144436964999954 ], [ -71.699246813999935, -41.144436964999954 ], [ -71.69874712799998, -41.144532143999982 ], [ -71.698580564999986, -41.144579732999944 ], [ -71.698271234999936, -41.144674910999981 ], [ -71.69818149799994, -41.144710805999978 ], [ -71.698152261999951, -41.144722499999943 ], [ -71.698009494999951, -41.144722499999943 ], [ -71.697866726999962, -41.144746294999948 ], [ -71.697724842999946, -41.144745994999937 ], [ -71.697652575999939, -41.144651116999967 ], [ -71.697438423999984, -41.144460759999959 ], [ -71.697343245999946, -41.144389375999936 ], [ -71.697224272999961, -41.14427040299995 ], [ -71.697081504999971, -41.144151429999965 ], [ -71.696914942999967, -41.14403245699998 ], [ -71.696795969999982, -41.143937277999953 ], [ -71.69658181799997, -41.143865894999976 ], [ -71.696343871999943, -41.143794510999953 ], [ -71.696129719999988, -41.143699331999983 ], [ -71.695938543999944, -41.143595053999945 ], [ -71.695867979999946, -41.143556564999983 ], [ -71.695701416999952, -41.143461385999956 ], [ -71.695630033999976, -41.143342412999971 ], [ -71.695534854999948, -41.143223439999929 ], [ -71.695415881999963, -41.14308067199994 ], [ -71.69534449799994, -41.14293790499994 ], [ -71.695320703999982, -41.142842725999969 ], [ -71.695225524999955, -41.14269995899997 ], [ -71.695130346999974, -41.14255719099998 ], [ -71.695035167999947, -41.142509601999961 ], [ -71.694868605999943, -41.142319244999953 ], [ -71.694868605999943, -41.142081298999983 ], [ -71.694868605999943, -41.141938530999937 ], [ -71.694843587999969, -41.141575226999976 ], [ -71.694843587999969, -41.141271844999949 ], [ -71.694772203999946, -41.141039847999934 ], [ -71.694736511999963, -41.140790003999939 ], [ -71.694540206999989, -41.14050446899995 ], [ -71.694343900999968, -41.140397392999944 ], [ -71.693933443999981, -41.140379546999952 ], [ -71.693772830999933, -41.140290317999984 ], [ -71.693415910999988, -41.140147549999938 ], [ -71.693130375999942, -41.140111857999955 ], [ -71.692773456999987, -41.140004781999949 ], [ -71.692273769999986, -41.140040473999932 ], [ -71.691881158999934, -41.140094011999963 ], [ -71.691506393999987, -41.140111857999955 ], [ -71.691381471999989, -41.140040473999932 ], [ -71.690935322999962, -41.139844168999957 ], [ -71.69072117199994, -41.139754938999943 ], [ -71.690364252999984, -41.139594324999962 ], [ -71.689864565999983, -41.139522941999985 ], [ -71.689596876999985, -41.139469403999954 ], [ -71.689454039999987, -41.139313581999943 ], [ -71.689425766999989, -41.139339129999939 ], [ -71.689418416999956, -41.139326635999964 ], [ -71.689186419999942, -41.139255251999941 ], [ -71.689079343999936, -41.139255251999941 ], [ -71.688918729999955, -41.139148175999935 ], [ -71.688597502999983, -41.139130330999933 ], [ -71.688276275999954, -41.139076792999958 ], [ -71.688079969999933, -41.138987562999944 ], [ -71.687776588999952, -41.139058946999967 ], [ -71.687651666999955, -41.139148175999935 ], [ -71.687259055999959, -41.139219559999958 ], [ -71.686723677999964, -41.139076792999958 ], [ -71.686438141999986, -41.139005408999935 ], [ -71.686134760999948, -41.139005408999935 ], [ -71.685920609999982, -41.138934024999969 ], [ -71.68570645799997, -41.138880486999938 ], [ -71.685456614999964, -41.138773410999931 ], [ -71.684974773999954, -41.138809102999971 ], [ -71.684421548999978, -41.138898332999929 ], [ -71.683796940999969, -41.138934024999969 ], [ -71.683350791999942, -41.138898332999929 ], [ -71.68269049099996, -41.138844794999955 ], [ -71.682208650999939, -41.138737718999948 ], [ -71.681923114999961, -41.13864848999998 ], [ -71.681708963999938, -41.138434337999968 ], [ -71.681530503999966, -41.138309416999959 ], [ -71.681405582999957, -41.138059572999964 ], [ -71.681262814999968, -41.137898959999973 ], [ -71.680834511999933, -41.137863267999933 ], [ -71.680638205999969, -41.137863267999933 ], [ -71.680531130999952, -41.137791883999967 ], [ -71.680406208999955, -41.137791883999967 ], [ -71.680334824999989, -41.137720499999944 ], [ -71.680102827999974, -41.137631269999929 ], [ -71.679567448999933, -41.137613423999937 ], [ -71.679317605999984, -41.137577731999954 ], [ -71.678728688999968, -41.137488502999929 ], [ -71.678532383999936, -41.13738142699998 ], [ -71.678371769999956, -41.137220812999942 ], [ -71.678086234999967, -41.137149428999976 ], [ -71.67781854499998, -41.137078045999942 ], [ -71.677533009999934, -41.137006661999976 ], [ -71.677372395999953, -41.136935277999953 ], [ -71.677265320999936, -41.136988815999985 ], [ -71.677255255999967, -41.136989444999983 ], [ -71.676825053999949, -41.136917744999948 ], [ -71.67671209599996, -41.136774663999972 ], [ -71.676569327999971, -41.136649742999964 ], [ -71.676337330999957, -41.136542666999958 ], [ -71.676176716999976, -41.136435590999952 ], [ -71.676123178999944, -41.136221439999929 ], [ -71.675677030999964, -41.13611436399998 ], [ -71.675284419999969, -41.136025133999965 ], [ -71.674838270999942, -41.13593590399995 ], [ -71.674445659999947, -41.135900211999967 ], [ -71.674124431999985, -41.135882365999976 ], [ -71.673963818999937, -41.135793136999951 ], [ -71.673642591999965, -41.135650368999961 ], [ -71.673357055999986, -41.135578984999938 ], [ -71.67310721299998, -41.135578984999938 ], [ -71.672928752999951, -41.135382679999964 ], [ -71.672607525999979, -41.135346987999981 ], [ -71.672268452999958, -41.135454062999941 ], [ -71.672089992999986, -41.135382679999964 ], [ -71.671982917999969, -41.135364833999972 ], [ -71.671661689999951, -41.135454062999941 ], [ -71.671340462999979, -41.135436217999938 ], [ -71.671197694999933, -41.135454062999941 ], [ -71.670930005999935, -41.135436217999938 ], [ -71.670626624999954, -41.135275603999958 ], [ -71.67057308699998, -41.135168527999951 ], [ -71.670466010999974, -41.134990068999969 ], [ -71.670430318999934, -41.134936530999937 ], [ -71.670269705999942, -41.134847300999979 ], [ -71.670055553999987, -41.134847300999979 ], [ -71.669841402999964, -41.134775916999956 ], [ -71.669752172999949, -41.134704532999933 ], [ -71.669734326999958, -41.134543919999942 ], [ -71.669573712999977, -41.134401151999953 ], [ -71.669680788999983, -41.134258383999963 ], [ -71.669752172999949, -41.13418700099993 ], [ -71.669805710999981, -41.133990694999966 ], [ -71.669734326999958, -41.133812234999937 ], [ -71.669573712999977, -41.133615929999962 ], [ -71.669359561999954, -41.133526699999948 ], [ -71.669109718999948, -41.133491007999964 ], [ -71.669109718999948, -41.133348240999965 ], [ -71.669038334999982, -41.133205472999975 ], [ -71.668806336999978, -41.133062704999929 ], [ -71.668610031999947, -41.132884245999946 ], [ -71.668485109999949, -41.132795015999932 ], [ -71.668306650999966, -41.132634401999951 ], [ -71.668288804999975, -41.132491634999951 ], [ -71.668181728999969, -41.13229532899993 ], [ -71.66819957499996, -41.132116869999948 ], [ -71.668270958999983, -41.132027639999933 ], [ -71.668270958999983, -41.131834288999983 ], [ -71.668270958999983, -41.131831333999969 ], [ -71.668279019999943, -41.131799088999969 ], [ -71.668216897999969, -41.13160213599997 ], [ -71.668188344999976, -41.131395122999947 ], [ -71.668149082999946, -41.131259493999949 ], [ -71.668034868999939, -41.131070326999975 ], [ -71.667909947999988, -41.130845466999972 ], [ -71.667756471999951, -41.130659868999942 ], [ -71.667649396999934, -41.130538516999934 ], [ -71.667581319999954, -41.13049540999998 ], [ -71.667485736999936, -41.130367965999937 ], [ -71.667432198999961, -41.130153813999982 ], [ -71.667396506999978, -41.129903970999976 ], [ -71.667325122999955, -41.12961843599993 ], [ -71.667182354999966, -41.129332899999952 ], [ -71.667146662999983, -41.129100902999937 ], [ -71.667003895999983, -41.12886890599998 ], [ -71.666807589999962, -41.128654753999967 ], [ -71.666646976999971, -41.128458448999936 ], [ -71.666593438999939, -41.128208604999941 ], [ -71.666682667999964, -41.128047991999949 ], [ -71.666700513999956, -41.12790522399996 ], [ -71.666700513999956, -41.127708917999939 ], [ -71.666629130999979, -41.127459074999933 ], [ -71.666504208999982, -41.127244922999978 ], [ -71.666397132999975, -41.127102155999978 ], [ -71.666075905999946, -41.126602468999977 ], [ -71.665915291999966, -41.126388317999954 ], [ -71.66582606299994, -41.126263395999956 ], [ -71.66566544899996, -41.126067089999935 ], [ -71.665397759999962, -41.125835092999978 ], [ -71.66518360799995, -41.125638786999957 ], [ -71.665201453999941, -41.125513865999949 ], [ -71.665237145999981, -41.125317559999985 ], [ -71.665165761999958, -41.125121254999954 ], [ -71.665076531999944, -41.12488925699995 ], [ -71.664969456999984, -41.124764334999952 ], [ -71.664826688999938, -41.124568029999978 ], [ -71.664683920999948, -41.124496645999955 ], [ -71.664416231999951, -41.124371723999957 ], [ -71.664380539999968, -41.124175418999982 ], [ -71.664184234999937, -41.123979112999962 ], [ -71.663863006999975, -41.123764961999939 ], [ -71.663738085999967, -41.123640039999941 ], [ -71.663523933999954, -41.123408042999984 ], [ -71.663506087999963, -41.123247428999946 ], [ -71.663488241999971, -41.123015431999931 ], [ -71.66332762899998, -41.122819125999968 ], [ -71.663077784999984, -41.122676358999968 ], [ -71.662970709999968, -41.122569282999962 ], [ -71.662774403999947, -41.122497898999939 ], [ -71.662524560999941, -41.122426514999972 ], [ -71.662440580999942, -41.12236053099997 ], [ -71.662274716999946, -41.122230209999941 ], [ -71.662065801999972, -41.121969065999963 ], [ -71.66206056599998, -41.121962519999954 ], [ -71.661935643999982, -41.12176621499998 ], [ -71.661851304999971, -41.12177515999997 ], [ -71.661685800999976, -41.121623446999934 ], [ -71.661418110999989, -41.121462833999942 ], [ -71.661186113999975, -41.12128437399997 ], [ -71.660650734999933, -41.121105913999941 ], [ -71.660400891999984, -41.120838224999943 ], [ -71.659936896999966, -41.120731148999937 ], [ -71.659562131999962, -41.120588381999937 ], [ -71.659365825999942, -41.120374229999982 ], [ -71.659044598999969, -41.120302845999959 ], [ -71.658669833999966, -41.120231462999982 ], [ -71.658402144999968, -41.120195770999942 ], [ -71.658116608999933, -41.120142232999967 ], [ -71.657973841999933, -41.119963772999938 ], [ -71.65745630899994, -41.119749621999972 ], [ -71.657331386999942, -41.119606853999983 ], [ -71.657331386999942, -41.119410548999952 ], [ -71.657367078999982, -41.119249934999971 ], [ -71.657260002999976, -41.119071474999942 ], [ -71.657260002999976, -41.118803785999944 ], [ -71.65715292799996, -41.118696709999938 ], [ -71.657063697999945, -41.118553942999938 ], [ -71.65690981399996, -41.118246174999967 ], [ -71.656867391999981, -41.118161331999943 ], [ -71.656831699999941, -41.117804411999941 ], [ -71.656796008999947, -41.11764379899995 ], [ -71.656903083999964, -41.117322571999978 ], [ -71.656947849999938, -41.117266614999949 ], [ -71.656974467999987, -41.117233341999963 ], [ -71.657081543999936, -41.117037035999942 ], [ -71.656956621999939, -41.11671580899997 ], [ -71.656956621999939, -41.116501657999947 ], [ -71.656813854999939, -41.116126892999944 ], [ -71.656778162999956, -41.11589489499994 ], [ -71.656724624999981, -41.115662897999982 ], [ -71.656678049999982, -41.115569746999938 ], [ -71.656653240999958, -41.115520129999936 ], [ -71.656706778999933, -41.115198902999964 ], [ -71.656760316999964, -41.114859829999943 ], [ -71.656849545999933, -41.11448506499994 ], [ -71.656853505999948, -41.114459325999974 ], [ -71.656870589999983, -41.11441916299998 ], [ -71.656868323999959, -41.114363006999952 ], [ -71.656885237999973, -41.114253066999936 ], [ -71.656881127999952, -41.114088770999956 ], [ -71.656909681999934, -41.113836547999938 ], [ -71.656885886999987, -41.113465351999935 ], [ -71.656714565999948, -41.113089397999943 ], [ -71.656536, -41.112858427999981 ], [ -71.656318376999934, -41.11265754599998 ], [ -71.656314167999938, -41.112611238999932 ], [ -71.656278475999954, -41.112450624999951 ], [ -71.656207091999988, -41.112343549999935 ], [ -71.656082169999934, -41.112236473999985 ], [ -71.655939402999934, -41.112058013999956 ], [ -71.655689558999939, -41.112022322999962 ], [ -71.655671712999947, -41.111772478999967 ], [ -71.655636020999964, -41.111558327999944 ], [ -71.655546791999939, -41.111344175999932 ], [ -71.655439715999933, -41.111147870999957 ], [ -71.655332639999983, -41.110915872999954 ], [ -71.655279101999952, -41.110594645999981 ], [ -71.655154180999943, -41.110362648999967 ], [ -71.655047104999937, -41.110166342999946 ], [ -71.654975720999971, -41.109934345999932 ], [ -71.654904336999948, -41.109702347999985 ], [ -71.654832952999982, -41.10957742599993 ], [ -71.654797260999942, -41.109363274999964 ], [ -71.654708031999974, -41.109166968999943 ], [ -71.65447603399997, -41.108881433999954 ], [ -71.654422495999938, -41.108738666999955 ], [ -71.654422495999938, -41.108506668999951 ], [ -71.654315420999978, -41.108292517999985 ], [ -71.654172652999989, -41.108096211999964 ], [ -71.654136960999949, -41.107828522999966 ], [ -71.654083422999975, -41.107667908999929 ], [ -71.65399419299996, -41.10752514099994 ], [ -71.653976346999968, -41.107346681999957 ], [ -71.653940654999985, -41.107186067999976 ], [ -71.653922809999983, -41.107007608999936 ], [ -71.653744349999954, -41.106918378999978 ], [ -71.653690811999979, -41.106704226999966 ], [ -71.653548043999933, -41.106472229999952 ], [ -71.653298200999984, -41.106293769999979 ], [ -71.653173278999986, -41.105901158999984 ], [ -71.653057085999933, -41.105713461999983 ], [ -71.652941281999972, -41.10552639399998 ], [ -71.652780667999934, -41.105151628999977 ], [ -71.652772365999965, -41.105110116999981 ], [ -71.65272712999996, -41.104883939999979 ], [ -71.652637900999935, -41.104669787999967 ], [ -71.652602208999951, -41.104544866999959 ], [ -71.65249315799997, -41.104280028999938 ], [ -71.652477286999954, -41.104241484999932 ], [ -71.652379672999984, -41.104163393999954 ], [ -71.652298826999981, -41.104098717999932 ], [ -71.652138213999933, -41.103973795999934 ], [ -71.651924061999978, -41.103813182999943 ], [ -71.651906215999986, -41.103795336999951 ], [ -71.651531450999983, -41.103509800999973 ], [ -71.651388683999983, -41.103402725999956 ], [ -71.651210223999954, -41.103259957999967 ], [ -71.650853304999941, -41.103081497999938 ], [ -71.650532077999969, -41.102974422999978 ], [ -71.65021085099994, -41.102867346999972 ], [ -71.649782547999962, -41.102688886999942 ], [ -71.649461319999943, -41.102492581999968 ], [ -71.649157938999963, -41.102314121999939 ], [ -71.64897947999998, -41.102296275999947 ], [ -71.648729635999985, -41.102082124999981 ], [ -71.648479792999979, -41.101992894999967 ], [ -71.648087181999983, -41.101778742999954 ], [ -71.648075004999953, -41.101771639999981 ], [ -71.647873029999971, -41.101653821999946 ], [ -71.647750059999964, -41.101615393999964 ], [ -71.647645996999984, -41.101582873999973 ], [ -71.647587494999982, -41.101564591999932 ], [ -71.647266267999953, -41.10154674599994 ], [ -71.647087807999981, -41.101493207999965 ], [ -71.646730888999969, -41.101368285999968 ], [ -71.646659504999946, -41.101261210999951 ], [ -71.646177663999936, -41.101189826999985 ], [ -71.645927820999987, -41.101189826999985 ], [ -71.645713669999964, -41.101082750999979 ], [ -71.645731514999966, -41.100939983999979 ], [ -71.645606593999958, -41.100707985999975 ], [ -71.645374595999954, -41.100636601999952 ], [ -71.645089060999965, -41.100440296999977 ], [ -71.644928446999984, -41.10031537499998 ], [ -71.644535835999989, -41.100368912999954 ], [ -71.644534961999966, -41.100374590999934 ], [ -71.644196762999968, -41.100154760999942 ], [ -71.644000457999937, -41.100065531999974 ], [ -71.64373276799995, -41.099922763999984 ], [ -71.643322310999963, -41.09969076699997 ], [ -71.642965391999951, -41.099619382999947 ], [ -71.642715548999945, -41.099619382999947 ], [ -71.642679102999978, -41.099628129999985 ], [ -71.642412167999964, -41.099565844999972 ], [ -71.641573407999942, -41.099387384999943 ], [ -71.641270025999972, -41.099369538999952 ], [ -71.641002336999975, -41.099191079999969 ], [ -71.640806030999954, -41.099137541999937 ], [ -71.640502649999974, -41.099101849999954 ], [ -71.640342036999982, -41.099048311999979 ], [ -71.640092192999987, -41.099066157999971 ], [ -71.639878041999964, -41.098976927999956 ], [ -71.639574659999937, -41.09886985299994 ], [ -71.639324816999988, -41.09886985299994 ], [ -71.639278272999945, -41.098840233999965 ], [ -71.639128511999957, -41.098744930999942 ], [ -71.638896513999953, -41.098673546999976 ], [ -71.638664516999938, -41.098673546999976 ], [ -71.638450364999983, -41.098673546999976 ], [ -71.638271905999943, -41.098691392999967 ], [ -71.638057753999988, -41.098673546999976 ], [ -71.637843602999965, -41.09856647099997 ], [ -71.637825756999973, -41.098477241999944 ], [ -71.637686019999933, -41.098396375999982 ], [ -71.637379607999947, -41.098352319999947 ], [ -71.63711191799996, -41.098370165999938 ], [ -71.636897766999937, -41.09838801199993 ], [ -71.636683615999971, -41.098370165999938 ], [ -71.636433771999975, -41.098280935999981 ], [ -71.636148236999986, -41.098280935999981 ], [ -71.635987622999949, -41.098280935999981 ], [ -71.635880546999942, -41.098263089999932 ], [ -71.635737779999943, -41.098191705999966 ], [ -71.635595011999953, -41.098120321999943 ], [ -71.635452244999954, -41.098013246999983 ], [ -71.635144279999963, -41.098000076999938 ], [ -71.634849821999978, -41.098009 ], [ -71.634564286999989, -41.097994127999982 ], [ -71.634394749999956, -41.097982230999946 ], [ -71.634219264999956, -41.097988179999959 ], [ -71.63401861899996, -41.097995400999935 ], [ -71.633822312999939, -41.098031092999975 ], [ -71.63345783699998, -41.098038742999961 ], [ -71.632918118999953, -41.098048938999966 ], [ -71.632632582999975, -41.098138167999934 ], [ -71.63240058599996, -41.098120321999943 ], [ -71.632150742999954, -41.098048938999966 ], [ -71.63191874499995, -41.098156013999983 ], [ -71.631740285999967, -41.098245243999941 ], [ -71.631472595999981, -41.098245243999941 ], [ -71.631169214999943, -41.098263089999932 ], [ -71.631131158999949, -41.098259918999929 ], [ -71.631001968999954, -41.098249152999983 ], [ -71.630526760999942, -41.098209551999958 ], [ -71.630187686999989, -41.098102475999951 ], [ -71.629795075999937, -41.098031092999975 ], [ -71.629473848999965, -41.097906170999977 ], [ -71.629438156999981, -41.097709864999956 ], [ -71.629277543999933, -41.097531405999973 ], [ -71.629188313999975, -41.097299407999969 ], [ -71.629099083999961, -41.097067410999955 ], [ -71.629099083999961, -41.096942488999957 ], [ -71.629099083999961, -41.096870991999936 ], [ -71.629099083999961, -41.096786900999973 ], [ -71.629122973999984, -41.096678638999947 ], [ -71.629206125999985, -41.096567768999932 ], [ -71.629259697999942, -41.096496339999931 ], [ -71.629366772999958, -41.096282188999965 ], [ -71.629348926999967, -41.095978807999984 ], [ -71.629331080999975, -41.09571111799994 ], [ -71.629295389999982, -41.095443428999943 ], [ -71.629045545999986, -41.095354198999985 ], [ -71.628920623999988, -41.095032971999956 ], [ -71.628777856999989, -41.094872357999975 ], [ -71.628742164999949, -41.094765282999958 ], [ -71.628563704999976, -41.094676052999944 ], [ -71.628153247999933, -41.09444405499994 ], [ -71.627956942999958, -41.094408362999957 ], [ -71.627796328999978, -41.094247749999965 ], [ -71.627778482999986, -41.094033597999953 ], [ -71.627778482999986, -41.093783292999944 ], [ -71.627778482999986, -41.093718042999967 ], [ -71.627778482999986, -41.093623140999966 ], [ -71.627634304999958, -41.093200108999952 ], [ -71.627538134999952, -41.092956344999948 ], [ -71.627472500999943, -41.092759908999938 ], [ -71.627432049999982, -41.092645694999931 ], [ -71.627341630999979, -41.092543377999959 ], [ -71.627175068999975, -41.092383953999956 ], [ -71.627028952999979, -41.092266848999941 ], [ -71.626886184999933, -41.092070542999977 ], [ -71.626761263999981, -41.091909928999939 ], [ -71.62670772599995, -41.091731469999957 ], [ -71.626547111999969, -41.091374550999944 ], [ -71.626315114999954, -41.090999785999941 ], [ -71.625868965999985, -41.090678557999979 ], [ -71.625458508999941, -41.090482252999948 ], [ -71.625449727999978, -41.090476244999934 ], [ -71.625436788999934, -41.090453559999958 ], [ -71.625399116999972, -41.090441615999964 ], [ -71.625119435999977, -41.090250255999933 ], [ -71.625102380999977, -41.090274544999943 ], [ -71.625090216999979, -41.090268057999936 ], [ -71.625083743999937, -41.090250255999933 ], [ -71.624799509999946, -41.090095860999952 ], [ -71.624599634999981, -41.089974507999955 ], [ -71.624281976999953, -41.089796048999972 ], [ -71.62403083199996, -41.089661338999974 ], [ -71.623763142999962, -41.089554262999968 ], [ -71.623424069999942, -41.089536416999977 ], [ -71.623120688999961, -41.089357957999937 ], [ -71.622942228999989, -41.089250881999931 ], [ -71.62262100199996, -41.088983192999933 ], [ -71.622246236999956, -41.088697656999955 ], [ -71.621942854999986, -41.088590581999938 ], [ -71.621585935999974, -41.088233661999936 ], [ -71.621318246999977, -41.088055202999954 ], [ -71.621088543999974, -41.087856934999934 ], [ -71.621033815999965, -41.087743910999961 ], [ -71.620979087999956, -41.087670146999983 ], [ -71.620874391999962, -41.087620178999941 ], [ -71.620729329999961, -41.087591207999935 ], [ -71.620497332999946, -41.087591207999935 ], [ -71.620354564999957, -41.087519823999969 ], [ -71.62024383499994, -41.087346540999931 ], [ -71.620132, -41.087239464999982 ], [ -71.620015406999983, -41.087158562999946 ], [ -71.619789357999935, -41.087082420999934 ], [ -71.619569342999966, -41.087055828999951 ], [ -71.619301653999969, -41.086948753999934 ], [ -71.618632939999941, -41.086743346999981 ], [ -71.61825850799994, -41.086599674999945 ], [ -71.61773121899995, -41.086483557999941 ], [ -71.617083910999952, -41.086336458999938 ], [ -71.616571221999948, -41.086199222999937 ], [ -71.616089381999984, -41.086163530999954 ], [ -71.615786, -41.086127839999961 ], [ -71.615411234999954, -41.086074301999929 ], [ -71.614822318999984, -41.086056455999937 ], [ -71.614643858999955, -41.085985071999971 ], [ -71.614429707999989, -41.085895841999957 ], [ -71.614072788999977, -41.085895841999957 ], [ -71.613751560999958, -41.085699536999982 ], [ -71.613341103999971, -41.085735228999965 ], [ -71.613091260999965, -41.085735228999965 ], [ -71.612662957999987, -41.085806611999942 ], [ -71.612306038999975, -41.085895841999957 ], [ -71.612020503999986, -41.085860149999974 ], [ -71.611681429999976, -41.085788765999951 ], [ -71.611288818999981, -41.085681690999934 ], [ -71.611038975999975, -41.085699536999982 ], [ -71.61064636499998, -41.085770919999959 ], [ -71.610289445999967, -41.085770919999959 ], [ -71.610093139999947, -41.085681690999934 ], [ -71.609343609999939, -41.085396154999955 ], [ -71.609002304999933, -41.085111840999957 ], [ -71.608545448999962, -41.084921483999949 ], [ -71.608259913999973, -41.084693055999935 ], [ -71.607955342999958, -41.084445591999952 ], [ -71.607707878999975, -41.084198127999969 ], [ -71.607460414999935, -41.083931628999949 ], [ -71.607289092999963, -41.083627057999934 ], [ -71.60713680799995, -41.083417664999956 ], [ -71.606813200999966, -41.083113093999941 ], [ -71.606584772999952, -41.082922736999933 ], [ -71.606337308999969, -41.082599129999949 ], [ -71.605994666999948, -41.082199380999953 ], [ -71.60542359599998, -41.081590238999979 ], [ -71.604776382999944, -41.081095310999956 ], [ -71.603900740999961, -41.080314847999944 ], [ -71.602815706999934, -41.079743776999976 ], [ -71.602339814999937, -41.079553419999968 ], [ -71.60186392199995, -41.079153670999972 ], [ -71.601368993999984, -41.07900138499997 ], [ -71.600912137999956, -41.07873488599995 ], [ -71.600683709999942, -41.078620671999943 ], [ -71.600398173999963, -41.078220921999957 ], [ -71.600226852999981, -41.078030564999949 ], [ -71.599979388999941, -41.077421422999976 ], [ -71.599922281999966, -41.077269137999963 ], [ -71.59954156799995, -41.076279281999973 ], [ -71.599465425999938, -41.075993746999984 ], [ -71.599294103999966, -41.07542267599996 ], [ -71.599294103999966, -41.075308461999953 ], [ -71.599217961999955, -41.074737390999985 ], [ -71.599217961999955, -41.074566069999946 ], [ -71.599122782999984, -41.074147284999981 ], [ -71.599084711999978, -41.074033070999974 ], [ -71.598951461999945, -41.073880784999972 ], [ -71.59883234199998, -41.073599977999947 ], [ -71.598703997999962, -41.073385856999948 ], [ -71.598608819999981, -41.073100321999959 ], [ -71.598551712999949, -41.07283382199995 ], [ -71.598437498999942, -41.072415036999985 ], [ -71.59828521299994, -41.072072394999964 ], [ -71.597904498999981, -41.07157746699994 ], [ -71.597409570999957, -41.071082538999974 ], [ -71.596876571999985, -41.070625682999946 ], [ -71.596305500999961, -41.070149789999959 ], [ -71.595810573999984, -41.069826183999965 ], [ -71.595220466999933, -41.069483540999954 ], [ -71.594420967999952, -41.069159934999959 ], [ -71.593374005999976, -41.06889343499995 ], [ -71.592841005999958, -41.068645970999967 ], [ -71.592365113999961, -41.068493685999954 ], [ -71.591832114999988, -41.068303328999946 ], [ -71.591413329999966, -41.068189113999949 ], [ -71.590861294999968, -41.06790357899996 ], [ -71.590499616999978, -41.067675150999946 ], [ -71.590023723999934, -41.067332508999982 ], [ -71.589719152999976, -41.067142151999974 ], [ -71.589452653999956, -41.066628187999981 ], [ -71.589357474999986, -41.066399759999968 ], [ -71.589357474999986, -41.066057116999957 ], [ -71.589357474999986, -41.065771581999968 ], [ -71.589490724999962, -41.065295689999971 ], [ -71.589604938999969, -41.064857868999979 ], [ -71.589776259999951, -41.064553297999964 ], [ -71.590023723999934, -41.064286797999955 ], [ -71.590233116999968, -41.063944155999934 ], [ -71.590347330999975, -41.063658620999945 ], [ -71.590556723999953, -41.063182728999948 ], [ -71.59067093799996, -41.062821049999968 ], [ -71.590747080999961, -41.062668764999955 ], [ -71.590842258999942, -41.062497443999973 ], [ -71.590994544999944, -41.062249979999933 ], [ -71.591203936999989, -41.062021551999976 ], [ -71.591470436999941, -41.061774087999936 ], [ -71.591603686999974, -41.061583730999985 ], [ -71.591717900999981, -41.061393373999977 ], [ -71.591870185999937, -41.061317230999975 ], [ -71.592079578999972, -41.061222052999938 ], [ -71.592231863999984, -41.061107838999931 ], [ -71.59265064899995, -41.060631945999944 ], [ -71.592879077999953, -41.060422553999956 ], [ -71.59299329199996, -41.060251232999974 ], [ -71.59301232699994, -41.060060875999966 ], [ -71.593207442999983, -41.059689133999939 ], [ -71.593415645999983, -41.059242985999958 ], [ -71.593772564999938, -41.058826579999959 ], [ -71.59409974099998, -41.058558890999961 ], [ -71.594694605999962, -41.057845051999948 ], [ -71.595348957999988, -41.057398902999978 ], [ -71.595557160999988, -41.057160956999951 ], [ -71.595884336999973, -41.056774294999968 ], [ -71.59656843199997, -41.056387631999939 ], [ -71.597490472999937, -41.055435847999945 ], [ -71.597787905999951, -41.055019441999946 ], [ -71.598085337999976, -41.054662522999934 ], [ -71.598382770999933, -41.054275860999951 ], [ -71.598769432999973, -41.053799968999954 ], [ -71.599245325999959, -41.053175359999955 ], [ -71.599631987999942, -41.052818440999943 ], [ -71.600107879999939, -41.05222357599996 ], [ -71.600583771999936, -41.051598966999961 ], [ -71.601000177999936, -41.051271790999976 ], [ -71.60150581299996, -41.050736411999935 ], [ -71.602041191999945, -41.050230776999967 ], [ -71.602517083999942, -41.049814370999968 ], [ -71.603141692999941, -41.049427708999985 ], [ -71.603647327999965, -41.048981559999959 ], [ -71.604033990999937, -41.048684126999945 ], [ -71.604539625999962, -41.048327207999932 ], [ -71.604777571999989, -41.048119004999933 ], [ -71.604985774999989, -41.047910802999979 ], [ -71.605312950999974, -41.047791828999948 ], [ -71.605788842999971, -41.04770259999998 ], [ -71.606264735999957, -41.047672855999963 ], [ -71.606889343999967, -41.047672855999963 ], [ -71.607335492999937, -41.047643112999936 ], [ -71.607751898999936, -41.047643112999936 ], [ -71.608257533999961, -41.04749439699998 ], [ -71.608733425999958, -41.047345680999967 ], [ -71.609358034999957, -41.047107733999951 ], [ -71.609833926999954, -41.046959017999939 ], [ -71.610161102999939, -41.046750814999939 ], [ -71.610488278999981, -41.046542611999939 ], [ -71.610785710999949, -41.046304665999969 ], [ -71.611023657999965, -41.046185692999984 ], [ -71.611321089999933, -41.046096462999969 ], [ -71.611648265999975, -41.046036976999972 ], [ -71.612005184999987, -41.046096462999969 ], [ -71.612213387999986, -41.046126206999929 ], [ -71.612540563999971, -41.046245179999971 ], [ -71.612837996999986, -41.046334409999929 ], [ -71.613254401999939, -41.046393895999984 ], [ -71.614295415999948, -41.046423638999954 ], [ -71.614771308999934, -41.046423638999954 ], [ -71.615128227999946, -41.046304665999969 ], [ -71.615574376999973, -41.045947746999957 ], [ -71.616020525999943, -41.045531341999947 ], [ -71.616645133999953, -41.045174421999945 ], [ -71.617418458999964, -41.044847245999961 ], [ -71.618340499999988, -41.044520070999965 ], [ -71.61914356799997, -41.044014434999951 ], [ -71.619500486999982, -41.043954948999954 ], [ -71.619738432999952, -41.043746745999954 ], [ -71.619976379999969, -41.043598028999952 ], [ -71.620184581999979, -41.043389826999942 ], [ -71.620422527999949, -41.043181623999942 ], [ -71.620719960999963, -41.042973420999942 ], [ -71.621106623999935, -41.042854447999957 ], [ -71.621433798999988, -41.042735474999972 ], [ -71.62182046199996, -41.04261650199993 ], [ -71.622177380999972, -41.04261650199993 ], [ -71.622564042999954, -41.04261650199993 ], [ -71.623099421999939, -41.042646244999958 ], [ -71.62342659799998, -41.042646244999958 ], [ -71.62384300399998, -41.04261650199993 ], [ -71.624199922999935, -41.042527271999973 ], [ -71.62470555799996, -41.042348811999943 ], [ -71.625181450999946, -41.042229838999958 ], [ -71.625538369999958, -41.042140609999933 ], [ -71.626222464999955, -41.042140609999933 ], [ -71.62672809999998, -41.042140609999933 ], [ -71.627322964999962, -41.042140609999933 ], [ -71.627650140999947, -41.042081122999946 ], [ -71.628036803999976, -41.041962149999961 ], [ -71.628304492999973, -41.041872919999946 ], [ -71.628720898999973, -41.041724203999934 ], [ -71.62922653399994, -41.041575487999978 ], [ -71.629672682999967, -41.041486257999964 ], [ -71.630118831999937, -41.041367284999978 ], [ -71.630386520999934, -41.041367284999978 ], [ -71.630832669999961, -41.041426770999976 ], [ -71.631011129999933, -41.041516000999934 ], [ -71.631427535999933, -41.041575487999978 ], [ -71.631754711999974, -41.041605230999949 ], [ -71.632587522999984, -41.041456514999936 ], [ -71.633420333999936, -41.041367284999978 ], [ -71.634163915999977, -41.041159081999979 ], [ -71.634639807999974, -41.041040108999937 ], [ -71.635234672999957, -41.040802162999967 ], [ -71.635770051999941, -41.040683189999982 ], [ -71.636186457999941, -41.040683189999982 ], [ -71.636454146999938, -41.040712932999952 ], [ -71.63678132299998, -41.040712932999952 ], [ -71.637167984999962, -41.040712932999952 ], [ -71.637495160999947, -41.040712932999952 ], [ -71.637792593999961, -41.040653445999965 ], [ -71.638268485999959, -41.040445243999955 ], [ -71.638803864999943, -41.040237040999955 ], [ -71.63925001399997, -41.04011806799997 ], [ -71.640142311999966, -41.039969350999968 ], [ -71.640588460999936, -41.03990986499997 ], [ -71.641004865999946, -41.039850377999983 ], [ -71.641451014999973, -41.039790891999985 ], [ -71.641688960999943, -41.03970166199997 ], [ -71.642075623999972, -41.039582688999985 ], [ -71.642343312999969, -41.039523201999941 ], [ -71.642640745999984, -41.039493458999971 ], [ -71.643027407999966, -41.039404228999956 ], [ -71.64353304399998, -41.039315 ], [ -71.644157651999933, -41.039225769999973 ], [ -71.644365854999933, -41.039166282999929 ], [ -71.644812003999959, -41.038958079999929 ], [ -71.645168922999972, -41.038868850999961 ], [ -71.645734044999983, -41.038749877999976 ], [ -71.646061220999968, -41.038690390999932 ], [ -71.646328909999966, -41.038660647999961 ], [ -71.646745315999965, -41.038452444999962 ], [ -71.647013004999963, -41.038303728999949 ], [ -71.647221207999962, -41.038244241999962 ], [ -71.647518640999976, -41.038155011999947 ], [ -71.647786329999974, -41.038125268999977 ], [ -71.648113505999959, -41.038065782999979 ], [ -71.648410938999973, -41.037976552999964 ], [ -71.648678627999971, -41.03788732299995 ], [ -71.649035546999983, -41.037827836999952 ], [ -71.649362722999967, -41.037827836999952 ], [ -71.649808871999937, -41.037798092999935 ], [ -71.650225277999937, -41.037798092999935 ], [ -71.650492966999934, -41.037827836999952 ], [ -71.650909372999934, -41.037917065999977 ], [ -71.651147318999961, -41.038006295999935 ], [ -71.651415007999958, -41.03809552599995 ], [ -71.651682696999956, -41.038184755999964 ], [ -71.65200987299994, -41.038184755999964 ], [ -71.652128845999982, -41.038184755999964 ], [ -71.65221807599994, -41.03809552599995 ], [ -71.652396535999969, -41.037976552999964 ], [ -71.652604738999969, -41.03788732299995 ], [ -71.652842684999939, -41.037827836999952 ], [ -71.653318576999936, -41.037798092999935 ], [ -71.653794468999934, -41.037798092999935 ], [ -71.65424061799996, -41.037798092999935 ], [ -71.654924712999957, -41.037768349999965 ], [ -71.655489834999969, -41.037768349999965 ], [ -71.656173929999966, -41.037827836999952 ], [ -71.656976997999948, -41.037857579999979 ], [ -71.657571862999987, -41.037857579999979 ], [ -71.658196471999986, -41.037827836999952 ], [ -71.658672363999983, -41.037827836999952 ], [ -71.659178, -41.037798092999935 ], [ -71.659713377999935, -41.037738606999937 ], [ -71.660100040999964, -41.037708862999978 ], [ -71.660605675999989, -41.037708862999978 ], [ -71.661141054999973, -41.037708862999978 ], [ -71.661557460999973, -41.037738606999937 ], [ -71.66182514999997, -41.037768349999965 ], [ -71.66203335299997, -41.037857579999979 ], [ -71.662122582999984, -41.037917065999977 ], [ -71.662182068999982, -41.038036038999962 ], [ -71.662241555999969, -41.038303728999949 ], [ -71.662241555999969, -41.038511931999949 ], [ -71.662241555999969, -41.038720133999959 ], [ -71.662330784999938, -41.038868850999961 ], [ -71.66247950199994, -41.039017566999973 ], [ -71.662657960999979, -41.039047309999944 ], [ -71.662836420999952, -41.039047309999944 ], [ -71.663104109999949, -41.038987823999946 ], [ -71.663550258999976, -41.039077053999961 ], [ -71.663907177999988, -41.039077053999961 ], [ -71.664264097999933, -41.039077053999961 ], [ -71.664680502999943, -41.039017566999973 ], [ -71.664948192999987, -41.038898593999932 ], [ -71.665305111999942, -41.038779620999946 ], [ -71.665602543999967, -41.038541674999976 ], [ -71.665840489999937, -41.038511931999949 ], [ -71.666197409999938, -41.038452444999962 ], [ -71.666732787999933, -41.038363214999947 ], [ -71.667238423999947, -41.038303728999949 ], [ -71.667654828999957, -41.038155011999947 ], [ -71.668338923999954, -41.037946809999937 ], [ -71.668785072999981, -41.037857579999979 ], [ -71.669469167999978, -41.037381687999982 ], [ -71.669974803999935, -41.03726271499994 ], [ -71.670272236999949, -41.03726271499994 ], [ -71.670777871999974, -41.037322200999938 ], [ -71.671253763999971, -41.037411430999953 ], [ -71.671551196999985, -41.037411430999953 ], [ -71.671937858999968, -41.037292457999968 ], [ -71.67229477799998, -41.037173484999983 ], [ -71.672681440999952, -41.037113997999938 ], [ -71.673276305999934, -41.037113997999938 ], [ -71.673781941999948, -41.037143740999966 ], [ -71.674168603999988, -41.037203227999953 ], [ -71.674644495999985, -41.03723297099998 ], [ -71.67500141499994, -41.037381687999982 ], [ -71.675269104999984, -41.037530403999938 ], [ -71.675685509999937, -41.037708862999978 ], [ -71.676101915999936, -41.037857579999979 ], [ -71.676488577999976, -41.03788732299995 ], [ -71.676934726999946, -41.037917065999977 ], [ -71.677142929999945, -41.037857579999979 ], [ -71.677410619999989, -41.037768349999965 ], [ -71.677678308999987, -41.03767911999995 ], [ -71.677945997999984, -41.03764937699998 ], [ -71.678273173999969, -41.037619633999952 ], [ -71.678511119999939, -41.037560146999965 ], [ -71.678957268999966, -41.037500660999967 ], [ -71.679343931999938, -41.037530403999938 ], [ -71.679790080999965, -41.037738606999937 ], [ -71.680622891999974, -41.037768349999965 ], [ -71.681396216999985, -41.037768349999965 ], [ -71.681901851999953, -41.037738606999937 ], [ -71.68279414999995, -41.037411430999953 ], [ -71.683389014999989, -41.036935538999955 ], [ -71.683954136999944, -41.036697592999985 ], [ -71.684251569999958, -41.036459645999969 ], [ -71.684697718999985, -41.036310929999956 ], [ -71.685203353999952, -41.036132470999974 ], [ -71.685500786999967, -41.036013496999942 ], [ -71.685827962999952, -41.03586478099993 ], [ -71.686184881999964, -41.035716064999974 ], [ -71.686660773999961, -41.035507861999974 ], [ -71.686958206999975, -41.03541863199996 ], [ -71.687523328999987, -41.035180685999933 ], [ -71.687969477999957, -41.035121199999935 ], [ -71.688861775999953, -41.034585820999951 ], [ -71.689069978999953, -41.034526333999963 ], [ -71.689516126999933, -41.034288387999936 ], [ -71.689873046999935, -41.034139671999981 ], [ -71.690140735999933, -41.033901725999954 ], [ -71.690765343999942, -41.033663779999983 ], [ -71.692490453999937, -41.033515062999982 ], [ -71.692936602999964, -41.033455576999984 ], [ -71.693382751999934, -41.033306860999971 ], [ -71.693918129999986, -41.033009427999957 ], [ -71.694631968999943, -41.032622765999974 ], [ -71.695018630999982, -41.032384818999958 ], [ -71.696208361999936, -41.031789953999976 ], [ -71.696892456999933, -41.031462777999934 ], [ -71.697695524999972, -41.031343804999949 ], [ -71.697814497999957, -41.031373548999966 ], [ -71.697933470999942, -41.032146872999931 ], [ -71.698022700999957, -41.032444305999945 ], [ -71.69820115999994, -41.032682251999972 ], [ -71.698558078999952, -41.033098657999972 ], [ -71.698706795999954, -41.033068913999955 ], [ -71.699033970999949, -41.033068913999955 ], [ -71.699242173999949, -41.033068913999955 ], [ -71.699599092999961, -41.033009427999957 ], [ -71.70001549899996, -41.032860711999945 ], [ -71.700022957999977, -41.032859112999972 ], [ -71.700431904999959, -41.03277148199993 ], [ -71.700848309999969, -41.032682251999972 ], [ -71.701532405999956, -41.03253353599996 ], [ -71.701710864999939, -41.032414562999975 ], [ -71.702216500999953, -41.031998156999975 ], [ -71.702513932999977, -41.031730467999978 ], [ -71.702900595999949, -41.031462777999934 ], [ -71.703317000999959, -41.031254574999934 ], [ -71.703822636999973, -41.031076115999952 ], [ -71.70450673199997, -41.030897655999979 ], [ -71.70536928599995, -41.030778682999937 ], [ -71.705964151999979, -41.030659709999952 ], [ -71.706618502999959, -41.030629966999982 ], [ -71.707124138999973, -41.030629966999982 ], [ -71.70780823399997, -41.030629966999982 ], [ -71.708224639999969, -41.030540736999967 ], [ -71.708789761999981, -41.030421763999982 ], [ -71.709592829999963, -41.03030279099994 ], [ -71.710009234999973, -41.03030279099994 ], [ -71.710574356999985, -41.030362277999984 ], [ -71.711079992999942, -41.030451506999952 ], [ -71.711704600999951, -41.030659709999952 ], [ -71.712061519999963, -41.030838169999981 ], [ -71.71253741299995, -41.030897655999979 ], [ -71.712983561999977, -41.031046372999981 ], [ -71.713310737999961, -41.031135601999949 ], [ -71.713518939999972, -41.031135601999949 ], [ -71.713637912999957, -41.030986885999937 ], [ -71.713965088999942, -41.030748939999967 ], [ -71.714322007999954, -41.030659709999952 ], [ -71.714678927999955, -41.030659709999952 ], [ -71.71497635999998, -41.030778682999937 ], [ -71.715303535999965, -41.030867912999952 ], [ -71.715660454999977, -41.031076115999952 ], [ -71.715957887999934, -41.031224831999964 ], [ -71.716493266999976, -41.031343804999949 ], [ -71.716701468999986, -41.031343804999949 ], [ -71.717147617999956, -41.031343804999949 ], [ -71.717326077999985, -41.031135601999949 ], [ -71.71768299699994, -41.030808426999954 ], [ -71.71786145699997, -41.030689452999979 ], [ -71.718010172999982, -41.030570479999938 ], [ -71.718155411999987, -41.030525790999945 ], [ -71.718396834999965, -41.030451506999952 ], [ -71.718724010999949, -41.030392020999955 ], [ -71.718961956999976, -41.030392020999955 ], [ -71.719259389999934, -41.030481250999969 ], [ -71.719467592999933, -41.030540736999967 ], [ -71.71970553899996, -41.03051099399994 ], [ -71.720032714999945, -41.030332533999967 ], [ -71.72033014699997, -41.03027304799997 ], [ -71.720746552999969, -41.03027304799997 ], [ -71.721192701999939, -41.03027304799997 ], [ -71.721460390999937, -41.030392020999955 ], [ -71.721787566999978, -41.030570479999938 ], [ -71.722055256999965, -41.030719196999939 ], [ -71.722233715999948, -41.030808426999954 ], [ -71.722531148999963, -41.030838169999981 ], [ -71.72279883799996, -41.030897655999979 ], [ -71.723096270999974, -41.030808426999954 ], [ -71.723363959999972, -41.030778682999937 ], [ -71.723899338999956, -41.030659709999952 ], [ -71.724434717999941, -41.030600223999954 ], [ -71.724940352999965, -41.030600223999954 ], [ -71.725386501999935, -41.030629966999982 ], [ -71.72568393499995, -41.030719196999939 ], [ -71.726189569999974, -41.030897655999979 ], [ -71.726457259999961, -41.030927399999939 ], [ -71.726784434999956, -41.030927399999939 ], [ -71.727438786999983, -41.030867912999952 ], [ -71.72773621999994, -41.030719196999939 ], [ -71.728212111999937, -41.030481250999969 ], [ -71.728420314999937, -41.030332533999967 ], [ -71.728896206999934, -41.030183817999955 ], [ -71.729104409999934, -41.030154074999984 ], [ -71.729520815999933, -41.03006484499997 ], [ -71.729877734999945, -41.030035101999943 ], [ -71.730145423999943, -41.03009458799994 ], [ -71.730442856999957, -41.030183817999955 ], [ -71.730859261999967, -41.030213560999982 ], [ -71.731126951999954, -41.030183817999955 ], [ -71.731275667999967, -41.030035101999943 ], [ -71.731513613999937, -41.029945871999985 ], [ -71.731721816999936, -41.029886384999941 ], [ -71.732286938999948, -41.029975614999955 ], [ -71.732584371999963, -41.030035101999943 ], [ -71.733000776999972, -41.03006484499997 ], [ -71.733506412999986, -41.03006484499997 ], [ -71.733774101999984, -41.029886384999941 ], [ -71.733417182999972, -41.029707925999958 ], [ -71.733268466999959, -41.029499722999958 ], [ -71.733208979999972, -41.029321262999929 ], [ -71.733208979999972, -41.029172546999973 ], [ -71.733536155999957, -41.029113060999975 ], [ -71.734131020999939, -41.029053573999931 ], [ -71.735023318999936, -41.028964343999974 ], [ -71.735766900999977, -41.028904857999976 ], [ -71.736302278999972, -41.028756140999974 ], [ -71.736748427999942, -41.028726397999947 ], [ -71.737283806999983, -41.028756140999974 ], [ -71.738295077999965, -41.028607424999961 ], [ -71.738770969999962, -41.028577681999934 ], [ -71.739484808999975, -41.028577681999934 ], [ -71.740020186999971, -41.028756140999974 ], [ -71.740377105999983, -41.028934600999946 ], [ -71.740852998999969, -41.029113060999975 ], [ -71.741150430999937, -41.029232033999961 ], [ -71.741358633999937, -41.029321262999929 ], [ -71.741566836999937, -41.029469979999931 ], [ -71.741894012999978, -41.029618695999943 ], [ -71.742191444999946, -41.029797155999972 ], [ -71.742429391999963, -41.029975614999955 ], [ -71.742667337999933, -41.03027304799997 ], [ -71.742726823999988, -41.030332533999967 ], [ -71.742816053999945, -41.030421763999982 ], [ -71.74290528399996, -41.030600223999954 ], [ -71.742964769999958, -41.030897655999979 ], [ -71.743275725999979, -41.03113818099996 ], [ -71.743857067999954, -41.031016628999964 ], [ -71.744273473999954, -41.030897655999979 ], [ -71.744749365999951, -41.030838169999981 ], [ -71.745314487999963, -41.030838169999981 ], [ -71.745641663999947, -41.030867912999952 ], [ -71.746058069999947, -41.030986885999937 ], [ -71.746712420999984, -41.031105858999979 ], [ -71.747218056999941, -41.031165345999966 ], [ -71.74802112499998, -41.031165345999966 ], [ -71.74825907099995, -41.031076115999952 ], [ -71.748883679999949, -41.030957142999966 ], [ -71.749359571999946, -41.030897655999979 ], [ -71.750103152999941, -41.030719196999939 ], [ -71.75048981599997, -41.030719196999939 ], [ -71.75072776199994, -41.030629966999982 ], [ -71.750846734999982, -41.030451506999952 ], [ -71.75093596499994, -41.03030279099994 ], [ -71.751382113999966, -41.029975614999955 ], [ -71.752036464999946, -41.029886384999941 ], [ -71.75254210099996, -41.029886384999941 ], [ -71.753107222999972, -41.029767411999956 ], [ -71.753434398999957, -41.029618695999943 ], [ -71.753761574999942, -41.029440235999971 ], [ -71.754296952999937, -41.029232033999961 ], [ -71.75477284599998, -41.029083316999959 ], [ -71.755248737999977, -41.028994087999934 ], [ -71.75584360299996, -41.028964343999974 ], [ -71.756646670999942, -41.028934600999946 ], [ -71.757152306999956, -41.028845370999932 ], [ -71.75765794199998, -41.028666911999949 ], [ -71.75831229399995, -41.028399221999962 ], [ -71.75872869899996, -41.028250505999949 ], [ -71.759145104999959, -41.028101789999937 ], [ -71.759353307999959, -41.02804230299995 ], [ -71.759620996999956, -41.027923329999965 ], [ -71.759829199999956, -41.027863843999967 ], [ -71.760275348999983, -41.027715126999965 ], [ -71.760602524999967, -41.02759615399998 ], [ -71.760899957999982, -41.02738795099998 ], [ -71.761167646999979, -41.02717974799998 ], [ -71.761435335999977, -41.027001288999941 ], [ -71.761881484999947, -41.026882315999956 ], [ -71.762119430999974, -41.026793085999941 ], [ -71.762625066999988, -41.026614626999958 ], [ -71.763100958999985, -41.026495652999984 ], [ -71.763398391999942, -41.026376679999942 ], [ -71.763844540999969, -41.026168477999931 ], [ -71.764915297999949, -41.025722328999962 ], [ -71.765391189999946, -41.025692584999945 ], [ -71.765777852999975, -41.025662841999974 ], [ -71.766342974999986, -41.025543868999932 ], [ -71.766908096999941, -41.025424895999947 ], [ -71.767383988999939, -41.025335665999933 ], [ -71.767859880999936, -41.025127462999933 ], [ -71.768335772999933, -41.024978746999977 ], [ -71.768603462999977, -41.02474080099995 ], [ -71.769614733999958, -41.024443367999936 ], [ -71.770209598999941, -41.024413624999966 ], [ -71.771101896999937, -41.024264908999953 ], [ -71.771339842999964, -41.024235165999983 ], [ -71.771875221999949, -41.024056705999953 ], [ -71.772351113999946, -41.023878245999981 ], [ -71.77306495199997, -41.023789016999956 ], [ -71.77330289799994, -41.023789016999956 ], [ -71.773838276999982, -41.023789016999956 ], [ -71.774314168999979, -41.023789016999956 ], [ -71.774968520999948, -41.023878245999981 ], [ -71.775176723999948, -41.023997218999966 ], [ -71.77574184599996, -41.024235165999983 ], [ -71.776069021999945, -41.02429465199998 ], [ -71.777199265999968, -41.024205421999966 ], [ -71.777675157999965, -41.024175678999939 ], [ -71.778121306999935, -41.024205421999966 ], [ -71.77883514499996, -41.024205421999966 ], [ -71.779519239999956, -41.024205421999966 ], [ -71.779816672999971, -41.02429465199998 ], [ -71.780114104999939, -41.024413624999966 ], [ -71.780589996999936, -41.024413624999966 ], [ -71.78088742999995, -41.024443367999936 ], [ -71.781274091999933, -41.024354138999968 ], [ -71.781839213999945, -41.024116191999951 ], [ -71.782166389999986, -41.023937732999968 ], [ -71.782523309999988, -41.023818759999983 ], [ -71.78290997199997, -41.023699786999941 ], [ -71.783237147999955, -41.023699786999941 ], [ -71.783623809999938, -41.023759272999939 ], [ -71.783950985999979, -41.023848502999954 ], [ -71.784248418999937, -41.024026962999983 ], [ -71.784426877999977, -41.024205421999966 ], [ -71.784605337999949, -41.024473111999953 ], [ -71.784843283999976, -41.024830030999965 ], [ -71.785110972999973, -41.025097719999962 ], [ -71.785438148999958, -41.025246435999975 ], [ -71.78579506799997, -41.025395152999977 ], [ -71.78600327099997, -41.025484382999934 ], [ -71.786181730999942, -41.025633098999947 ], [ -71.786360189999982, -41.02581155799993 ], [ -71.786627879999969, -41.02601976099993 ], [ -71.787133514999937, -41.026138733999971 ], [ -71.787609406999934, -41.026257706999957 ], [ -71.788115042999948, -41.026376679999942 ], [ -71.788561191999975, -41.026584882999941 ], [ -71.788947853999957, -41.026793085999941 ], [ -71.789245286999972, -41.027001288999941 ], [ -71.789691435999941, -41.027031031999968 ], [ -71.790107840999951, -41.027060774999939 ], [ -71.790643219999936, -41.027060774999939 ], [ -71.79135705799996, -41.027060774999939 ], [ -71.792695504999983, -41.026912058999983 ], [ -71.793498572999965, -41.026882315999956 ], [ -71.79403395199995, -41.026941801999953 ], [ -71.794569330999934, -41.026941801999953 ], [ -71.794985736999934, -41.026852572999985 ], [ -71.795669831999987, -41.026614626999958 ], [ -71.796026750999943, -41.026525396999943 ], [ -71.796413412999982, -41.026525396999943 ], [ -71.796740588999967, -41.026614626999958 ], [ -71.796948791999966, -41.026822828999968 ], [ -71.797335453999949, -41.026882315999956 ], [ -71.797781602999976, -41.026852572999985 ], [ -71.797989805999975, -41.026644369999985 ], [ -71.79831698199996, -41.026346936999971 ], [ -71.798584670999958, -41.026138733999971 ], [ -71.798882103999972, -41.025900787999944 ], [ -71.799120049999942, -41.025484382999934 ], [ -71.799298509999971, -41.025276179999935 ], [ -71.799744658999941, -41.02494900399995 ], [ -71.800220550999938, -41.02474080099995 ], [ -71.800964131999933, -41.024562340999978 ], [ -71.801737456999945, -41.024413624999966 ], [ -71.803492309999967, -41.024264908999953 ], [ -71.805128188999959, -41.024145935999968 ], [ -71.80590151399997, -41.024026962999983 ], [ -71.806704581999952, -41.023818759999983 ], [ -71.807418419999976, -41.023580813999956 ], [ -71.808191744999988, -41.023402353999984 ], [ -71.808667636999985, -41.023283380999942 ], [ -71.809738394999954, -41.023194150999984 ], [ -71.810541462999936, -41.023045434999972 ], [ -71.811136327999975, -41.023015691999944 ], [ -71.812178570999947, -41.023115827999959 ], [ -71.812564004999956, -41.023223894999944 ], [ -71.812576956999976, -41.023228211999935 ], [ -71.813099382999951, -41.023402353999984 ], [ -71.813282046999973, -41.02366372299997 ], [ -71.813358189999974, -41.023796972999946 ], [ -71.813491438999961, -41.023911186999953 ], [ -71.813548546999982, -41.023949257999959 ], [ -71.813796009999976, -41.024196721999942 ], [ -71.814005402999953, -41.024368042999981 ], [ -71.814290937999942, -41.024539364999953 ], [ -71.814567199999942, -41.02459996999994 ], [ -71.814883978999944, -41.024770543999978 ], [ -71.815478843999983, -41.02494900399995 ], [ -71.816043965999938, -41.025038233999965 ], [ -71.81660908799995, -41.025186949999977 ], [ -71.817084980999937, -41.025186949999977 ], [ -71.817798818999961, -41.025216692999948 ], [ -71.818155737999973, -41.025216692999948 ], [ -71.818750602999955, -41.025276179999935 ], [ -71.819351195999957, -41.025218963999976 ], [ -71.819583414999954, -41.025097719999962 ], [ -71.820059306999951, -41.025276179999935 ], [ -71.820208022999964, -41.025335665999933 ], [ -71.820445968999934, -41.025484382999934 ], [ -71.820862374999933, -41.025662841999974 ], [ -71.821219293999945, -41.025662841999974 ], [ -71.821865257999946, -41.025213674999975 ], [ -71.822071996999966, -41.024864913999977 ], [ -71.822049902999936, -41.024347778999982 ], [ -71.822035685999936, -41.024015013999986 ], [ -71.82213702699994, -41.023395819999962 ], [ -71.821984967999981, -41.022827850999931 ], [ -71.821657979999941, -41.022547764999956 ], [ -71.821631664999984, -41.021931698999936 ], [ -71.821805339999969, -41.021544812999934 ], [ -71.821840703999953, -41.021511477999979 ], [ -71.822168156999965, -41.021202809999977 ], [ -71.822853725999948, -41.021041958999945 ], [ -71.823289062999947, -41.02093675499998 ], [ -71.823926507999943, -41.021110191999981 ], [ -71.82449268299996, -41.021145824999962 ], [ -71.824921864999965, -41.020896716999971 ], [ -71.825470619999976, -41.020455609999942 ], [ -71.825600640999937, -41.020080116999964 ], [ -71.82563726099994, -41.019974358999946 ], [ -71.825556646999985, -41.019548690999954 ], [ -71.825221584999952, -41.019079747999967 ], [ -71.824713730999974, -41.018948155999965 ], [ -71.824509510999974, -41.018620050999971 ], [ -71.824356024999986, -41.018421388999968 ], [ -71.824089524999977, -41.018269102999966 ], [ -71.82397531099997, -41.018211995999934 ], [ -71.823823024999967, -41.018116817999953 ], [ -71.823689775999981, -41.017964531999951 ], [ -71.823537489999978, -41.017850317999944 ], [ -71.823213882999937, -41.017755139999963 ], [ -71.822966418999954, -41.017678996999962 ], [ -71.822566669999958, -41.017602853999961 ], [ -71.822300169999949, -41.017583817999935 ], [ -71.82201463499996, -41.017564782999955 ], [ -71.821652956999969, -41.01762188999993 ], [ -71.82138645699996, -41.017774174999943 ], [ -71.821138992999977, -41.018021638999983 ], [ -71.820967671999938, -41.018173924999985 ], [ -71.820701171999985, -41.018269102999966 ], [ -71.820320458999959, -41.018269102999966 ], [ -71.820053958999949, -41.018269102999966 ], [ -71.819844566999961, -41.018192959999965 ], [ -71.819578066999952, -41.018211995999934 ], [ -71.819292531999963, -41.018288138999935 ], [ -71.818968446999975, -41.018534725999984 ], [ -71.818819730999962, -41.018802414999982 ], [ -71.818611527999963, -41.018980874999954 ], [ -71.818373581999936, -41.019099847999939 ], [ -71.817986919999953, -41.019427023999981 ], [ -71.817570513999954, -41.019843428999934 ], [ -71.817302824999956, -41.020289577999961 ], [ -71.817183851999971, -41.020646496999973 ], [ -71.81672271399998, -41.020953134999957 ], [ -71.816418142999964, -41.021067348999964 ], [ -71.816132606999986, -41.021181562999971 ], [ -71.815942249999978, -41.021238670999935 ], [ -71.815656714999989, -41.021409991999974 ], [ -71.815504429999976, -41.02154324199995 ], [ -71.815352143999974, -41.021733597999969 ], [ -71.815161786999965, -41.021771669999964 ], [ -71.815009501999953, -41.021771669999964 ], [ -71.814704930999937, -41.021714562999932 ], [ -71.814667128999986, -41.021689361999961 ], [ -71.81447650299998, -41.02156227699993 ], [ -71.814267109999946, -41.021409991999974 ], [ -71.813924467999982, -41.021314812999947 ], [ -71.81377218199998, -41.021276741999941 ], [ -71.813429136999957, -41.02118646699995 ], [ -71.813410503999933, -41.021181562999971 ], [ -71.81314400399998, -41.021105420999959 ], [ -71.812782325999933, -41.021105420999959 ], [ -71.812382576999937, -41.021067348999964 ], [ -71.812078005999979, -41.021067348999964 ], [ -71.812024121999968, -41.021059651999963 ], [ -71.81181150599997, -41.021029277999958 ], [ -71.811335613999972, -41.020953134999957 ], [ -71.811084993999941, -41.020852886999933 ], [ -71.811074502999986, -41.020848690999969 ], [ -71.810954899999956, -41.020800849999944 ], [ -71.810593221999966, -41.020667599999967 ], [ -71.810468767999964, -41.02063130099998 ], [ -71.810136365999938, -41.020534349999934 ], [ -71.809546258999944, -41.020305921999977 ], [ -71.809013259999972, -41.020077493999963 ], [ -71.808400637999966, -41.019971015999943 ], [ -71.808029441999963, -41.019909149999933 ], [ -71.806081763999941, -41.019715815999973 ], [ -71.805586835999975, -41.019696779999947 ], [ -71.805187086999979, -41.019658707999952 ], [ -71.804806372999963, -41.019620636999946 ], [ -71.804444694999972, -41.019620636999946 ], [ -71.804102052999951, -41.019601600999977 ], [ -71.803835552999942, -41.019563529999971 ], [ -71.803511945999958, -41.019525458999965 ], [ -71.803036053999961, -41.019468351999933 ], [ -71.802807625999947, -41.019354136999937 ], [ -71.802445947999956, -41.019201851999981 ], [ -71.802198483999973, -41.019106672999953 ], [ -71.80197005499997, -41.019011494999972 ], [ -71.801646448999975, -41.018802101999938 ], [ -71.801398984999935, -41.018630780999956 ], [ -71.801170556999978, -41.018440423999948 ], [ -71.800923092999938, -41.018269102999966 ], [ -71.800694663999934, -41.018116817999953 ], [ -71.800504306999983, -41.017964531999951 ], [ -71.800256843999989, -41.017717067999968 ], [ -71.79999034399998, -41.01750767599998 ], [ -71.799780950999946, -41.017336354999941 ], [ -71.799590593999937, -41.017184068999939 ], [ -71.799457344999951, -41.017088890999958 ], [ -71.799324094999974, -41.016974675999961 ], [ -71.799133737999966, -41.016860461999954 ], [ -71.799000487999933, -41.016689140999972 ], [ -71.79878606799997, -41.016518259999941 ], [ -71.798543362999965, -41.016368353999951 ], [ -71.79830779599996, -41.016236293999953 ], [ -71.798048703999939, -41.016156141999943 ], [ -71.797877382999957, -41.016137105999974 ], [ -71.797591846999978, -41.016118069999948 ], [ -71.797344382999938, -41.016079998999942 ], [ -71.797001740999974, -41.016060962999973 ], [ -71.796716205999985, -41.016041927999936 ], [ -71.796506812999951, -41.015965784999935 ], [ -71.796221277999962, -41.015794463999953 ], [ -71.796126098999935, -41.015699284999982 ], [ -71.795992848999958, -41.015547 ], [ -71.795821527999976, -41.015375678999931 ], [ -71.795707313999969, -41.015242428999954 ], [ -71.795574063999936, -41.015071107999972 ], [ -71.79542177899998, -41.014937857999939 ], [ -71.795364671999948, -41.014861714999938 ], [ -71.795136242999945, -41.014785571999937 ], [ -71.794964921999963, -41.014709429999982 ], [ -71.79471745799998, -41.014633286999981 ], [ -71.794546136999941, -41.014538107999954 ], [ -71.79418445899995, -41.014404858999967 ], [ -71.793727602999979, -41.014233536999939 ], [ -71.793423031999964, -41.014195465999933 ], [ -71.793175567999981, -41.014138358999958 ], [ -71.792870996999966, -41.014024144999951 ], [ -71.792737746999933, -41.013967037999976 ], [ -71.792566425999951, -41.013871858999948 ], [ -71.792357032999973, -41.013833787999943 ], [ -71.792052461999958, -41.013795716999937 ], [ -71.791709819999937, -41.013776680999968 ], [ -71.791481390999934, -41.013738608999972 ], [ -71.791233926999951, -41.013643430999934 ], [ -71.79087224899996, -41.013529216999984 ], [ -71.790624784999977, -41.013491145999978 ], [ -71.790396356999963, -41.013434037999957 ], [ -71.789977571999941, -41.013434037999957 ], [ -71.789768178999964, -41.013434037999957 ], [ -71.789463607999949, -41.013548252999954 ], [ -71.789120965999984, -41.01368150199994 ], [ -71.788854465999975, -41.013795716999937 ], [ -71.78853085999998, -41.013890894999975 ], [ -71.788169181999933, -41.013967037999976 ], [ -71.787693288999947, -41.013967037999976 ], [ -71.787255468999945, -41.013967037999976 ], [ -71.786969932999966, -41.013986072999955 ], [ -71.78657018399997, -41.014024144999951 ], [ -71.786246576999986, -41.014081251999983 ], [ -71.785656470999982, -41.014214501999959 ], [ -71.785351899999966, -41.014214501999959 ], [ -71.785085399999957, -41.014176429999964 ], [ -71.784799864999968, -41.014176429999964 ], [ -71.784400114999983, -41.014214501999959 ], [ -71.784095543999968, -41.014290643999971 ], [ -71.783486401999937, -41.014366786999972 ], [ -71.782763045999957, -41.014423893999947 ], [ -71.782268117999934, -41.014461965999942 ], [ -71.781678011999986, -41.014461965999942 ], [ -71.781068869999956, -41.014404858999967 ], [ -71.780554905999963, -41.014366786999972 ], [ -71.779926728999953, -41.014385822999941 ], [ -71.779298550999954, -41.014347750999946 ], [ -71.778917836999938, -41.014290643999971 ], [ -71.778689408999981, -41.014233536999939 ], [ -71.778460980999967, -41.014138358999958 ], [ -71.778213516999983, -41.013986072999955 ], [ -71.777947016999974, -41.013833787999943 ], [ -71.777737624999986, -41.013795716999937 ], [ -71.777394981999976, -41.01368150199994 ], [ -71.777109446999987, -41.013567287999933 ], [ -71.776938125999948, -41.013453073999983 ], [ -71.77674776899994, -41.013186574999963 ], [ -71.776690661999965, -41.012920074999954 ], [ -71.776690661999965, -41.012748753999972 ], [ -71.776690661999965, -41.012577431999944 ], [ -71.776633554999933, -41.012368039999956 ], [ -71.776538375999962, -41.012158646999978 ], [ -71.776386090999949, -41.011930218999964 ], [ -71.776195733999941, -41.011835040999983 ], [ -71.775986340999964, -41.011758897999982 ], [ -71.775815019999982, -41.011663718999955 ], [ -71.775605627999937, -41.011549504999948 ], [ -71.775491412999941, -41.011416255999961 ], [ -71.775415270999986, -41.011244933999933 ], [ -71.775377198999934, -41.011168791999978 ], [ -71.775186841999982, -41.011035541999945 ], [ -71.775034556999969, -41.011035541999945 ], [ -71.774882270999967, -41.011035541999945 ], [ -71.774691913999959, -41.011016505999976 ], [ -71.774577699999952, -41.010940362999975 ], [ -71.774482521999971, -41.010902291999969 ], [ -71.774425414999939, -41.01073097099993 ], [ -71.774387342999944, -41.010540613999979 ], [ -71.774368307999964, -41.01035025699997 ], [ -71.774216021999962, -41.010159899999962 ], [ -71.774082771999986, -41.00998857899998 ], [ -71.773691483999983, -41.00990552899998 ], [ -71.773359415999948, -41.009912435999979 ], [ -71.772940630999983, -41.009912435999979 ], [ -71.772540881999987, -41.01010279299993 ], [ -71.772236310999972, -41.010255078999933 ], [ -71.771722346999979, -41.010597720999954 ], [ -71.771512954999935, -41.010769041999936 ], [ -71.771322597999983, -41.010959398999944 ], [ -71.771056097999974, -41.011187826999958 ], [ -71.770675383999958, -41.011416255999961 ], [ -71.770561169999951, -41.011454326999967 ], [ -71.770218527999987, -41.011530469999968 ], [ -71.769780706999939, -41.01134011299996 ], [ -71.769666492999988, -41.011244933999933 ], [ -71.769380957999942, -41.011111684999946 ], [ -71.768847957999981, -41.010959398999944 ], [ -71.768429172999959, -41.010921327999938 ], [ -71.768067494999968, -41.010902291999969 ], [ -71.767762923999953, -41.010902291999969 ], [ -71.767420281999989, -41.010864220999963 ], [ -71.767134745999954, -41.010864220999963 ], [ -71.767037007999988, -41.010840977999976 ], [ -71.766773067999964, -41.010845184999937 ], [ -71.766411389999973, -41.010845184999937 ], [ -71.766125854999984, -41.010807113999931 ], [ -71.765821283999969, -41.010807113999931 ], [ -71.765497676999985, -41.010807113999931 ], [ -71.765212141999939, -41.010845184999937 ], [ -71.764698177999946, -41.010959398999944 ], [ -71.764393606999988, -41.011035541999945 ], [ -71.763993857999935, -41.011073612999951 ], [ -71.763765429999978, -41.011092648999977 ], [ -71.763156287999948, -41.011244933999933 ], [ -71.762661359999981, -41.01135914799994 ], [ -71.762280645999965, -41.011473362999936 ], [ -71.761690539999961, -41.011568540999974 ], [ -71.761385968999946, -41.011568540999974 ], [ -71.760910075999959, -41.011568540999974 ], [ -71.760567433999938, -41.011568540999974 ], [ -71.760034434999966, -41.01160661199998 ], [ -71.75965372099995, -41.011663718999955 ], [ -71.759501434999947, -41.01170179099995 ], [ -71.758816150999962, -41.011854075999963 ], [ -71.758435436999946, -41.012082504999967 ], [ -71.75830218699997, -41.012158646999978 ], [ -71.75794050899998, -41.012253825999949 ], [ -71.75767400899997, -41.012291896999955 ], [ -71.757369437999955, -41.012368039999956 ], [ -71.756874509999989, -41.012501289999932 ], [ -71.756588974999943, -41.012577431999944 ], [ -71.756189225999947, -41.012882003999948 ], [ -71.755884654999988, -41.012996217999955 ], [ -71.755427797999971, -41.013148502999968 ], [ -71.755237440999963, -41.013262716999975 ], [ -71.754837691999967, -41.013472109999952 ], [ -71.754514084999983, -41.013643430999934 ], [ -71.754450962999954, -41.013713054999982 ], [ -71.753896864999945, -41.013964888999965 ], [ -71.753648468999984, -41.01406536099995 ], [ -71.752962779999962, -41.014225801999942 ], [ -71.752523425999982, -41.014236302999961 ], [ -71.751963322999984, -41.014344219999941 ], [ -71.751523966999969, -41.014354716999947 ], [ -71.751081642999964, -41.014365282999961 ], [ -71.750836209999989, -41.014465677999965 ], [ -71.750463124999953, -41.014569120999965 ], [ -71.750023767999949, -41.014579611999977 ], [ -71.749642820999952, -41.014494173999935 ], [ -71.748722873999952, -41.014399305999973 ], [ -71.748318364999989, -41.014399305999973 ], [ -71.747913856999958, -41.014423100999977 ], [ -71.747318991999975, -41.014423100999977 ], [ -71.747009661999982, -41.014446895999981 ], [ -71.746700331999989, -41.014518279999947 ], [ -71.746367206999935, -41.014637252999933 ], [ -71.746081671999946, -41.014756225999975 ], [ -71.745724752999934, -41.014803814999937 ], [ -71.745225065999989, -41.014922787999978 ], [ -71.744987119999962, -41.014994171999945 ], [ -71.74463020099995, -41.014994171999945 ], [ -71.744416048999938, -41.014994171999945 ], [ -71.744331952999971, -41.015019869999946 ], [ -71.743995444999939, -41.015227392999975 ], [ -71.743606402999944, -41.015412990999948 ], [ -71.743174530999966, -41.015637849999962 ], [ -71.742903271999978, -41.015894831999958 ], [ -71.742655247999949, -41.016136312999947 ], [ -71.742488685999945, -41.016421847999936 ], [ -71.74236971299996, -41.016707383999972 ], [ -71.741965203999939, -41.01704050799998 ], [ -71.74167966899995, -41.017111891999946 ], [ -71.741394133999961, -41.01713568699995 ], [ -71.74075167899997, -41.017302248999954 ], [ -71.740347170999939, -41.017373632999977 ], [ -71.739703789999965, -41.017450106999945 ], [ -71.739025642999934, -41.017432260999954 ], [ -71.73858636999995, -41.017445016999943 ], [ -71.738229450999938, -41.017445016999943 ], [ -71.737824941999975, -41.017445016999943 ], [ -71.737349049999978, -41.017445016999943 ], [ -71.736992130999965, -41.017492605999962 ] ], [ [ -71.543130610999981, -41.014643370999977 ], [ -71.54308778099994, -41.014514879999979 ], [ -71.543016396999974, -41.014486326999929 ], [ -71.542830798999944, -41.01452915699997 ], [ -71.542645200999971, -41.014629093999929 ], [ -71.542631943999936, -41.014628074999962 ], [ -71.542465829999969, -41.014615296999978 ], [ -71.54242960299996, -41.014599817999965 ], [ -71.542409427999985, -41.014589729999955 ], [ -71.54244218499997, -41.014446282999984 ], [ -71.542530986999964, -41.014229344999933 ], [ -71.542702307999946, -41.014086576999944 ], [ -71.542916459999958, -41.014000916999976 ], [ -71.54308778099994, -41.013958085999946 ], [ -71.54323054799994, -41.013915255999962 ], [ -71.543325064999976, -41.013913600999956 ], [ -71.543315198999949, -41.013657222999939 ], [ -71.543303082999955, -41.013342372999944 ], [ -71.54336415399996, -41.012998895999942 ], [ -71.543687404999957, -41.012658900999952 ], [ -71.543944386999954, -41.01248757999997 ], [ -71.544244198999934, -41.012330534999933 ], [ -71.544544010999971, -41.012273427999958 ], [ -71.544715331999953, -41.012330534999933 ], [ -71.544715331999953, -41.01248757999997 ], [ -71.544643947999987, -41.012658900999952 ], [ -71.544573323999941, -41.012711868999929 ], [ -71.544472626999948, -41.01278739199995 ], [ -71.544370923999963, -41.012881270999969 ], [ -71.544368273999964, -41.012883717999955 ], [ -71.544287028999975, -41.012958712999932 ], [ -71.544187091999959, -41.013172863999955 ], [ -71.544172814999968, -41.013458399999934 ], [ -71.544329858999959, -41.013601166999933 ], [ -71.544515456999989, -41.01374393499998 ], [ -71.544525202999978, -41.013776420999932 ], [ -71.544550838999953, -41.013861874999975 ], [ -71.544558287999962, -41.013886702999969 ], [ -71.544558287999962, -41.013943809999944 ], [ -71.544558287999962, -41.014058023999951 ], [ -71.544558287999962, -41.014200790999951 ], [ -71.544501180999987, -41.01434355899994 ], [ -71.544483502999981, -41.014426053999955 ], [ -71.544458349999957, -41.014543433999961 ], [ -71.544429796999964, -41.014629093999929 ], [ -71.544378346999963, -41.01468054399993 ], [ -71.544294976999936, -41.014694271999929 ], [ -71.544172814999968, -41.014643370999977 ], [ -71.544058600999961, -41.014514879999979 ], [ -71.543995914999982, -41.014514879999979 ], [ -71.54390155599998, -41.014514879999979 ], [ -71.543728675999944, -41.014594670999941 ], [ -71.54371595799995, -41.014600540999936 ], [ -71.543601743999943, -41.014729031999934 ], [ -71.543501806999984, -41.014814691999959 ], [ -71.543330485999945, -41.01482896899995 ], [ -71.543159164999963, -41.014814691999959 ], [ -71.543130788999974, -41.014715376999959 ], [ -71.543130610999981, -41.014714754999943 ], [ -71.543130610999981, -41.014643370999977 ] ], [ [ -71.550354654999978, -41.007033854999975 ], [ -71.55052597599996, -41.006833979999953 ], [ -71.550825787999941, -41.006833979999953 ], [ -71.551139876999969, -41.007033854999975 ], [ -71.551182706999953, -41.007248005999941 ], [ -71.551068492999946, -41.007504987999937 ], [ -71.551038010999946, -41.007521125999972 ], [ -71.550825787999941, -41.007633478999935 ], [ -71.550617233999958, -41.007775674999948 ], [ -71.550511698999969, -41.007847630999947 ], [ -71.550354654999978, -41.008104611999954 ], [ -71.550273183999934, -41.008303943999977 ], [ -71.550058657999955, -41.008596800999953 ], [ -71.549877500999969, -41.00883039699994 ], [ -71.549613272999977, -41.008836244999941 ], [ -71.549573135999935, -41.00872008999994 ], [ -71.549599913999941, -41.00848991099997 ], [ -71.549740394999958, -41.008203195999954 ], [ -71.549884170999974, -41.008001938999939 ], [ -71.549874106999937, -41.007741063999958 ], [ -71.550087763999954, -41.007425717999979 ], [ -71.550261979999959, -41.007169923999982 ], [ -71.550354654999978, -41.007033854999975 ] ], [ [ -71.703156876999969, -41.027923345999966 ], [ -71.703085493999936, -41.027951899999948 ], [ -71.702937966999968, -41.027951899999948 ], [ -71.702771404999964, -41.027932863999979 ], [ -71.702661949999936, -41.027894792999973 ], [ -71.702566770999965, -41.027894792999973 ], [ -71.702457315999936, -41.027923345999966 ], [ -71.70238593199997, -41.027961417999961 ], [ -71.702305029999934, -41.027994729999932 ], [ -71.702209851999953, -41.028127979999965 ], [ -71.702114673999972, -41.028213639999933 ], [ -71.701867209999989, -41.028280264999978 ], [ -71.701767271999984, -41.028280264999978 ], [ -71.701643539999964, -41.028261229999941 ], [ -71.701534084999935, -41.028232675999959 ], [ -71.701443665999989, -41.028194604999953 ], [ -71.70139607599998, -41.028099425999983 ], [ -71.701381799999979, -41.027980452999941 ], [ -71.70133420999997, -41.027894792999973 ], [ -71.701234272999955, -41.027809131999959 ], [ -71.701181924999958, -41.02772822999998 ], [ -71.70121047799995, -41.027590221999958 ], [ -71.701315174999934, -41.027499801999966 ], [ -71.701443665999989, -41.027442694999934 ], [ -71.701567397999952, -41.027442694999934 ], [ -71.701743477999969, -41.027466489999938 ], [ -71.701929075999942, -41.027509319999979 ], [ -71.702205092999975, -41.027675881999983 ], [ -71.702233646999957, -41.027732988999958 ], [ -71.702290753999989, -41.027732988999958 ], [ -71.702343101999986, -41.02769967699993 ], [ -71.702314547999947, -41.027633051999942 ], [ -71.702328824999938, -41.027566426999954 ], [ -71.702357378999977, -41.027471248999973 ], [ -71.702438279999967, -41.027404623999985 ], [ -71.702576288999978, -41.027347516999953 ], [ -71.70268574399995, -41.027347516999953 ], [ -71.702838029999953, -41.027347516999953 ], [ -71.702985555999987, -41.027361792999955 ], [ -71.703099769999938, -41.027452212999947 ], [ -71.703166394999982, -41.02752359699997 ], [ -71.703261573999953, -41.027647328999933 ], [ -71.703299644999959, -41.027747265999949 ], [ -71.703275850999944, -41.027856720999978 ], [ -71.703156876999969, -41.027923345999966 ] ] ] } }
]
}
